filepath,label,split
Images/Test/apple_6/r0_103.jpg,apple_6,train
Images/Test/apple_6/r0_107.jpg,apple_6,train
Images/Test/apple_6/r0_11.jpg,apple_6,train
Images/Test/apple_6/r0_111.jpg,apple_6,train
Images/Test/apple_6/r0_115.jpg,apple_6,train
Images/Test/apple_6/r0_119.jpg,apple_6,train
Images/Test/apple_6/r0_123.jpg,apple_6,train
Images/Test/apple_6/r0_127.jpg,apple_6,train
Images/Test/apple_6/r0_131.jpg,apple_6,train
Images/Test/apple_6/r0_135.jpg,apple_6,train
Images/Test/apple_6/r0_139.jpg,apple_6,train
Images/Test/apple_6/r0_143.jpg,apple_6,train
Images/Test/apple_6/r0_147.jpg,apple_6,train
Images/Test/apple_6/r0_15.jpg,apple_6,train
Images/Test/apple_6/r0_151.jpg,apple_6,train
Images/Test/apple_6/r0_155.jpg,apple_6,train
Images/Test/apple_6/r0_159.jpg,apple_6,train
Images/Test/apple_6/r0_163.jpg,apple_6,train
Images/Test/apple_6/r0_167.jpg,apple_6,train
Images/Test/apple_6/r0_171.jpg,apple_6,train
Images/Test/apple_6/r0_175.jpg,apple_6,train
Images/Test/apple_6/r0_179.jpg,apple_6,train
Images/Test/apple_6/r0_183.jpg,apple_6,train
Images/Test/apple_6/r0_187.jpg,apple_6,train
Images/Test/apple_6/r0_19.jpg,apple_6,train
Images/Test/apple_6/r0_191.jpg,apple_6,train
Images/Test/apple_6/r0_195.jpg,apple_6,train
Images/Test/apple_6/r0_199.jpg,apple_6,train
Images/Test/apple_6/r0_203.jpg,apple_6,train
Images/Test/apple_6/r0_207.jpg,apple_6,train
Images/Test/apple_6/r0_211.jpg,apple_6,train
Images/Test/apple_6/r0_215.jpg,apple_6,train
Images/Test/apple_6/r0_219.jpg,apple_6,train
Images/Test/apple_6/r0_223.jpg,apple_6,val
Images/Test/apple_6/r0_227.jpg,apple_6,val
Images/Test/apple_6/r0_23.jpg,apple_6,train
Images/Test/apple_6/r0_231.jpg,apple_6,val
Images/Test/apple_6/r0_235.jpg,apple_6,val
Images/Test/apple_6/r0_239.jpg,apple_6,val
Images/Test/apple_6/r0_243.jpg,apple_6,val
Images/Test/apple_6/r0_247.jpg,apple_6,val
Images/Test/apple_6/r0_251.jpg,apple_6,val
Images/Test/apple_6/r0_255.jpg,apple_6,val
Images/Test/apple_6/r0_259.jpg,apple_6,val
Images/Test/apple_6/r0_263.jpg,apple_6,val
Images/Test/apple_6/r0_267.jpg,apple_6,val
Images/Test/apple_6/r0_27.jpg,apple_6,train
Images/Test/apple_6/r0_271.jpg,apple_6,test
Images/Test/apple_6/r0_275.jpg,apple_6,test
Images/Test/apple_6/r0_279.jpg,apple_6,test
Images/Test/apple_6/r0_283.jpg,apple_6,test
Images/Test/apple_6/r0_287.jpg,apple_6,test
Images/Test/apple_6/r0_291.jpg,apple_6,test
Images/Test/apple_6/r0_295.jpg,apple_6,test
Images/Test/apple_6/r0_299.jpg,apple_6,test
Images/Test/apple_6/r0_3.jpg,apple_6,train
Images/Test/apple_6/r0_303.jpg,apple_6,test
Images/Test/apple_6/r0_307.jpg,apple_6,test
Images/Test/apple_6/r0_31.jpg,apple_6,train
Images/Test/apple_6/r0_311.jpg,apple_6,test
Images/Test/apple_6/r0_315.jpg,apple_6,test
Images/Test/apple_6/r0_35.jpg,apple_6,train
Images/Test/apple_6/r0_39.jpg,apple_6,train
Images/Test/apple_6/r0_43.jpg,apple_6,train
Images/Test/apple_6/r0_47.jpg,apple_6,train
Images/Test/apple_6/r0_51.jpg,apple_6,train
Images/Test/apple_6/r0_55.jpg,apple_6,train
Images/Test/apple_6/r0_59.jpg,apple_6,train
Images/Test/apple_6/r0_63.jpg,apple_6,train
Images/Test/apple_6/r0_67.jpg,apple_6,train
Images/Test/apple_6/r0_7.jpg,apple_6,train
Images/Test/apple_6/r0_71.jpg,apple_6,train
Images/Test/apple_6/r0_75.jpg,apple_6,train
Images/Test/apple_6/r0_79.jpg,apple_6,train
Images/Test/apple_6/r0_83.jpg,apple_6,train
Images/Test/apple_6/r0_87.jpg,apple_6,train
Images/Test/apple_6/r0_91.jpg,apple_6,train
Images/Test/apple_6/r0_95.jpg,apple_6,train
Images/Test/apple_6/r0_99.jpg,apple_6,train
Images/Test/apple_6/r1_103.jpg,apple_6,train
Images/Test/apple_6/r1_107.jpg,apple_6,train
Images/Test/apple_6/r1_11.jpg,apple_6,train
Images/Test/apple_6/r1_111.jpg,apple_6,train
Images/Test/apple_6/r1_115.jpg,apple_6,train
Images/Test/apple_6/r1_119.jpg,apple_6,train
Images/Test/apple_6/r1_123.jpg,apple_6,train
Images/Test/apple_6/r1_127.jpg,apple_6,train
Images/Test/apple_6/r1_131.jpg,apple_6,train
Images/Test/apple_6/r1_135.jpg,apple_6,train
Images/Test/apple_6/r1_139.jpg,apple_6,train
Images/Test/apple_6/r1_143.jpg,apple_6,train
Images/Test/apple_6/r1_147.jpg,apple_6,train
Images/Test/apple_6/r1_15.jpg,apple_6,train
Images/Test/apple_6/r1_151.jpg,apple_6,train
Images/Test/apple_6/r1_155.jpg,apple_6,train
Images/Test/apple_6/r1_159.jpg,apple_6,train
Images/Test/apple_6/r1_163.jpg,apple_6,train
Images/Test/apple_6/r1_167.jpg,apple_6,train
Images/Test/apple_6/r1_171.jpg,apple_6,train
Images/Test/apple_6/r1_175.jpg,apple_6,train
Images/Test/apple_6/r1_179.jpg,apple_6,train
Images/Test/apple_6/r1_183.jpg,apple_6,train
Images/Test/apple_6/r1_187.jpg,apple_6,train
Images/Test/apple_6/r1_19.jpg,apple_6,train
Images/Test/apple_6/r1_191.jpg,apple_6,train
Images/Test/apple_6/r1_195.jpg,apple_6,train
Images/Test/apple_6/r1_199.jpg,apple_6,train
Images/Test/apple_6/r1_203.jpg,apple_6,train
Images/Test/apple_6/r1_207.jpg,apple_6,train
Images/Test/apple_6/r1_211.jpg,apple_6,train
Images/Test/apple_6/r1_215.jpg,apple_6,train
Images/Test/apple_6/r1_219.jpg,apple_6,val
Images/Test/apple_6/r1_223.jpg,apple_6,val
Images/Test/apple_6/r1_227.jpg,apple_6,val
Images/Test/apple_6/r1_23.jpg,apple_6,train
Images/Test/apple_6/r1_231.jpg,apple_6,val
Images/Test/apple_6/r1_235.jpg,apple_6,val
Images/Test/apple_6/r1_239.jpg,apple_6,val
Images/Test/apple_6/r1_243.jpg,apple_6,val
Images/Test/apple_6/r1_247.jpg,apple_6,val
Images/Test/apple_6/r1_251.jpg,apple_6,val
Images/Test/apple_6/r1_255.jpg,apple_6,val
Images/Test/apple_6/r1_259.jpg,apple_6,val
Images/Test/apple_6/r1_263.jpg,apple_6,val
Images/Test/apple_6/r1_267.jpg,apple_6,test
Images/Test/apple_6/r1_27.jpg,apple_6,train
Images/Test/apple_6/r1_271.jpg,apple_6,test
Images/Test/apple_6/r1_275.jpg,apple_6,test
Images/Test/apple_6/r1_279.jpg,apple_6,test
Images/Test/apple_6/r1_283.jpg,apple_6,test
Images/Test/apple_6/r1_287.jpg,apple_6,test
Images/Test/apple_6/r1_291.jpg,apple_6,test
Images/Test/apple_6/r1_295.jpg,apple_6,test
Images/Test/apple_6/r1_299.jpg,apple_6,test
Images/Test/apple_6/r1_3.jpg,apple_6,train
Images/Test/apple_6/r1_303.jpg,apple_6,test
Images/Test/apple_6/r1_307.jpg,apple_6,test
Images/Test/apple_6/r1_31.jpg,apple_6,train
Images/Test/apple_6/r1_311.jpg,apple_6,test
Images/Test/apple_6/r1_35.jpg,apple_6,train
Images/Test/apple_6/r1_39.jpg,apple_6,train
Images/Test/apple_6/r1_43.jpg,apple_6,train
Images/Test/apple_6/r1_47.jpg,apple_6,train
Images/Test/apple_6/r1_51.jpg,apple_6,train
Images/Test/apple_6/r1_55.jpg,apple_6,train
Images/Test/apple_6/r1_59.jpg,apple_6,train
Images/Test/apple_6/r1_63.jpg,apple_6,train
Images/Test/apple_6/r1_67.jpg,apple_6,train
Images/Test/apple_6/r1_7.jpg,apple_6,train
Images/Test/apple_6/r1_71.jpg,apple_6,train
Images/Test/apple_6/r1_75.jpg,apple_6,train
Images/Test/apple_6/r1_79.jpg,apple_6,train
Images/Test/apple_6/r1_83.jpg,apple_6,train
Images/Test/apple_6/r1_87.jpg,apple_6,train
Images/Test/apple_6/r1_91.jpg,apple_6,train
Images/Test/apple_6/r1_95.jpg,apple_6,train
Images/Test/apple_6/r1_99.jpg,apple_6,train
Images/Test/apple_braeburn_1/r0_103.jpg,apple_braeburn_1,train
Images/Test/apple_braeburn_1/r0_107.jpg,apple_braeburn_1,train
Images/Test/apple_braeburn_1/r0_11.jpg,apple_braeburn_1,train
Images/Test/apple_braeburn_1/r0_111.jpg,apple_braeburn_1,train
Images/Test/apple_braeburn_1/r0_115.jpg,apple_braeburn_1,train
Images/Test/apple_braeburn_1/r0_119.jpg,apple_braeburn_1,train
Images/Test/apple_braeburn_1/r0_123.jpg,apple_braeburn_1,train
Images/Test/apple_braeburn_1/r0_127.jpg,apple_braeburn_1,train
Images/Test/apple_braeburn_1/r0_131.jpg,apple_braeburn_1,train
Images/Test/apple_braeburn_1/r0_135.jpg,apple_braeburn_1,train
Images/Test/apple_braeburn_1/r0_139.jpg,apple_braeburn_1,train
Images/Test/apple_braeburn_1/r0_143.jpg,apple_braeburn_1,train
Images/Test/apple_braeburn_1/r0_147.jpg,apple_braeburn_1,train
Images/Test/apple_braeburn_1/r0_15.jpg,apple_braeburn_1,train
Images/Test/apple_braeburn_1/r0_151.jpg,apple_braeburn_1,train
Images/Test/apple_braeburn_1/r0_155.jpg,apple_braeburn_1,train
Images/Test/apple_braeburn_1/r0_159.jpg,apple_braeburn_1,train
Images/Test/apple_braeburn_1/r0_163.jpg,apple_braeburn_1,train
Images/Test/apple_braeburn_1/r0_167.jpg,apple_braeburn_1,train
Images/Test/apple_braeburn_1/r0_171.jpg,apple_braeburn_1,train
Images/Test/apple_braeburn_1/r0_175.jpg,apple_braeburn_1,train
Images/Test/apple_braeburn_1/r0_179.jpg,apple_braeburn_1,train
Images/Test/apple_braeburn_1/r0_183.jpg,apple_braeburn_1,train
Images/Test/apple_braeburn_1/r0_187.jpg,apple_braeburn_1,train
Images/Test/apple_braeburn_1/r0_19.jpg,apple_braeburn_1,train
Images/Test/apple_braeburn_1/r0_191.jpg,apple_braeburn_1,train
Images/Test/apple_braeburn_1/r0_195.jpg,apple_braeburn_1,train
Images/Test/apple_braeburn_1/r0_199.jpg,apple_braeburn_1,train
Images/Test/apple_braeburn_1/r0_203.jpg,apple_braeburn_1,train
Images/Test/apple_braeburn_1/r0_207.jpg,apple_braeburn_1,train
Images/Test/apple_braeburn_1/r0_211.jpg,apple_braeburn_1,train
Images/Test/apple_braeburn_1/r0_215.jpg,apple_braeburn_1,train
Images/Test/apple_braeburn_1/r0_219.jpg,apple_braeburn_1,train
Images/Test/apple_braeburn_1/r0_223.jpg,apple_braeburn_1,train
Images/Test/apple_braeburn_1/r0_227.jpg,apple_braeburn_1,val
Images/Test/apple_braeburn_1/r0_23.jpg,apple_braeburn_1,train
Images/Test/apple_braeburn_1/r0_231.jpg,apple_braeburn_1,val
Images/Test/apple_braeburn_1/r0_235.jpg,apple_braeburn_1,val
Images/Test/apple_braeburn_1/r0_239.jpg,apple_braeburn_1,val
Images/Test/apple_braeburn_1/r0_243.jpg,apple_braeburn_1,val
Images/Test/apple_braeburn_1/r0_247.jpg,apple_braeburn_1,val
Images/Test/apple_braeburn_1/r0_251.jpg,apple_braeburn_1,val
Images/Test/apple_braeburn_1/r0_255.jpg,apple_braeburn_1,val
Images/Test/apple_braeburn_1/r0_259.jpg,apple_braeburn_1,val
Images/Test/apple_braeburn_1/r0_263.jpg,apple_braeburn_1,val
Images/Test/apple_braeburn_1/r0_267.jpg,apple_braeburn_1,val
Images/Test/apple_braeburn_1/r0_27.jpg,apple_braeburn_1,train
Images/Test/apple_braeburn_1/r0_271.jpg,apple_braeburn_1,val
Images/Test/apple_braeburn_1/r0_275.jpg,apple_braeburn_1,test
Images/Test/apple_braeburn_1/r0_279.jpg,apple_braeburn_1,test
Images/Test/apple_braeburn_1/r0_283.jpg,apple_braeburn_1,test
Images/Test/apple_braeburn_1/r0_287.jpg,apple_braeburn_1,test
Images/Test/apple_braeburn_1/r0_291.jpg,apple_braeburn_1,test
Images/Test/apple_braeburn_1/r0_295.jpg,apple_braeburn_1,test
Images/Test/apple_braeburn_1/r0_299.jpg,apple_braeburn_1,test
Images/Test/apple_braeburn_1/r0_3.jpg,apple_braeburn_1,train
Images/Test/apple_braeburn_1/r0_303.jpg,apple_braeburn_1,test
Images/Test/apple_braeburn_1/r0_307.jpg,apple_braeburn_1,test
Images/Test/apple_braeburn_1/r0_31.jpg,apple_braeburn_1,train
Images/Test/apple_braeburn_1/r0_311.jpg,apple_braeburn_1,test
Images/Test/apple_braeburn_1/r0_315.jpg,apple_braeburn_1,test
Images/Test/apple_braeburn_1/r0_319.jpg,apple_braeburn_1,test
Images/Test/apple_braeburn_1/r0_35.jpg,apple_braeburn_1,train
Images/Test/apple_braeburn_1/r0_39.jpg,apple_braeburn_1,train
Images/Test/apple_braeburn_1/r0_43.jpg,apple_braeburn_1,train
Images/Test/apple_braeburn_1/r0_47.jpg,apple_braeburn_1,train
Images/Test/apple_braeburn_1/r0_51.jpg,apple_braeburn_1,train
Images/Test/apple_braeburn_1/r0_55.jpg,apple_braeburn_1,train
Images/Test/apple_braeburn_1/r0_59.jpg,apple_braeburn_1,train
Images/Test/apple_braeburn_1/r0_63.jpg,apple_braeburn_1,train
Images/Test/apple_braeburn_1/r0_67.jpg,apple_braeburn_1,train
Images/Test/apple_braeburn_1/r0_7.jpg,apple_braeburn_1,train
Images/Test/apple_braeburn_1/r0_71.jpg,apple_braeburn_1,train
Images/Test/apple_braeburn_1/r0_75.jpg,apple_braeburn_1,train
Images/Test/apple_braeburn_1/r0_79.jpg,apple_braeburn_1,train
Images/Test/apple_braeburn_1/r0_83.jpg,apple_braeburn_1,train
Images/Test/apple_braeburn_1/r0_87.jpg,apple_braeburn_1,train
Images/Test/apple_braeburn_1/r0_91.jpg,apple_braeburn_1,train
Images/Test/apple_braeburn_1/r0_95.jpg,apple_braeburn_1,train
Images/Test/apple_braeburn_1/r0_99.jpg,apple_braeburn_1,train
Images/Test/apple_braeburn_1/r1_103.jpg,apple_braeburn_1,train
Images/Test/apple_braeburn_1/r1_107.jpg,apple_braeburn_1,train
Images/Test/apple_braeburn_1/r1_11.jpg,apple_braeburn_1,train
Images/Test/apple_braeburn_1/r1_111.jpg,apple_braeburn_1,train
Images/Test/apple_braeburn_1/r1_115.jpg,apple_braeburn_1,train
Images/Test/apple_braeburn_1/r1_119.jpg,apple_braeburn_1,train
Images/Test/apple_braeburn_1/r1_123.jpg,apple_braeburn_1,train
Images/Test/apple_braeburn_1/r1_127.jpg,apple_braeburn_1,train
Images/Test/apple_braeburn_1/r1_131.jpg,apple_braeburn_1,train
Images/Test/apple_braeburn_1/r1_135.jpg,apple_braeburn_1,train
Images/Test/apple_braeburn_1/r1_139.jpg,apple_braeburn_1,train
Images/Test/apple_braeburn_1/r1_143.jpg,apple_braeburn_1,train
Images/Test/apple_braeburn_1/r1_147.jpg,apple_braeburn_1,train
Images/Test/apple_braeburn_1/r1_15.jpg,apple_braeburn_1,train
Images/Test/apple_braeburn_1/r1_151.jpg,apple_braeburn_1,train
Images/Test/apple_braeburn_1/r1_155.jpg,apple_braeburn_1,train
Images/Test/apple_braeburn_1/r1_159.jpg,apple_braeburn_1,train
Images/Test/apple_braeburn_1/r1_163.jpg,apple_braeburn_1,train
Images/Test/apple_braeburn_1/r1_167.jpg,apple_braeburn_1,train
Images/Test/apple_braeburn_1/r1_171.jpg,apple_braeburn_1,train
Images/Test/apple_braeburn_1/r1_175.jpg,apple_braeburn_1,train
Images/Test/apple_braeburn_1/r1_179.jpg,apple_braeburn_1,train
Images/Test/apple_braeburn_1/r1_183.jpg,apple_braeburn_1,train
Images/Test/apple_braeburn_1/r1_187.jpg,apple_braeburn_1,train
Images/Test/apple_braeburn_1/r1_19.jpg,apple_braeburn_1,train
Images/Test/apple_braeburn_1/r1_191.jpg,apple_braeburn_1,train
Images/Test/apple_braeburn_1/r1_195.jpg,apple_braeburn_1,train
Images/Test/apple_braeburn_1/r1_199.jpg,apple_braeburn_1,train
Images/Test/apple_braeburn_1/r1_203.jpg,apple_braeburn_1,train
Images/Test/apple_braeburn_1/r1_207.jpg,apple_braeburn_1,train
Images/Test/apple_braeburn_1/r1_211.jpg,apple_braeburn_1,train
Images/Test/apple_braeburn_1/r1_215.jpg,apple_braeburn_1,train
Images/Test/apple_braeburn_1/r1_219.jpg,apple_braeburn_1,train
Images/Test/apple_braeburn_1/r1_223.jpg,apple_braeburn_1,train
Images/Test/apple_braeburn_1/r1_227.jpg,apple_braeburn_1,val
Images/Test/apple_braeburn_1/r1_23.jpg,apple_braeburn_1,train
Images/Test/apple_braeburn_1/r1_231.jpg,apple_braeburn_1,val
Images/Test/apple_braeburn_1/r1_235.jpg,apple_braeburn_1,val
Images/Test/apple_braeburn_1/r1_239.jpg,apple_braeburn_1,val
Images/Test/apple_braeburn_1/r1_243.jpg,apple_braeburn_1,val
Images/Test/apple_braeburn_1/r1_247.jpg,apple_braeburn_1,val
Images/Test/apple_braeburn_1/r1_251.jpg,apple_braeburn_1,val
Images/Test/apple_braeburn_1/r1_255.jpg,apple_braeburn_1,val
Images/Test/apple_braeburn_1/r1_259.jpg,apple_braeburn_1,val
Images/Test/apple_braeburn_1/r1_263.jpg,apple_braeburn_1,val
Images/Test/apple_braeburn_1/r1_267.jpg,apple_braeburn_1,val
Images/Test/apple_braeburn_1/r1_27.jpg,apple_braeburn_1,train
Images/Test/apple_braeburn_1/r1_271.jpg,apple_braeburn_1,val
Images/Test/apple_braeburn_1/r1_275.jpg,apple_braeburn_1,test
Images/Test/apple_braeburn_1/r1_279.jpg,apple_braeburn_1,test
Images/Test/apple_braeburn_1/r1_283.jpg,apple_braeburn_1,test
Images/Test/apple_braeburn_1/r1_287.jpg,apple_braeburn_1,test
Images/Test/apple_braeburn_1/r1_291.jpg,apple_braeburn_1,test
Images/Test/apple_braeburn_1/r1_295.jpg,apple_braeburn_1,test
Images/Test/apple_braeburn_1/r1_299.jpg,apple_braeburn_1,test
Images/Test/apple_braeburn_1/r1_3.jpg,apple_braeburn_1,train
Images/Test/apple_braeburn_1/r1_303.jpg,apple_braeburn_1,test
Images/Test/apple_braeburn_1/r1_307.jpg,apple_braeburn_1,test
Images/Test/apple_braeburn_1/r1_31.jpg,apple_braeburn_1,train
Images/Test/apple_braeburn_1/r1_311.jpg,apple_braeburn_1,test
Images/Test/apple_braeburn_1/r1_315.jpg,apple_braeburn_1,test
Images/Test/apple_braeburn_1/r1_319.jpg,apple_braeburn_1,test
Images/Test/apple_braeburn_1/r1_35.jpg,apple_braeburn_1,train
Images/Test/apple_braeburn_1/r1_39.jpg,apple_braeburn_1,train
Images/Test/apple_braeburn_1/r1_43.jpg,apple_braeburn_1,train
Images/Test/apple_braeburn_1/r1_47.jpg,apple_braeburn_1,train
Images/Test/apple_braeburn_1/r1_51.jpg,apple_braeburn_1,train
Images/Test/apple_braeburn_1/r1_55.jpg,apple_braeburn_1,train
Images/Test/apple_braeburn_1/r1_59.jpg,apple_braeburn_1,train
Images/Test/apple_braeburn_1/r1_63.jpg,apple_braeburn_1,train
Images/Test/apple_braeburn_1/r1_67.jpg,apple_braeburn_1,train
Images/Test/apple_braeburn_1/r1_7.jpg,apple_braeburn_1,train
Images/Test/apple_braeburn_1/r1_71.jpg,apple_braeburn_1,train
Images/Test/apple_braeburn_1/r1_75.jpg,apple_braeburn_1,train
Images/Test/apple_braeburn_1/r1_79.jpg,apple_braeburn_1,train
Images/Test/apple_braeburn_1/r1_83.jpg,apple_braeburn_1,train
Images/Test/apple_braeburn_1/r1_87.jpg,apple_braeburn_1,train
Images/Test/apple_braeburn_1/r1_91.jpg,apple_braeburn_1,train
Images/Test/apple_braeburn_1/r1_95.jpg,apple_braeburn_1,train
Images/Test/apple_braeburn_1/r1_99.jpg,apple_braeburn_1,train
Images/Test/apple_crimson_snow_1/r0_103.jpg,apple_crimson_snow_1,train
Images/Test/apple_crimson_snow_1/r0_107.jpg,apple_crimson_snow_1,train
Images/Test/apple_crimson_snow_1/r0_11.jpg,apple_crimson_snow_1,train
Images/Test/apple_crimson_snow_1/r0_111.jpg,apple_crimson_snow_1,train
Images/Test/apple_crimson_snow_1/r0_115.jpg,apple_crimson_snow_1,train
Images/Test/apple_crimson_snow_1/r0_119.jpg,apple_crimson_snow_1,train
Images/Test/apple_crimson_snow_1/r0_123.jpg,apple_crimson_snow_1,train
Images/Test/apple_crimson_snow_1/r0_127.jpg,apple_crimson_snow_1,train
Images/Test/apple_crimson_snow_1/r0_131.jpg,apple_crimson_snow_1,train
Images/Test/apple_crimson_snow_1/r0_135.jpg,apple_crimson_snow_1,train
Images/Test/apple_crimson_snow_1/r0_139.jpg,apple_crimson_snow_1,train
Images/Test/apple_crimson_snow_1/r0_143.jpg,apple_crimson_snow_1,train
Images/Test/apple_crimson_snow_1/r0_147.jpg,apple_crimson_snow_1,train
Images/Test/apple_crimson_snow_1/r0_15.jpg,apple_crimson_snow_1,train
Images/Test/apple_crimson_snow_1/r0_151.jpg,apple_crimson_snow_1,train
Images/Test/apple_crimson_snow_1/r0_155.jpg,apple_crimson_snow_1,train
Images/Test/apple_crimson_snow_1/r0_159.jpg,apple_crimson_snow_1,train
Images/Test/apple_crimson_snow_1/r0_163.jpg,apple_crimson_snow_1,train
Images/Test/apple_crimson_snow_1/r0_167.jpg,apple_crimson_snow_1,train
Images/Test/apple_crimson_snow_1/r0_171.jpg,apple_crimson_snow_1,train
Images/Test/apple_crimson_snow_1/r0_175.jpg,apple_crimson_snow_1,train
Images/Test/apple_crimson_snow_1/r0_179.jpg,apple_crimson_snow_1,train
Images/Test/apple_crimson_snow_1/r0_183.jpg,apple_crimson_snow_1,train
Images/Test/apple_crimson_snow_1/r0_187.jpg,apple_crimson_snow_1,train
Images/Test/apple_crimson_snow_1/r0_19.jpg,apple_crimson_snow_1,train
Images/Test/apple_crimson_snow_1/r0_191.jpg,apple_crimson_snow_1,train
Images/Test/apple_crimson_snow_1/r0_195.jpg,apple_crimson_snow_1,train
Images/Test/apple_crimson_snow_1/r0_199.jpg,apple_crimson_snow_1,train
Images/Test/apple_crimson_snow_1/r0_203.jpg,apple_crimson_snow_1,train
Images/Test/apple_crimson_snow_1/r0_207.jpg,apple_crimson_snow_1,train
Images/Test/apple_crimson_snow_1/r0_211.jpg,apple_crimson_snow_1,train
Images/Test/apple_crimson_snow_1/r0_215.jpg,apple_crimson_snow_1,train
Images/Test/apple_crimson_snow_1/r0_219.jpg,apple_crimson_snow_1,train
Images/Test/apple_crimson_snow_1/r0_223.jpg,apple_crimson_snow_1,val
Images/Test/apple_crimson_snow_1/r0_227.jpg,apple_crimson_snow_1,val
Images/Test/apple_crimson_snow_1/r0_23.jpg,apple_crimson_snow_1,train
Images/Test/apple_crimson_snow_1/r0_231.jpg,apple_crimson_snow_1,val
Images/Test/apple_crimson_snow_1/r0_235.jpg,apple_crimson_snow_1,val
Images/Test/apple_crimson_snow_1/r0_239.jpg,apple_crimson_snow_1,val
Images/Test/apple_crimson_snow_1/r0_243.jpg,apple_crimson_snow_1,val
Images/Test/apple_crimson_snow_1/r0_247.jpg,apple_crimson_snow_1,val
Images/Test/apple_crimson_snow_1/r0_251.jpg,apple_crimson_snow_1,val
Images/Test/apple_crimson_snow_1/r0_255.jpg,apple_crimson_snow_1,val
Images/Test/apple_crimson_snow_1/r0_259.jpg,apple_crimson_snow_1,val
Images/Test/apple_crimson_snow_1/r0_263.jpg,apple_crimson_snow_1,val
Images/Test/apple_crimson_snow_1/r0_267.jpg,apple_crimson_snow_1,val
Images/Test/apple_crimson_snow_1/r0_27.jpg,apple_crimson_snow_1,train
Images/Test/apple_crimson_snow_1/r0_271.jpg,apple_crimson_snow_1,test
Images/Test/apple_crimson_snow_1/r0_275.jpg,apple_crimson_snow_1,test
Images/Test/apple_crimson_snow_1/r0_279.jpg,apple_crimson_snow_1,test
Images/Test/apple_crimson_snow_1/r0_283.jpg,apple_crimson_snow_1,test
Images/Test/apple_crimson_snow_1/r0_287.jpg,apple_crimson_snow_1,test
Images/Test/apple_crimson_snow_1/r0_291.jpg,apple_crimson_snow_1,test
Images/Test/apple_crimson_snow_1/r0_295.jpg,apple_crimson_snow_1,test
Images/Test/apple_crimson_snow_1/r0_299.jpg,apple_crimson_snow_1,test
Images/Test/apple_crimson_snow_1/r0_3.jpg,apple_crimson_snow_1,train
Images/Test/apple_crimson_snow_1/r0_303.jpg,apple_crimson_snow_1,test
Images/Test/apple_crimson_snow_1/r0_307.jpg,apple_crimson_snow_1,test
Images/Test/apple_crimson_snow_1/r0_31.jpg,apple_crimson_snow_1,train
Images/Test/apple_crimson_snow_1/r0_311.jpg,apple_crimson_snow_1,test
Images/Test/apple_crimson_snow_1/r0_315.jpg,apple_crimson_snow_1,test
Images/Test/apple_crimson_snow_1/r0_35.jpg,apple_crimson_snow_1,train
Images/Test/apple_crimson_snow_1/r0_39.jpg,apple_crimson_snow_1,train
Images/Test/apple_crimson_snow_1/r0_43.jpg,apple_crimson_snow_1,train
Images/Test/apple_crimson_snow_1/r0_47.jpg,apple_crimson_snow_1,train
Images/Test/apple_crimson_snow_1/r0_51.jpg,apple_crimson_snow_1,train
Images/Test/apple_crimson_snow_1/r0_55.jpg,apple_crimson_snow_1,train
Images/Test/apple_crimson_snow_1/r0_59.jpg,apple_crimson_snow_1,train
Images/Test/apple_crimson_snow_1/r0_63.jpg,apple_crimson_snow_1,train
Images/Test/apple_crimson_snow_1/r0_67.jpg,apple_crimson_snow_1,train
Images/Test/apple_crimson_snow_1/r0_7.jpg,apple_crimson_snow_1,train
Images/Test/apple_crimson_snow_1/r0_71.jpg,apple_crimson_snow_1,train
Images/Test/apple_crimson_snow_1/r0_75.jpg,apple_crimson_snow_1,train
Images/Test/apple_crimson_snow_1/r0_79.jpg,apple_crimson_snow_1,train
Images/Test/apple_crimson_snow_1/r0_83.jpg,apple_crimson_snow_1,train
Images/Test/apple_crimson_snow_1/r0_87.jpg,apple_crimson_snow_1,train
Images/Test/apple_crimson_snow_1/r0_91.jpg,apple_crimson_snow_1,train
Images/Test/apple_crimson_snow_1/r0_95.jpg,apple_crimson_snow_1,train
Images/Test/apple_crimson_snow_1/r0_99.jpg,apple_crimson_snow_1,train
Images/Test/apple_crimson_snow_1/r1_103.jpg,apple_crimson_snow_1,train
Images/Test/apple_crimson_snow_1/r1_107.jpg,apple_crimson_snow_1,train
Images/Test/apple_crimson_snow_1/r1_11.jpg,apple_crimson_snow_1,train
Images/Test/apple_crimson_snow_1/r1_111.jpg,apple_crimson_snow_1,train
Images/Test/apple_crimson_snow_1/r1_115.jpg,apple_crimson_snow_1,train
Images/Test/apple_crimson_snow_1/r1_119.jpg,apple_crimson_snow_1,train
Images/Test/apple_crimson_snow_1/r1_123.jpg,apple_crimson_snow_1,train
Images/Test/apple_crimson_snow_1/r1_127.jpg,apple_crimson_snow_1,train
Images/Test/apple_crimson_snow_1/r1_131.jpg,apple_crimson_snow_1,train
Images/Test/apple_crimson_snow_1/r1_135.jpg,apple_crimson_snow_1,train
Images/Test/apple_crimson_snow_1/r1_139.jpg,apple_crimson_snow_1,train
Images/Test/apple_crimson_snow_1/r1_143.jpg,apple_crimson_snow_1,train
Images/Test/apple_crimson_snow_1/r1_147.jpg,apple_crimson_snow_1,train
Images/Test/apple_crimson_snow_1/r1_15.jpg,apple_crimson_snow_1,train
Images/Test/apple_crimson_snow_1/r1_151.jpg,apple_crimson_snow_1,train
Images/Test/apple_crimson_snow_1/r1_155.jpg,apple_crimson_snow_1,train
Images/Test/apple_crimson_snow_1/r1_159.jpg,apple_crimson_snow_1,train
Images/Test/apple_crimson_snow_1/r1_163.jpg,apple_crimson_snow_1,train
Images/Test/apple_crimson_snow_1/r1_167.jpg,apple_crimson_snow_1,train
Images/Test/apple_crimson_snow_1/r1_171.jpg,apple_crimson_snow_1,train
Images/Test/apple_crimson_snow_1/r1_175.jpg,apple_crimson_snow_1,train
Images/Test/apple_crimson_snow_1/r1_179.jpg,apple_crimson_snow_1,train
Images/Test/apple_crimson_snow_1/r1_183.jpg,apple_crimson_snow_1,train
Images/Test/apple_crimson_snow_1/r1_187.jpg,apple_crimson_snow_1,train
Images/Test/apple_crimson_snow_1/r1_19.jpg,apple_crimson_snow_1,train
Images/Test/apple_crimson_snow_1/r1_191.jpg,apple_crimson_snow_1,train
Images/Test/apple_crimson_snow_1/r1_195.jpg,apple_crimson_snow_1,train
Images/Test/apple_crimson_snow_1/r1_199.jpg,apple_crimson_snow_1,train
Images/Test/apple_crimson_snow_1/r1_203.jpg,apple_crimson_snow_1,train
Images/Test/apple_crimson_snow_1/r1_207.jpg,apple_crimson_snow_1,train
Images/Test/apple_crimson_snow_1/r1_211.jpg,apple_crimson_snow_1,train
Images/Test/apple_crimson_snow_1/r1_215.jpg,apple_crimson_snow_1,train
Images/Test/apple_crimson_snow_1/r1_219.jpg,apple_crimson_snow_1,train
Images/Test/apple_crimson_snow_1/r1_223.jpg,apple_crimson_snow_1,train
Images/Test/apple_crimson_snow_1/r1_227.jpg,apple_crimson_snow_1,val
Images/Test/apple_crimson_snow_1/r1_23.jpg,apple_crimson_snow_1,train
Images/Test/apple_crimson_snow_1/r1_231.jpg,apple_crimson_snow_1,val
Images/Test/apple_crimson_snow_1/r1_235.jpg,apple_crimson_snow_1,val
Images/Test/apple_crimson_snow_1/r1_239.jpg,apple_crimson_snow_1,val
Images/Test/apple_crimson_snow_1/r1_243.jpg,apple_crimson_snow_1,val
Images/Test/apple_crimson_snow_1/r1_247.jpg,apple_crimson_snow_1,val
Images/Test/apple_crimson_snow_1/r1_251.jpg,apple_crimson_snow_1,val
Images/Test/apple_crimson_snow_1/r1_255.jpg,apple_crimson_snow_1,val
Images/Test/apple_crimson_snow_1/r1_259.jpg,apple_crimson_snow_1,val
Images/Test/apple_crimson_snow_1/r1_263.jpg,apple_crimson_snow_1,val
Images/Test/apple_crimson_snow_1/r1_267.jpg,apple_crimson_snow_1,val
Images/Test/apple_crimson_snow_1/r1_27.jpg,apple_crimson_snow_1,train
Images/Test/apple_crimson_snow_1/r1_271.jpg,apple_crimson_snow_1,val
Images/Test/apple_crimson_snow_1/r1_275.jpg,apple_crimson_snow_1,test
Images/Test/apple_crimson_snow_1/r1_279.jpg,apple_crimson_snow_1,test
Images/Test/apple_crimson_snow_1/r1_283.jpg,apple_crimson_snow_1,test
Images/Test/apple_crimson_snow_1/r1_287.jpg,apple_crimson_snow_1,test
Images/Test/apple_crimson_snow_1/r1_291.jpg,apple_crimson_snow_1,test
Images/Test/apple_crimson_snow_1/r1_295.jpg,apple_crimson_snow_1,test
Images/Test/apple_crimson_snow_1/r1_299.jpg,apple_crimson_snow_1,test
Images/Test/apple_crimson_snow_1/r1_3.jpg,apple_crimson_snow_1,train
Images/Test/apple_crimson_snow_1/r1_303.jpg,apple_crimson_snow_1,test
Images/Test/apple_crimson_snow_1/r1_307.jpg,apple_crimson_snow_1,test
Images/Test/apple_crimson_snow_1/r1_31.jpg,apple_crimson_snow_1,train
Images/Test/apple_crimson_snow_1/r1_311.jpg,apple_crimson_snow_1,test
Images/Test/apple_crimson_snow_1/r1_315.jpg,apple_crimson_snow_1,test
Images/Test/apple_crimson_snow_1/r1_319.jpg,apple_crimson_snow_1,test
Images/Test/apple_crimson_snow_1/r1_35.jpg,apple_crimson_snow_1,train
Images/Test/apple_crimson_snow_1/r1_39.jpg,apple_crimson_snow_1,train
Images/Test/apple_crimson_snow_1/r1_43.jpg,apple_crimson_snow_1,train
Images/Test/apple_crimson_snow_1/r1_47.jpg,apple_crimson_snow_1,train
Images/Test/apple_crimson_snow_1/r1_51.jpg,apple_crimson_snow_1,train
Images/Test/apple_crimson_snow_1/r1_55.jpg,apple_crimson_snow_1,train
Images/Test/apple_crimson_snow_1/r1_59.jpg,apple_crimson_snow_1,train
Images/Test/apple_crimson_snow_1/r1_63.jpg,apple_crimson_snow_1,train
Images/Test/apple_crimson_snow_1/r1_67.jpg,apple_crimson_snow_1,train
Images/Test/apple_crimson_snow_1/r1_7.jpg,apple_crimson_snow_1,train
Images/Test/apple_crimson_snow_1/r1_71.jpg,apple_crimson_snow_1,train
Images/Test/apple_crimson_snow_1/r1_75.jpg,apple_crimson_snow_1,train
Images/Test/apple_crimson_snow_1/r1_79.jpg,apple_crimson_snow_1,train
Images/Test/apple_crimson_snow_1/r1_83.jpg,apple_crimson_snow_1,train
Images/Test/apple_crimson_snow_1/r1_87.jpg,apple_crimson_snow_1,train
Images/Test/apple_crimson_snow_1/r1_91.jpg,apple_crimson_snow_1,train
Images/Test/apple_crimson_snow_1/r1_95.jpg,apple_crimson_snow_1,train
Images/Test/apple_crimson_snow_1/r1_99.jpg,apple_crimson_snow_1,train
Images/Test/apple_golden_1/r0_103.jpg,apple_golden_1,train
Images/Test/apple_golden_1/r0_107.jpg,apple_golden_1,train
Images/Test/apple_golden_1/r0_11.jpg,apple_golden_1,train
Images/Test/apple_golden_1/r0_111.jpg,apple_golden_1,train
Images/Test/apple_golden_1/r0_115.jpg,apple_golden_1,train
Images/Test/apple_golden_1/r0_119.jpg,apple_golden_1,train
Images/Test/apple_golden_1/r0_123.jpg,apple_golden_1,train
Images/Test/apple_golden_1/r0_127.jpg,apple_golden_1,train
Images/Test/apple_golden_1/r0_131.jpg,apple_golden_1,train
Images/Test/apple_golden_1/r0_135.jpg,apple_golden_1,train
Images/Test/apple_golden_1/r0_139.jpg,apple_golden_1,train
Images/Test/apple_golden_1/r0_143.jpg,apple_golden_1,train
Images/Test/apple_golden_1/r0_147.jpg,apple_golden_1,train
Images/Test/apple_golden_1/r0_15.jpg,apple_golden_1,train
Images/Test/apple_golden_1/r0_151.jpg,apple_golden_1,train
Images/Test/apple_golden_1/r0_155.jpg,apple_golden_1,train
Images/Test/apple_golden_1/r0_159.jpg,apple_golden_1,train
Images/Test/apple_golden_1/r0_163.jpg,apple_golden_1,train
Images/Test/apple_golden_1/r0_167.jpg,apple_golden_1,train
Images/Test/apple_golden_1/r0_171.jpg,apple_golden_1,train
Images/Test/apple_golden_1/r0_175.jpg,apple_golden_1,train
Images/Test/apple_golden_1/r0_179.jpg,apple_golden_1,train
Images/Test/apple_golden_1/r0_183.jpg,apple_golden_1,train
Images/Test/apple_golden_1/r0_187.jpg,apple_golden_1,train
Images/Test/apple_golden_1/r0_19.jpg,apple_golden_1,train
Images/Test/apple_golden_1/r0_191.jpg,apple_golden_1,train
Images/Test/apple_golden_1/r0_195.jpg,apple_golden_1,train
Images/Test/apple_golden_1/r0_199.jpg,apple_golden_1,train
Images/Test/apple_golden_1/r0_203.jpg,apple_golden_1,train
Images/Test/apple_golden_1/r0_207.jpg,apple_golden_1,train
Images/Test/apple_golden_1/r0_211.jpg,apple_golden_1,train
Images/Test/apple_golden_1/r0_215.jpg,apple_golden_1,train
Images/Test/apple_golden_1/r0_219.jpg,apple_golden_1,val
Images/Test/apple_golden_1/r0_223.jpg,apple_golden_1,val
Images/Test/apple_golden_1/r0_227.jpg,apple_golden_1,val
Images/Test/apple_golden_1/r0_23.jpg,apple_golden_1,train
Images/Test/apple_golden_1/r0_231.jpg,apple_golden_1,val
Images/Test/apple_golden_1/r0_235.jpg,apple_golden_1,val
Images/Test/apple_golden_1/r0_239.jpg,apple_golden_1,val
Images/Test/apple_golden_1/r0_243.jpg,apple_golden_1,val
Images/Test/apple_golden_1/r0_247.jpg,apple_golden_1,val
Images/Test/apple_golden_1/r0_251.jpg,apple_golden_1,val
Images/Test/apple_golden_1/r0_255.jpg,apple_golden_1,val
Images/Test/apple_golden_1/r0_259.jpg,apple_golden_1,val
Images/Test/apple_golden_1/r0_263.jpg,apple_golden_1,test
Images/Test/apple_golden_1/r0_267.jpg,apple_golden_1,test
Images/Test/apple_golden_1/r0_27.jpg,apple_golden_1,train
Images/Test/apple_golden_1/r0_271.jpg,apple_golden_1,test
Images/Test/apple_golden_1/r0_275.jpg,apple_golden_1,test
Images/Test/apple_golden_1/r0_279.jpg,apple_golden_1,test
Images/Test/apple_golden_1/r0_283.jpg,apple_golden_1,test
Images/Test/apple_golden_1/r0_287.jpg,apple_golden_1,test
Images/Test/apple_golden_1/r0_291.jpg,apple_golden_1,test
Images/Test/apple_golden_1/r0_295.jpg,apple_golden_1,test
Images/Test/apple_golden_1/r0_299.jpg,apple_golden_1,test
Images/Test/apple_golden_1/r0_3.jpg,apple_golden_1,train
Images/Test/apple_golden_1/r0_303.jpg,apple_golden_1,test
Images/Test/apple_golden_1/r0_307.jpg,apple_golden_1,test
Images/Test/apple_golden_1/r0_31.jpg,apple_golden_1,train
Images/Test/apple_golden_1/r0_35.jpg,apple_golden_1,train
Images/Test/apple_golden_1/r0_39.jpg,apple_golden_1,train
Images/Test/apple_golden_1/r0_43.jpg,apple_golden_1,train
Images/Test/apple_golden_1/r0_47.jpg,apple_golden_1,train
Images/Test/apple_golden_1/r0_51.jpg,apple_golden_1,train
Images/Test/apple_golden_1/r0_55.jpg,apple_golden_1,train
Images/Test/apple_golden_1/r0_59.jpg,apple_golden_1,train
Images/Test/apple_golden_1/r0_63.jpg,apple_golden_1,train
Images/Test/apple_golden_1/r0_67.jpg,apple_golden_1,train
Images/Test/apple_golden_1/r0_7.jpg,apple_golden_1,train
Images/Test/apple_golden_1/r0_71.jpg,apple_golden_1,train
Images/Test/apple_golden_1/r0_75.jpg,apple_golden_1,train
Images/Test/apple_golden_1/r0_79.jpg,apple_golden_1,train
Images/Test/apple_golden_1/r0_83.jpg,apple_golden_1,train
Images/Test/apple_golden_1/r0_87.jpg,apple_golden_1,train
Images/Test/apple_golden_1/r0_91.jpg,apple_golden_1,train
Images/Test/apple_golden_1/r0_95.jpg,apple_golden_1,train
Images/Test/apple_golden_1/r0_99.jpg,apple_golden_1,train
Images/Test/apple_golden_1/r1_103.jpg,apple_golden_1,train
Images/Test/apple_golden_1/r1_107.jpg,apple_golden_1,train
Images/Test/apple_golden_1/r1_11.jpg,apple_golden_1,train
Images/Test/apple_golden_1/r1_111.jpg,apple_golden_1,train
Images/Test/apple_golden_1/r1_115.jpg,apple_golden_1,train
Images/Test/apple_golden_1/r1_119.jpg,apple_golden_1,train
Images/Test/apple_golden_1/r1_123.jpg,apple_golden_1,train
Images/Test/apple_golden_1/r1_127.jpg,apple_golden_1,train
Images/Test/apple_golden_1/r1_131.jpg,apple_golden_1,train
Images/Test/apple_golden_1/r1_135.jpg,apple_golden_1,train
Images/Test/apple_golden_1/r1_139.jpg,apple_golden_1,train
Images/Test/apple_golden_1/r1_143.jpg,apple_golden_1,train
Images/Test/apple_golden_1/r1_147.jpg,apple_golden_1,train
Images/Test/apple_golden_1/r1_15.jpg,apple_golden_1,train
Images/Test/apple_golden_1/r1_151.jpg,apple_golden_1,train
Images/Test/apple_golden_1/r1_155.jpg,apple_golden_1,train
Images/Test/apple_golden_1/r1_159.jpg,apple_golden_1,train
Images/Test/apple_golden_1/r1_163.jpg,apple_golden_1,train
Images/Test/apple_golden_1/r1_167.jpg,apple_golden_1,train
Images/Test/apple_golden_1/r1_171.jpg,apple_golden_1,train
Images/Test/apple_golden_1/r1_175.jpg,apple_golden_1,train
Images/Test/apple_golden_1/r1_179.jpg,apple_golden_1,train
Images/Test/apple_golden_1/r1_183.jpg,apple_golden_1,train
Images/Test/apple_golden_1/r1_187.jpg,apple_golden_1,train
Images/Test/apple_golden_1/r1_19.jpg,apple_golden_1,train
Images/Test/apple_golden_1/r1_191.jpg,apple_golden_1,train
Images/Test/apple_golden_1/r1_195.jpg,apple_golden_1,train
Images/Test/apple_golden_1/r1_199.jpg,apple_golden_1,train
Images/Test/apple_golden_1/r1_203.jpg,apple_golden_1,train
Images/Test/apple_golden_1/r1_207.jpg,apple_golden_1,train
Images/Test/apple_golden_1/r1_211.jpg,apple_golden_1,train
Images/Test/apple_golden_1/r1_215.jpg,apple_golden_1,train
Images/Test/apple_golden_1/r1_219.jpg,apple_golden_1,val
Images/Test/apple_golden_1/r1_223.jpg,apple_golden_1,val
Images/Test/apple_golden_1/r1_227.jpg,apple_golden_1,val
Images/Test/apple_golden_1/r1_23.jpg,apple_golden_1,train
Images/Test/apple_golden_1/r1_231.jpg,apple_golden_1,val
Images/Test/apple_golden_1/r1_235.jpg,apple_golden_1,val
Images/Test/apple_golden_1/r1_239.jpg,apple_golden_1,val
Images/Test/apple_golden_1/r1_243.jpg,apple_golden_1,val
Images/Test/apple_golden_1/r1_247.jpg,apple_golden_1,val
Images/Test/apple_golden_1/r1_251.jpg,apple_golden_1,val
Images/Test/apple_golden_1/r1_255.jpg,apple_golden_1,val
Images/Test/apple_golden_1/r1_259.jpg,apple_golden_1,val
Images/Test/apple_golden_1/r1_263.jpg,apple_golden_1,test
Images/Test/apple_golden_1/r1_267.jpg,apple_golden_1,test
Images/Test/apple_golden_1/r1_27.jpg,apple_golden_1,train
Images/Test/apple_golden_1/r1_271.jpg,apple_golden_1,test
Images/Test/apple_golden_1/r1_275.jpg,apple_golden_1,test
Images/Test/apple_golden_1/r1_279.jpg,apple_golden_1,test
Images/Test/apple_golden_1/r1_283.jpg,apple_golden_1,test
Images/Test/apple_golden_1/r1_287.jpg,apple_golden_1,test
Images/Test/apple_golden_1/r1_291.jpg,apple_golden_1,test
Images/Test/apple_golden_1/r1_295.jpg,apple_golden_1,test
Images/Test/apple_golden_1/r1_299.jpg,apple_golden_1,test
Images/Test/apple_golden_1/r1_3.jpg,apple_golden_1,train
Images/Test/apple_golden_1/r1_303.jpg,apple_golden_1,test
Images/Test/apple_golden_1/r1_307.jpg,apple_golden_1,test
Images/Test/apple_golden_1/r1_31.jpg,apple_golden_1,train
Images/Test/apple_golden_1/r1_35.jpg,apple_golden_1,train
Images/Test/apple_golden_1/r1_39.jpg,apple_golden_1,train
Images/Test/apple_golden_1/r1_43.jpg,apple_golden_1,train
Images/Test/apple_golden_1/r1_47.jpg,apple_golden_1,train
Images/Test/apple_golden_1/r1_51.jpg,apple_golden_1,train
Images/Test/apple_golden_1/r1_55.jpg,apple_golden_1,train
Images/Test/apple_golden_1/r1_59.jpg,apple_golden_1,train
Images/Test/apple_golden_1/r1_63.jpg,apple_golden_1,train
Images/Test/apple_golden_1/r1_67.jpg,apple_golden_1,train
Images/Test/apple_golden_1/r1_7.jpg,apple_golden_1,train
Images/Test/apple_golden_1/r1_71.jpg,apple_golden_1,train
Images/Test/apple_golden_1/r1_75.jpg,apple_golden_1,train
Images/Test/apple_golden_1/r1_79.jpg,apple_golden_1,train
Images/Test/apple_golden_1/r1_83.jpg,apple_golden_1,train
Images/Test/apple_golden_1/r1_87.jpg,apple_golden_1,train
Images/Test/apple_golden_1/r1_91.jpg,apple_golden_1,train
Images/Test/apple_golden_1/r1_95.jpg,apple_golden_1,train
Images/Test/apple_golden_1/r1_99.jpg,apple_golden_1,train
Images/Test/apple_golden_2/r0_103.jpg,apple_golden_2,train
Images/Test/apple_golden_2/r0_107.jpg,apple_golden_2,train
Images/Test/apple_golden_2/r0_11.jpg,apple_golden_2,train
Images/Test/apple_golden_2/r0_111.jpg,apple_golden_2,train
Images/Test/apple_golden_2/r0_115.jpg,apple_golden_2,train
Images/Test/apple_golden_2/r0_119.jpg,apple_golden_2,train
Images/Test/apple_golden_2/r0_123.jpg,apple_golden_2,train
Images/Test/apple_golden_2/r0_127.jpg,apple_golden_2,train
Images/Test/apple_golden_2/r0_131.jpg,apple_golden_2,train
Images/Test/apple_golden_2/r0_135.jpg,apple_golden_2,train
Images/Test/apple_golden_2/r0_139.jpg,apple_golden_2,train
Images/Test/apple_golden_2/r0_143.jpg,apple_golden_2,train
Images/Test/apple_golden_2/r0_147.jpg,apple_golden_2,train
Images/Test/apple_golden_2/r0_15.jpg,apple_golden_2,train
Images/Test/apple_golden_2/r0_151.jpg,apple_golden_2,train
Images/Test/apple_golden_2/r0_155.jpg,apple_golden_2,train
Images/Test/apple_golden_2/r0_159.jpg,apple_golden_2,train
Images/Test/apple_golden_2/r0_163.jpg,apple_golden_2,train
Images/Test/apple_golden_2/r0_167.jpg,apple_golden_2,train
Images/Test/apple_golden_2/r0_171.jpg,apple_golden_2,train
Images/Test/apple_golden_2/r0_175.jpg,apple_golden_2,train
Images/Test/apple_golden_2/r0_179.jpg,apple_golden_2,train
Images/Test/apple_golden_2/r0_183.jpg,apple_golden_2,train
Images/Test/apple_golden_2/r0_187.jpg,apple_golden_2,train
Images/Test/apple_golden_2/r0_19.jpg,apple_golden_2,train
Images/Test/apple_golden_2/r0_191.jpg,apple_golden_2,train
Images/Test/apple_golden_2/r0_195.jpg,apple_golden_2,train
Images/Test/apple_golden_2/r0_199.jpg,apple_golden_2,train
Images/Test/apple_golden_2/r0_203.jpg,apple_golden_2,train
Images/Test/apple_golden_2/r0_207.jpg,apple_golden_2,train
Images/Test/apple_golden_2/r0_211.jpg,apple_golden_2,train
Images/Test/apple_golden_2/r0_215.jpg,apple_golden_2,train
Images/Test/apple_golden_2/r0_219.jpg,apple_golden_2,val
Images/Test/apple_golden_2/r0_223.jpg,apple_golden_2,val
Images/Test/apple_golden_2/r0_227.jpg,apple_golden_2,val
Images/Test/apple_golden_2/r0_23.jpg,apple_golden_2,train
Images/Test/apple_golden_2/r0_231.jpg,apple_golden_2,val
Images/Test/apple_golden_2/r0_235.jpg,apple_golden_2,val
Images/Test/apple_golden_2/r0_239.jpg,apple_golden_2,val
Images/Test/apple_golden_2/r0_243.jpg,apple_golden_2,val
Images/Test/apple_golden_2/r0_247.jpg,apple_golden_2,val
Images/Test/apple_golden_2/r0_251.jpg,apple_golden_2,val
Images/Test/apple_golden_2/r0_255.jpg,apple_golden_2,val
Images/Test/apple_golden_2/r0_259.jpg,apple_golden_2,val
Images/Test/apple_golden_2/r0_263.jpg,apple_golden_2,test
Images/Test/apple_golden_2/r0_267.jpg,apple_golden_2,test
Images/Test/apple_golden_2/r0_27.jpg,apple_golden_2,train
Images/Test/apple_golden_2/r0_271.jpg,apple_golden_2,test
Images/Test/apple_golden_2/r0_275.jpg,apple_golden_2,test
Images/Test/apple_golden_2/r0_279.jpg,apple_golden_2,test
Images/Test/apple_golden_2/r0_283.jpg,apple_golden_2,test
Images/Test/apple_golden_2/r0_287.jpg,apple_golden_2,test
Images/Test/apple_golden_2/r0_291.jpg,apple_golden_2,test
Images/Test/apple_golden_2/r0_295.jpg,apple_golden_2,test
Images/Test/apple_golden_2/r0_299.jpg,apple_golden_2,test
Images/Test/apple_golden_2/r0_3.jpg,apple_golden_2,train
Images/Test/apple_golden_2/r0_303.jpg,apple_golden_2,test
Images/Test/apple_golden_2/r0_307.jpg,apple_golden_2,test
Images/Test/apple_golden_2/r0_31.jpg,apple_golden_2,train
Images/Test/apple_golden_2/r0_35.jpg,apple_golden_2,train
Images/Test/apple_golden_2/r0_39.jpg,apple_golden_2,train
Images/Test/apple_golden_2/r0_43.jpg,apple_golden_2,train
Images/Test/apple_golden_2/r0_47.jpg,apple_golden_2,train
Images/Test/apple_golden_2/r0_51.jpg,apple_golden_2,train
Images/Test/apple_golden_2/r0_55.jpg,apple_golden_2,train
Images/Test/apple_golden_2/r0_59.jpg,apple_golden_2,train
Images/Test/apple_golden_2/r0_63.jpg,apple_golden_2,train
Images/Test/apple_golden_2/r0_67.jpg,apple_golden_2,train
Images/Test/apple_golden_2/r0_7.jpg,apple_golden_2,train
Images/Test/apple_golden_2/r0_71.jpg,apple_golden_2,train
Images/Test/apple_golden_2/r0_75.jpg,apple_golden_2,train
Images/Test/apple_golden_2/r0_79.jpg,apple_golden_2,train
Images/Test/apple_golden_2/r0_83.jpg,apple_golden_2,train
Images/Test/apple_golden_2/r0_87.jpg,apple_golden_2,train
Images/Test/apple_golden_2/r0_91.jpg,apple_golden_2,train
Images/Test/apple_golden_2/r0_95.jpg,apple_golden_2,train
Images/Test/apple_golden_2/r0_99.jpg,apple_golden_2,train
Images/Test/apple_golden_2/r1_103.jpg,apple_golden_2,train
Images/Test/apple_golden_2/r1_107.jpg,apple_golden_2,train
Images/Test/apple_golden_2/r1_11.jpg,apple_golden_2,train
Images/Test/apple_golden_2/r1_111.jpg,apple_golden_2,train
Images/Test/apple_golden_2/r1_115.jpg,apple_golden_2,train
Images/Test/apple_golden_2/r1_119.jpg,apple_golden_2,train
Images/Test/apple_golden_2/r1_123.jpg,apple_golden_2,train
Images/Test/apple_golden_2/r1_127.jpg,apple_golden_2,train
Images/Test/apple_golden_2/r1_131.jpg,apple_golden_2,train
Images/Test/apple_golden_2/r1_135.jpg,apple_golden_2,train
Images/Test/apple_golden_2/r1_139.jpg,apple_golden_2,train
Images/Test/apple_golden_2/r1_143.jpg,apple_golden_2,train
Images/Test/apple_golden_2/r1_147.jpg,apple_golden_2,train
Images/Test/apple_golden_2/r1_15.jpg,apple_golden_2,train
Images/Test/apple_golden_2/r1_151.jpg,apple_golden_2,train
Images/Test/apple_golden_2/r1_155.jpg,apple_golden_2,train
Images/Test/apple_golden_2/r1_159.jpg,apple_golden_2,train
Images/Test/apple_golden_2/r1_163.jpg,apple_golden_2,train
Images/Test/apple_golden_2/r1_167.jpg,apple_golden_2,train
Images/Test/apple_golden_2/r1_171.jpg,apple_golden_2,train
Images/Test/apple_golden_2/r1_175.jpg,apple_golden_2,train
Images/Test/apple_golden_2/r1_179.jpg,apple_golden_2,train
Images/Test/apple_golden_2/r1_183.jpg,apple_golden_2,train
Images/Test/apple_golden_2/r1_187.jpg,apple_golden_2,train
Images/Test/apple_golden_2/r1_19.jpg,apple_golden_2,train
Images/Test/apple_golden_2/r1_191.jpg,apple_golden_2,train
Images/Test/apple_golden_2/r1_195.jpg,apple_golden_2,train
Images/Test/apple_golden_2/r1_199.jpg,apple_golden_2,train
Images/Test/apple_golden_2/r1_203.jpg,apple_golden_2,train
Images/Test/apple_golden_2/r1_207.jpg,apple_golden_2,train
Images/Test/apple_golden_2/r1_211.jpg,apple_golden_2,train
Images/Test/apple_golden_2/r1_215.jpg,apple_golden_2,train
Images/Test/apple_golden_2/r1_219.jpg,apple_golden_2,val
Images/Test/apple_golden_2/r1_223.jpg,apple_golden_2,val
Images/Test/apple_golden_2/r1_227.jpg,apple_golden_2,val
Images/Test/apple_golden_2/r1_23.jpg,apple_golden_2,train
Images/Test/apple_golden_2/r1_231.jpg,apple_golden_2,val
Images/Test/apple_golden_2/r1_235.jpg,apple_golden_2,val
Images/Test/apple_golden_2/r1_239.jpg,apple_golden_2,val
Images/Test/apple_golden_2/r1_243.jpg,apple_golden_2,val
Images/Test/apple_golden_2/r1_247.jpg,apple_golden_2,val
Images/Test/apple_golden_2/r1_251.jpg,apple_golden_2,val
Images/Test/apple_golden_2/r1_255.jpg,apple_golden_2,val
Images/Test/apple_golden_2/r1_259.jpg,apple_golden_2,val
Images/Test/apple_golden_2/r1_263.jpg,apple_golden_2,test
Images/Test/apple_golden_2/r1_267.jpg,apple_golden_2,test
Images/Test/apple_golden_2/r1_27.jpg,apple_golden_2,train
Images/Test/apple_golden_2/r1_271.jpg,apple_golden_2,test
Images/Test/apple_golden_2/r1_275.jpg,apple_golden_2,test
Images/Test/apple_golden_2/r1_279.jpg,apple_golden_2,test
Images/Test/apple_golden_2/r1_283.jpg,apple_golden_2,test
Images/Test/apple_golden_2/r1_287.jpg,apple_golden_2,test
Images/Test/apple_golden_2/r1_291.jpg,apple_golden_2,test
Images/Test/apple_golden_2/r1_295.jpg,apple_golden_2,test
Images/Test/apple_golden_2/r1_299.jpg,apple_golden_2,test
Images/Test/apple_golden_2/r1_3.jpg,apple_golden_2,train
Images/Test/apple_golden_2/r1_303.jpg,apple_golden_2,test
Images/Test/apple_golden_2/r1_307.jpg,apple_golden_2,test
Images/Test/apple_golden_2/r1_31.jpg,apple_golden_2,train
Images/Test/apple_golden_2/r1_35.jpg,apple_golden_2,train
Images/Test/apple_golden_2/r1_39.jpg,apple_golden_2,train
Images/Test/apple_golden_2/r1_43.jpg,apple_golden_2,train
Images/Test/apple_golden_2/r1_47.jpg,apple_golden_2,train
Images/Test/apple_golden_2/r1_51.jpg,apple_golden_2,train
Images/Test/apple_golden_2/r1_55.jpg,apple_golden_2,train
Images/Test/apple_golden_2/r1_59.jpg,apple_golden_2,train
Images/Test/apple_golden_2/r1_63.jpg,apple_golden_2,train
Images/Test/apple_golden_2/r1_67.jpg,apple_golden_2,train
Images/Test/apple_golden_2/r1_7.jpg,apple_golden_2,train
Images/Test/apple_golden_2/r1_71.jpg,apple_golden_2,train
Images/Test/apple_golden_2/r1_75.jpg,apple_golden_2,train
Images/Test/apple_golden_2/r1_79.jpg,apple_golden_2,train
Images/Test/apple_golden_2/r1_83.jpg,apple_golden_2,train
Images/Test/apple_golden_2/r1_87.jpg,apple_golden_2,train
Images/Test/apple_golden_2/r1_91.jpg,apple_golden_2,train
Images/Test/apple_golden_2/r1_95.jpg,apple_golden_2,train
Images/Test/apple_golden_2/r1_99.jpg,apple_golden_2,train
Images/Test/apple_golden_3/r0_103.jpg,apple_golden_3,train
Images/Test/apple_golden_3/r0_107.jpg,apple_golden_3,train
Images/Test/apple_golden_3/r0_11.jpg,apple_golden_3,train
Images/Test/apple_golden_3/r0_111.jpg,apple_golden_3,train
Images/Test/apple_golden_3/r0_115.jpg,apple_golden_3,train
Images/Test/apple_golden_3/r0_119.jpg,apple_golden_3,train
Images/Test/apple_golden_3/r0_123.jpg,apple_golden_3,train
Images/Test/apple_golden_3/r0_127.jpg,apple_golden_3,train
Images/Test/apple_golden_3/r0_131.jpg,apple_golden_3,train
Images/Test/apple_golden_3/r0_135.jpg,apple_golden_3,train
Images/Test/apple_golden_3/r0_139.jpg,apple_golden_3,train
Images/Test/apple_golden_3/r0_143.jpg,apple_golden_3,train
Images/Test/apple_golden_3/r0_147.jpg,apple_golden_3,train
Images/Test/apple_golden_3/r0_15.jpg,apple_golden_3,train
Images/Test/apple_golden_3/r0_151.jpg,apple_golden_3,train
Images/Test/apple_golden_3/r0_155.jpg,apple_golden_3,train
Images/Test/apple_golden_3/r0_159.jpg,apple_golden_3,train
Images/Test/apple_golden_3/r0_163.jpg,apple_golden_3,train
Images/Test/apple_golden_3/r0_167.jpg,apple_golden_3,train
Images/Test/apple_golden_3/r0_171.jpg,apple_golden_3,train
Images/Test/apple_golden_3/r0_175.jpg,apple_golden_3,train
Images/Test/apple_golden_3/r0_179.jpg,apple_golden_3,train
Images/Test/apple_golden_3/r0_183.jpg,apple_golden_3,train
Images/Test/apple_golden_3/r0_187.jpg,apple_golden_3,train
Images/Test/apple_golden_3/r0_19.jpg,apple_golden_3,train
Images/Test/apple_golden_3/r0_191.jpg,apple_golden_3,train
Images/Test/apple_golden_3/r0_195.jpg,apple_golden_3,train
Images/Test/apple_golden_3/r0_199.jpg,apple_golden_3,train
Images/Test/apple_golden_3/r0_203.jpg,apple_golden_3,train
Images/Test/apple_golden_3/r0_207.jpg,apple_golden_3,train
Images/Test/apple_golden_3/r0_211.jpg,apple_golden_3,train
Images/Test/apple_golden_3/r0_215.jpg,apple_golden_3,train
Images/Test/apple_golden_3/r0_219.jpg,apple_golden_3,val
Images/Test/apple_golden_3/r0_223.jpg,apple_golden_3,val
Images/Test/apple_golden_3/r0_227.jpg,apple_golden_3,val
Images/Test/apple_golden_3/r0_23.jpg,apple_golden_3,train
Images/Test/apple_golden_3/r0_231.jpg,apple_golden_3,val
Images/Test/apple_golden_3/r0_235.jpg,apple_golden_3,val
Images/Test/apple_golden_3/r0_239.jpg,apple_golden_3,val
Images/Test/apple_golden_3/r0_243.jpg,apple_golden_3,val
Images/Test/apple_golden_3/r0_247.jpg,apple_golden_3,val
Images/Test/apple_golden_3/r0_251.jpg,apple_golden_3,val
Images/Test/apple_golden_3/r0_255.jpg,apple_golden_3,val
Images/Test/apple_golden_3/r0_259.jpg,apple_golden_3,val
Images/Test/apple_golden_3/r0_263.jpg,apple_golden_3,val
Images/Test/apple_golden_3/r0_267.jpg,apple_golden_3,test
Images/Test/apple_golden_3/r0_27.jpg,apple_golden_3,train
Images/Test/apple_golden_3/r0_271.jpg,apple_golden_3,test
Images/Test/apple_golden_3/r0_275.jpg,apple_golden_3,test
Images/Test/apple_golden_3/r0_279.jpg,apple_golden_3,test
Images/Test/apple_golden_3/r0_283.jpg,apple_golden_3,test
Images/Test/apple_golden_3/r0_287.jpg,apple_golden_3,test
Images/Test/apple_golden_3/r0_291.jpg,apple_golden_3,test
Images/Test/apple_golden_3/r0_295.jpg,apple_golden_3,test
Images/Test/apple_golden_3/r0_299.jpg,apple_golden_3,test
Images/Test/apple_golden_3/r0_3.jpg,apple_golden_3,train
Images/Test/apple_golden_3/r0_303.jpg,apple_golden_3,test
Images/Test/apple_golden_3/r0_307.jpg,apple_golden_3,test
Images/Test/apple_golden_3/r0_31.jpg,apple_golden_3,train
Images/Test/apple_golden_3/r0_311.jpg,apple_golden_3,test
Images/Test/apple_golden_3/r0_35.jpg,apple_golden_3,train
Images/Test/apple_golden_3/r0_39.jpg,apple_golden_3,train
Images/Test/apple_golden_3/r0_43.jpg,apple_golden_3,train
Images/Test/apple_golden_3/r0_47.jpg,apple_golden_3,train
Images/Test/apple_golden_3/r0_51.jpg,apple_golden_3,train
Images/Test/apple_golden_3/r0_55.jpg,apple_golden_3,train
Images/Test/apple_golden_3/r0_59.jpg,apple_golden_3,train
Images/Test/apple_golden_3/r0_63.jpg,apple_golden_3,train
Images/Test/apple_golden_3/r0_67.jpg,apple_golden_3,train
Images/Test/apple_golden_3/r0_7.jpg,apple_golden_3,train
Images/Test/apple_golden_3/r0_71.jpg,apple_golden_3,train
Images/Test/apple_golden_3/r0_75.jpg,apple_golden_3,train
Images/Test/apple_golden_3/r0_79.jpg,apple_golden_3,train
Images/Test/apple_golden_3/r0_83.jpg,apple_golden_3,train
Images/Test/apple_golden_3/r0_87.jpg,apple_golden_3,train
Images/Test/apple_golden_3/r0_91.jpg,apple_golden_3,train
Images/Test/apple_golden_3/r0_95.jpg,apple_golden_3,train
Images/Test/apple_golden_3/r0_99.jpg,apple_golden_3,train
Images/Test/apple_golden_3/r1_103.jpg,apple_golden_3,train
Images/Test/apple_golden_3/r1_107.jpg,apple_golden_3,train
Images/Test/apple_golden_3/r1_11.jpg,apple_golden_3,train
Images/Test/apple_golden_3/r1_111.jpg,apple_golden_3,train
Images/Test/apple_golden_3/r1_115.jpg,apple_golden_3,train
Images/Test/apple_golden_3/r1_119.jpg,apple_golden_3,train
Images/Test/apple_golden_3/r1_123.jpg,apple_golden_3,train
Images/Test/apple_golden_3/r1_127.jpg,apple_golden_3,train
Images/Test/apple_golden_3/r1_131.jpg,apple_golden_3,train
Images/Test/apple_golden_3/r1_135.jpg,apple_golden_3,train
Images/Test/apple_golden_3/r1_139.jpg,apple_golden_3,train
Images/Test/apple_golden_3/r1_143.jpg,apple_golden_3,train
Images/Test/apple_golden_3/r1_147.jpg,apple_golden_3,train
Images/Test/apple_golden_3/r1_15.jpg,apple_golden_3,train
Images/Test/apple_golden_3/r1_151.jpg,apple_golden_3,train
Images/Test/apple_golden_3/r1_155.jpg,apple_golden_3,train
Images/Test/apple_golden_3/r1_159.jpg,apple_golden_3,train
Images/Test/apple_golden_3/r1_163.jpg,apple_golden_3,train
Images/Test/apple_golden_3/r1_167.jpg,apple_golden_3,train
Images/Test/apple_golden_3/r1_171.jpg,apple_golden_3,train
Images/Test/apple_golden_3/r1_175.jpg,apple_golden_3,train
Images/Test/apple_golden_3/r1_179.jpg,apple_golden_3,train
Images/Test/apple_golden_3/r1_183.jpg,apple_golden_3,train
Images/Test/apple_golden_3/r1_187.jpg,apple_golden_3,train
Images/Test/apple_golden_3/r1_19.jpg,apple_golden_3,train
Images/Test/apple_golden_3/r1_191.jpg,apple_golden_3,train
Images/Test/apple_golden_3/r1_195.jpg,apple_golden_3,train
Images/Test/apple_golden_3/r1_199.jpg,apple_golden_3,train
Images/Test/apple_golden_3/r1_203.jpg,apple_golden_3,train
Images/Test/apple_golden_3/r1_207.jpg,apple_golden_3,train
Images/Test/apple_golden_3/r1_211.jpg,apple_golden_3,train
Images/Test/apple_golden_3/r1_215.jpg,apple_golden_3,train
Images/Test/apple_golden_3/r1_219.jpg,apple_golden_3,train
Images/Test/apple_golden_3/r1_223.jpg,apple_golden_3,train
Images/Test/apple_golden_3/r1_227.jpg,apple_golden_3,val
Images/Test/apple_golden_3/r1_23.jpg,apple_golden_3,train
Images/Test/apple_golden_3/r1_231.jpg,apple_golden_3,val
Images/Test/apple_golden_3/r1_235.jpg,apple_golden_3,val
Images/Test/apple_golden_3/r1_239.jpg,apple_golden_3,val
Images/Test/apple_golden_3/r1_243.jpg,apple_golden_3,val
Images/Test/apple_golden_3/r1_247.jpg,apple_golden_3,val
Images/Test/apple_golden_3/r1_251.jpg,apple_golden_3,val
Images/Test/apple_golden_3/r1_255.jpg,apple_golden_3,val
Images/Test/apple_golden_3/r1_259.jpg,apple_golden_3,val
Images/Test/apple_golden_3/r1_263.jpg,apple_golden_3,val
Images/Test/apple_golden_3/r1_267.jpg,apple_golden_3,val
Images/Test/apple_golden_3/r1_27.jpg,apple_golden_3,train
Images/Test/apple_golden_3/r1_271.jpg,apple_golden_3,val
Images/Test/apple_golden_3/r1_275.jpg,apple_golden_3,test
Images/Test/apple_golden_3/r1_279.jpg,apple_golden_3,test
Images/Test/apple_golden_3/r1_283.jpg,apple_golden_3,test
Images/Test/apple_golden_3/r1_287.jpg,apple_golden_3,test
Images/Test/apple_golden_3/r1_291.jpg,apple_golden_3,test
Images/Test/apple_golden_3/r1_295.jpg,apple_golden_3,test
Images/Test/apple_golden_3/r1_299.jpg,apple_golden_3,test
Images/Test/apple_golden_3/r1_3.jpg,apple_golden_3,train
Images/Test/apple_golden_3/r1_303.jpg,apple_golden_3,test
Images/Test/apple_golden_3/r1_307.jpg,apple_golden_3,test
Images/Test/apple_golden_3/r1_31.jpg,apple_golden_3,train
Images/Test/apple_golden_3/r1_311.jpg,apple_golden_3,test
Images/Test/apple_golden_3/r1_315.jpg,apple_golden_3,test
Images/Test/apple_golden_3/r1_319.jpg,apple_golden_3,test
Images/Test/apple_golden_3/r1_35.jpg,apple_golden_3,train
Images/Test/apple_golden_3/r1_39.jpg,apple_golden_3,train
Images/Test/apple_golden_3/r1_43.jpg,apple_golden_3,train
Images/Test/apple_golden_3/r1_47.jpg,apple_golden_3,train
Images/Test/apple_golden_3/r1_51.jpg,apple_golden_3,train
Images/Test/apple_golden_3/r1_55.jpg,apple_golden_3,train
Images/Test/apple_golden_3/r1_59.jpg,apple_golden_3,train
Images/Test/apple_golden_3/r1_63.jpg,apple_golden_3,train
Images/Test/apple_golden_3/r1_67.jpg,apple_golden_3,train
Images/Test/apple_golden_3/r1_7.jpg,apple_golden_3,train
Images/Test/apple_golden_3/r1_71.jpg,apple_golden_3,train
Images/Test/apple_golden_3/r1_75.jpg,apple_golden_3,train
Images/Test/apple_golden_3/r1_79.jpg,apple_golden_3,train
Images/Test/apple_golden_3/r1_83.jpg,apple_golden_3,train
Images/Test/apple_golden_3/r1_87.jpg,apple_golden_3,train
Images/Test/apple_golden_3/r1_91.jpg,apple_golden_3,train
Images/Test/apple_golden_3/r1_95.jpg,apple_golden_3,train
Images/Test/apple_golden_3/r1_99.jpg,apple_golden_3,train
Images/Test/apple_granny_smith_1/r0_103.jpg,apple_granny_smith_1,train
Images/Test/apple_granny_smith_1/r0_107.jpg,apple_granny_smith_1,train
Images/Test/apple_granny_smith_1/r0_11.jpg,apple_granny_smith_1,train
Images/Test/apple_granny_smith_1/r0_111.jpg,apple_granny_smith_1,train
Images/Test/apple_granny_smith_1/r0_115.jpg,apple_granny_smith_1,train
Images/Test/apple_granny_smith_1/r0_119.jpg,apple_granny_smith_1,train
Images/Test/apple_granny_smith_1/r0_123.jpg,apple_granny_smith_1,train
Images/Test/apple_granny_smith_1/r0_127.jpg,apple_granny_smith_1,train
Images/Test/apple_granny_smith_1/r0_131.jpg,apple_granny_smith_1,train
Images/Test/apple_granny_smith_1/r0_135.jpg,apple_granny_smith_1,train
Images/Test/apple_granny_smith_1/r0_139.jpg,apple_granny_smith_1,train
Images/Test/apple_granny_smith_1/r0_143.jpg,apple_granny_smith_1,train
Images/Test/apple_granny_smith_1/r0_147.jpg,apple_granny_smith_1,train
Images/Test/apple_granny_smith_1/r0_15.jpg,apple_granny_smith_1,train
Images/Test/apple_granny_smith_1/r0_151.jpg,apple_granny_smith_1,train
Images/Test/apple_granny_smith_1/r0_155.jpg,apple_granny_smith_1,train
Images/Test/apple_granny_smith_1/r0_159.jpg,apple_granny_smith_1,train
Images/Test/apple_granny_smith_1/r0_163.jpg,apple_granny_smith_1,train
Images/Test/apple_granny_smith_1/r0_167.jpg,apple_granny_smith_1,train
Images/Test/apple_granny_smith_1/r0_171.jpg,apple_granny_smith_1,train
Images/Test/apple_granny_smith_1/r0_175.jpg,apple_granny_smith_1,train
Images/Test/apple_granny_smith_1/r0_179.jpg,apple_granny_smith_1,train
Images/Test/apple_granny_smith_1/r0_183.jpg,apple_granny_smith_1,train
Images/Test/apple_granny_smith_1/r0_187.jpg,apple_granny_smith_1,train
Images/Test/apple_granny_smith_1/r0_19.jpg,apple_granny_smith_1,train
Images/Test/apple_granny_smith_1/r0_191.jpg,apple_granny_smith_1,train
Images/Test/apple_granny_smith_1/r0_195.jpg,apple_granny_smith_1,train
Images/Test/apple_granny_smith_1/r0_199.jpg,apple_granny_smith_1,train
Images/Test/apple_granny_smith_1/r0_203.jpg,apple_granny_smith_1,train
Images/Test/apple_granny_smith_1/r0_207.jpg,apple_granny_smith_1,train
Images/Test/apple_granny_smith_1/r0_211.jpg,apple_granny_smith_1,train
Images/Test/apple_granny_smith_1/r0_215.jpg,apple_granny_smith_1,train
Images/Test/apple_granny_smith_1/r0_219.jpg,apple_granny_smith_1,train
Images/Test/apple_granny_smith_1/r0_223.jpg,apple_granny_smith_1,train
Images/Test/apple_granny_smith_1/r0_227.jpg,apple_granny_smith_1,val
Images/Test/apple_granny_smith_1/r0_23.jpg,apple_granny_smith_1,train
Images/Test/apple_granny_smith_1/r0_231.jpg,apple_granny_smith_1,val
Images/Test/apple_granny_smith_1/r0_235.jpg,apple_granny_smith_1,val
Images/Test/apple_granny_smith_1/r0_239.jpg,apple_granny_smith_1,val
Images/Test/apple_granny_smith_1/r0_243.jpg,apple_granny_smith_1,val
Images/Test/apple_granny_smith_1/r0_247.jpg,apple_granny_smith_1,val
Images/Test/apple_granny_smith_1/r0_251.jpg,apple_granny_smith_1,val
Images/Test/apple_granny_smith_1/r0_255.jpg,apple_granny_smith_1,val
Images/Test/apple_granny_smith_1/r0_259.jpg,apple_granny_smith_1,val
Images/Test/apple_granny_smith_1/r0_263.jpg,apple_granny_smith_1,val
Images/Test/apple_granny_smith_1/r0_267.jpg,apple_granny_smith_1,val
Images/Test/apple_granny_smith_1/r0_27.jpg,apple_granny_smith_1,train
Images/Test/apple_granny_smith_1/r0_271.jpg,apple_granny_smith_1,val
Images/Test/apple_granny_smith_1/r0_275.jpg,apple_granny_smith_1,test
Images/Test/apple_granny_smith_1/r0_279.jpg,apple_granny_smith_1,test
Images/Test/apple_granny_smith_1/r0_283.jpg,apple_granny_smith_1,test
Images/Test/apple_granny_smith_1/r0_287.jpg,apple_granny_smith_1,test
Images/Test/apple_granny_smith_1/r0_291.jpg,apple_granny_smith_1,test
Images/Test/apple_granny_smith_1/r0_295.jpg,apple_granny_smith_1,test
Images/Test/apple_granny_smith_1/r0_299.jpg,apple_granny_smith_1,test
Images/Test/apple_granny_smith_1/r0_3.jpg,apple_granny_smith_1,train
Images/Test/apple_granny_smith_1/r0_303.jpg,apple_granny_smith_1,test
Images/Test/apple_granny_smith_1/r0_307.jpg,apple_granny_smith_1,test
Images/Test/apple_granny_smith_1/r0_31.jpg,apple_granny_smith_1,train
Images/Test/apple_granny_smith_1/r0_311.jpg,apple_granny_smith_1,test
Images/Test/apple_granny_smith_1/r0_315.jpg,apple_granny_smith_1,test
Images/Test/apple_granny_smith_1/r0_319.jpg,apple_granny_smith_1,test
Images/Test/apple_granny_smith_1/r0_35.jpg,apple_granny_smith_1,train
Images/Test/apple_granny_smith_1/r0_39.jpg,apple_granny_smith_1,train
Images/Test/apple_granny_smith_1/r0_43.jpg,apple_granny_smith_1,train
Images/Test/apple_granny_smith_1/r0_47.jpg,apple_granny_smith_1,train
Images/Test/apple_granny_smith_1/r0_51.jpg,apple_granny_smith_1,train
Images/Test/apple_granny_smith_1/r0_55.jpg,apple_granny_smith_1,train
Images/Test/apple_granny_smith_1/r0_59.jpg,apple_granny_smith_1,train
Images/Test/apple_granny_smith_1/r0_63.jpg,apple_granny_smith_1,train
Images/Test/apple_granny_smith_1/r0_67.jpg,apple_granny_smith_1,train
Images/Test/apple_granny_smith_1/r0_7.jpg,apple_granny_smith_1,train
Images/Test/apple_granny_smith_1/r0_71.jpg,apple_granny_smith_1,train
Images/Test/apple_granny_smith_1/r0_75.jpg,apple_granny_smith_1,train
Images/Test/apple_granny_smith_1/r0_79.jpg,apple_granny_smith_1,train
Images/Test/apple_granny_smith_1/r0_83.jpg,apple_granny_smith_1,train
Images/Test/apple_granny_smith_1/r0_87.jpg,apple_granny_smith_1,train
Images/Test/apple_granny_smith_1/r0_91.jpg,apple_granny_smith_1,train
Images/Test/apple_granny_smith_1/r0_95.jpg,apple_granny_smith_1,train
Images/Test/apple_granny_smith_1/r0_99.jpg,apple_granny_smith_1,train
Images/Test/apple_granny_smith_1/r1_103.jpg,apple_granny_smith_1,train
Images/Test/apple_granny_smith_1/r1_107.jpg,apple_granny_smith_1,train
Images/Test/apple_granny_smith_1/r1_11.jpg,apple_granny_smith_1,train
Images/Test/apple_granny_smith_1/r1_111.jpg,apple_granny_smith_1,train
Images/Test/apple_granny_smith_1/r1_115.jpg,apple_granny_smith_1,train
Images/Test/apple_granny_smith_1/r1_119.jpg,apple_granny_smith_1,train
Images/Test/apple_granny_smith_1/r1_123.jpg,apple_granny_smith_1,train
Images/Test/apple_granny_smith_1/r1_127.jpg,apple_granny_smith_1,train
Images/Test/apple_granny_smith_1/r1_131.jpg,apple_granny_smith_1,train
Images/Test/apple_granny_smith_1/r1_135.jpg,apple_granny_smith_1,train
Images/Test/apple_granny_smith_1/r1_139.jpg,apple_granny_smith_1,train
Images/Test/apple_granny_smith_1/r1_143.jpg,apple_granny_smith_1,train
Images/Test/apple_granny_smith_1/r1_147.jpg,apple_granny_smith_1,train
Images/Test/apple_granny_smith_1/r1_15.jpg,apple_granny_smith_1,train
Images/Test/apple_granny_smith_1/r1_151.jpg,apple_granny_smith_1,train
Images/Test/apple_granny_smith_1/r1_155.jpg,apple_granny_smith_1,train
Images/Test/apple_granny_smith_1/r1_159.jpg,apple_granny_smith_1,train
Images/Test/apple_granny_smith_1/r1_163.jpg,apple_granny_smith_1,train
Images/Test/apple_granny_smith_1/r1_167.jpg,apple_granny_smith_1,train
Images/Test/apple_granny_smith_1/r1_171.jpg,apple_granny_smith_1,train
Images/Test/apple_granny_smith_1/r1_175.jpg,apple_granny_smith_1,train
Images/Test/apple_granny_smith_1/r1_179.jpg,apple_granny_smith_1,train
Images/Test/apple_granny_smith_1/r1_183.jpg,apple_granny_smith_1,train
Images/Test/apple_granny_smith_1/r1_187.jpg,apple_granny_smith_1,train
Images/Test/apple_granny_smith_1/r1_19.jpg,apple_granny_smith_1,train
Images/Test/apple_granny_smith_1/r1_191.jpg,apple_granny_smith_1,train
Images/Test/apple_granny_smith_1/r1_195.jpg,apple_granny_smith_1,train
Images/Test/apple_granny_smith_1/r1_199.jpg,apple_granny_smith_1,train
Images/Test/apple_granny_smith_1/r1_203.jpg,apple_granny_smith_1,train
Images/Test/apple_granny_smith_1/r1_207.jpg,apple_granny_smith_1,train
Images/Test/apple_granny_smith_1/r1_211.jpg,apple_granny_smith_1,train
Images/Test/apple_granny_smith_1/r1_215.jpg,apple_granny_smith_1,train
Images/Test/apple_granny_smith_1/r1_219.jpg,apple_granny_smith_1,train
Images/Test/apple_granny_smith_1/r1_223.jpg,apple_granny_smith_1,train
Images/Test/apple_granny_smith_1/r1_227.jpg,apple_granny_smith_1,val
Images/Test/apple_granny_smith_1/r1_23.jpg,apple_granny_smith_1,train
Images/Test/apple_granny_smith_1/r1_231.jpg,apple_granny_smith_1,val
Images/Test/apple_granny_smith_1/r1_235.jpg,apple_granny_smith_1,val
Images/Test/apple_granny_smith_1/r1_239.jpg,apple_granny_smith_1,val
Images/Test/apple_granny_smith_1/r1_243.jpg,apple_granny_smith_1,val
Images/Test/apple_granny_smith_1/r1_247.jpg,apple_granny_smith_1,val
Images/Test/apple_granny_smith_1/r1_251.jpg,apple_granny_smith_1,val
Images/Test/apple_granny_smith_1/r1_255.jpg,apple_granny_smith_1,val
Images/Test/apple_granny_smith_1/r1_259.jpg,apple_granny_smith_1,val
Images/Test/apple_granny_smith_1/r1_263.jpg,apple_granny_smith_1,val
Images/Test/apple_granny_smith_1/r1_267.jpg,apple_granny_smith_1,val
Images/Test/apple_granny_smith_1/r1_27.jpg,apple_granny_smith_1,train
Images/Test/apple_granny_smith_1/r1_271.jpg,apple_granny_smith_1,val
Images/Test/apple_granny_smith_1/r1_275.jpg,apple_granny_smith_1,test
Images/Test/apple_granny_smith_1/r1_279.jpg,apple_granny_smith_1,test
Images/Test/apple_granny_smith_1/r1_283.jpg,apple_granny_smith_1,test
Images/Test/apple_granny_smith_1/r1_287.jpg,apple_granny_smith_1,test
Images/Test/apple_granny_smith_1/r1_291.jpg,apple_granny_smith_1,test
Images/Test/apple_granny_smith_1/r1_295.jpg,apple_granny_smith_1,test
Images/Test/apple_granny_smith_1/r1_299.jpg,apple_granny_smith_1,test
Images/Test/apple_granny_smith_1/r1_3.jpg,apple_granny_smith_1,train
Images/Test/apple_granny_smith_1/r1_303.jpg,apple_granny_smith_1,test
Images/Test/apple_granny_smith_1/r1_307.jpg,apple_granny_smith_1,test
Images/Test/apple_granny_smith_1/r1_31.jpg,apple_granny_smith_1,train
Images/Test/apple_granny_smith_1/r1_311.jpg,apple_granny_smith_1,test
Images/Test/apple_granny_smith_1/r1_315.jpg,apple_granny_smith_1,test
Images/Test/apple_granny_smith_1/r1_319.jpg,apple_granny_smith_1,test
Images/Test/apple_granny_smith_1/r1_35.jpg,apple_granny_smith_1,train
Images/Test/apple_granny_smith_1/r1_39.jpg,apple_granny_smith_1,train
Images/Test/apple_granny_smith_1/r1_43.jpg,apple_granny_smith_1,train
Images/Test/apple_granny_smith_1/r1_47.jpg,apple_granny_smith_1,train
Images/Test/apple_granny_smith_1/r1_51.jpg,apple_granny_smith_1,train
Images/Test/apple_granny_smith_1/r1_55.jpg,apple_granny_smith_1,train
Images/Test/apple_granny_smith_1/r1_59.jpg,apple_granny_smith_1,train
Images/Test/apple_granny_smith_1/r1_63.jpg,apple_granny_smith_1,train
Images/Test/apple_granny_smith_1/r1_67.jpg,apple_granny_smith_1,train
Images/Test/apple_granny_smith_1/r1_7.jpg,apple_granny_smith_1,train
Images/Test/apple_granny_smith_1/r1_71.jpg,apple_granny_smith_1,train
Images/Test/apple_granny_smith_1/r1_75.jpg,apple_granny_smith_1,train
Images/Test/apple_granny_smith_1/r1_79.jpg,apple_granny_smith_1,train
Images/Test/apple_granny_smith_1/r1_83.jpg,apple_granny_smith_1,train
Images/Test/apple_granny_smith_1/r1_87.jpg,apple_granny_smith_1,train
Images/Test/apple_granny_smith_1/r1_91.jpg,apple_granny_smith_1,train
Images/Test/apple_granny_smith_1/r1_95.jpg,apple_granny_smith_1,train
Images/Test/apple_granny_smith_1/r1_99.jpg,apple_granny_smith_1,train
Images/Test/apple_hit_1/r0_103.jpg,apple_hit_1,train
Images/Test/apple_hit_1/r0_107.jpg,apple_hit_1,train
Images/Test/apple_hit_1/r0_11.jpg,apple_hit_1,train
Images/Test/apple_hit_1/r0_111.jpg,apple_hit_1,train
Images/Test/apple_hit_1/r0_115.jpg,apple_hit_1,train
Images/Test/apple_hit_1/r0_119.jpg,apple_hit_1,train
Images/Test/apple_hit_1/r0_123.jpg,apple_hit_1,train
Images/Test/apple_hit_1/r0_127.jpg,apple_hit_1,train
Images/Test/apple_hit_1/r0_131.jpg,apple_hit_1,train
Images/Test/apple_hit_1/r0_135.jpg,apple_hit_1,train
Images/Test/apple_hit_1/r0_139.jpg,apple_hit_1,train
Images/Test/apple_hit_1/r0_143.jpg,apple_hit_1,train
Images/Test/apple_hit_1/r0_147.jpg,apple_hit_1,train
Images/Test/apple_hit_1/r0_15.jpg,apple_hit_1,train
Images/Test/apple_hit_1/r0_151.jpg,apple_hit_1,train
Images/Test/apple_hit_1/r0_155.jpg,apple_hit_1,train
Images/Test/apple_hit_1/r0_159.jpg,apple_hit_1,train
Images/Test/apple_hit_1/r0_163.jpg,apple_hit_1,train
Images/Test/apple_hit_1/r0_167.jpg,apple_hit_1,train
Images/Test/apple_hit_1/r0_171.jpg,apple_hit_1,train
Images/Test/apple_hit_1/r0_175.jpg,apple_hit_1,train
Images/Test/apple_hit_1/r0_179.jpg,apple_hit_1,train
Images/Test/apple_hit_1/r0_183.jpg,apple_hit_1,train
Images/Test/apple_hit_1/r0_187.jpg,apple_hit_1,train
Images/Test/apple_hit_1/r0_19.jpg,apple_hit_1,train
Images/Test/apple_hit_1/r0_191.jpg,apple_hit_1,train
Images/Test/apple_hit_1/r0_195.jpg,apple_hit_1,train
Images/Test/apple_hit_1/r0_199.jpg,apple_hit_1,train
Images/Test/apple_hit_1/r0_203.jpg,apple_hit_1,train
Images/Test/apple_hit_1/r0_207.jpg,apple_hit_1,train
Images/Test/apple_hit_1/r0_211.jpg,apple_hit_1,train
Images/Test/apple_hit_1/r0_215.jpg,apple_hit_1,train
Images/Test/apple_hit_1/r0_219.jpg,apple_hit_1,train
Images/Test/apple_hit_1/r0_223.jpg,apple_hit_1,train
Images/Test/apple_hit_1/r0_227.jpg,apple_hit_1,val
Images/Test/apple_hit_1/r0_23.jpg,apple_hit_1,train
Images/Test/apple_hit_1/r0_231.jpg,apple_hit_1,val
Images/Test/apple_hit_1/r0_235.jpg,apple_hit_1,val
Images/Test/apple_hit_1/r0_239.jpg,apple_hit_1,val
Images/Test/apple_hit_1/r0_243.jpg,apple_hit_1,val
Images/Test/apple_hit_1/r0_247.jpg,apple_hit_1,val
Images/Test/apple_hit_1/r0_251.jpg,apple_hit_1,val
Images/Test/apple_hit_1/r0_255.jpg,apple_hit_1,val
Images/Test/apple_hit_1/r0_259.jpg,apple_hit_1,val
Images/Test/apple_hit_1/r0_263.jpg,apple_hit_1,val
Images/Test/apple_hit_1/r0_267.jpg,apple_hit_1,val
Images/Test/apple_hit_1/r0_27.jpg,apple_hit_1,train
Images/Test/apple_hit_1/r0_271.jpg,apple_hit_1,val
Images/Test/apple_hit_1/r0_275.jpg,apple_hit_1,test
Images/Test/apple_hit_1/r0_279.jpg,apple_hit_1,test
Images/Test/apple_hit_1/r0_283.jpg,apple_hit_1,test
Images/Test/apple_hit_1/r0_287.jpg,apple_hit_1,test
Images/Test/apple_hit_1/r0_291.jpg,apple_hit_1,test
Images/Test/apple_hit_1/r0_295.jpg,apple_hit_1,test
Images/Test/apple_hit_1/r0_299.jpg,apple_hit_1,test
Images/Test/apple_hit_1/r0_3.jpg,apple_hit_1,train
Images/Test/apple_hit_1/r0_303.jpg,apple_hit_1,test
Images/Test/apple_hit_1/r0_307.jpg,apple_hit_1,test
Images/Test/apple_hit_1/r0_31.jpg,apple_hit_1,train
Images/Test/apple_hit_1/r0_311.jpg,apple_hit_1,test
Images/Test/apple_hit_1/r0_315.jpg,apple_hit_1,test
Images/Test/apple_hit_1/r0_319.jpg,apple_hit_1,test
Images/Test/apple_hit_1/r0_35.jpg,apple_hit_1,train
Images/Test/apple_hit_1/r0_39.jpg,apple_hit_1,train
Images/Test/apple_hit_1/r0_43.jpg,apple_hit_1,train
Images/Test/apple_hit_1/r0_47.jpg,apple_hit_1,train
Images/Test/apple_hit_1/r0_51.jpg,apple_hit_1,train
Images/Test/apple_hit_1/r0_55.jpg,apple_hit_1,train
Images/Test/apple_hit_1/r0_59.jpg,apple_hit_1,train
Images/Test/apple_hit_1/r0_63.jpg,apple_hit_1,train
Images/Test/apple_hit_1/r0_67.jpg,apple_hit_1,train
Images/Test/apple_hit_1/r0_7.jpg,apple_hit_1,train
Images/Test/apple_hit_1/r0_71.jpg,apple_hit_1,train
Images/Test/apple_hit_1/r0_75.jpg,apple_hit_1,train
Images/Test/apple_hit_1/r0_79.jpg,apple_hit_1,train
Images/Test/apple_hit_1/r0_83.jpg,apple_hit_1,train
Images/Test/apple_hit_1/r0_87.jpg,apple_hit_1,train
Images/Test/apple_hit_1/r0_91.jpg,apple_hit_1,train
Images/Test/apple_hit_1/r0_95.jpg,apple_hit_1,train
Images/Test/apple_hit_1/r0_99.jpg,apple_hit_1,train
Images/Test/apple_hit_1/r1_103.jpg,apple_hit_1,train
Images/Test/apple_hit_1/r1_107.jpg,apple_hit_1,train
Images/Test/apple_hit_1/r1_11.jpg,apple_hit_1,train
Images/Test/apple_hit_1/r1_111.jpg,apple_hit_1,train
Images/Test/apple_hit_1/r1_115.jpg,apple_hit_1,train
Images/Test/apple_hit_1/r1_119.jpg,apple_hit_1,train
Images/Test/apple_hit_1/r1_123.jpg,apple_hit_1,train
Images/Test/apple_hit_1/r1_127.jpg,apple_hit_1,train
Images/Test/apple_hit_1/r1_131.jpg,apple_hit_1,train
Images/Test/apple_hit_1/r1_135.jpg,apple_hit_1,train
Images/Test/apple_hit_1/r1_139.jpg,apple_hit_1,train
Images/Test/apple_hit_1/r1_143.jpg,apple_hit_1,train
Images/Test/apple_hit_1/r1_147.jpg,apple_hit_1,train
Images/Test/apple_hit_1/r1_15.jpg,apple_hit_1,train
Images/Test/apple_hit_1/r1_151.jpg,apple_hit_1,train
Images/Test/apple_hit_1/r1_155.jpg,apple_hit_1,train
Images/Test/apple_hit_1/r1_159.jpg,apple_hit_1,train
Images/Test/apple_hit_1/r1_163.jpg,apple_hit_1,train
Images/Test/apple_hit_1/r1_167.jpg,apple_hit_1,train
Images/Test/apple_hit_1/r1_171.jpg,apple_hit_1,train
Images/Test/apple_hit_1/r1_175.jpg,apple_hit_1,train
Images/Test/apple_hit_1/r1_179.jpg,apple_hit_1,train
Images/Test/apple_hit_1/r1_183.jpg,apple_hit_1,train
Images/Test/apple_hit_1/r1_187.jpg,apple_hit_1,train
Images/Test/apple_hit_1/r1_19.jpg,apple_hit_1,train
Images/Test/apple_hit_1/r1_191.jpg,apple_hit_1,train
Images/Test/apple_hit_1/r1_195.jpg,apple_hit_1,train
Images/Test/apple_hit_1/r1_199.jpg,apple_hit_1,train
Images/Test/apple_hit_1/r1_203.jpg,apple_hit_1,train
Images/Test/apple_hit_1/r1_207.jpg,apple_hit_1,train
Images/Test/apple_hit_1/r1_211.jpg,apple_hit_1,train
Images/Test/apple_hit_1/r1_215.jpg,apple_hit_1,train
Images/Test/apple_hit_1/r1_219.jpg,apple_hit_1,val
Images/Test/apple_hit_1/r1_223.jpg,apple_hit_1,val
Images/Test/apple_hit_1/r1_227.jpg,apple_hit_1,val
Images/Test/apple_hit_1/r1_23.jpg,apple_hit_1,train
Images/Test/apple_hit_1/r1_231.jpg,apple_hit_1,val
Images/Test/apple_hit_1/r1_235.jpg,apple_hit_1,val
Images/Test/apple_hit_1/r1_239.jpg,apple_hit_1,val
Images/Test/apple_hit_1/r1_243.jpg,apple_hit_1,val
Images/Test/apple_hit_1/r1_247.jpg,apple_hit_1,val
Images/Test/apple_hit_1/r1_251.jpg,apple_hit_1,val
Images/Test/apple_hit_1/r1_255.jpg,apple_hit_1,val
Images/Test/apple_hit_1/r1_259.jpg,apple_hit_1,val
Images/Test/apple_hit_1/r1_263.jpg,apple_hit_1,test
Images/Test/apple_hit_1/r1_267.jpg,apple_hit_1,test
Images/Test/apple_hit_1/r1_27.jpg,apple_hit_1,train
Images/Test/apple_hit_1/r1_271.jpg,apple_hit_1,test
Images/Test/apple_hit_1/r1_275.jpg,apple_hit_1,test
Images/Test/apple_hit_1/r1_279.jpg,apple_hit_1,test
Images/Test/apple_hit_1/r1_283.jpg,apple_hit_1,test
Images/Test/apple_hit_1/r1_287.jpg,apple_hit_1,test
Images/Test/apple_hit_1/r1_291.jpg,apple_hit_1,test
Images/Test/apple_hit_1/r1_295.jpg,apple_hit_1,test
Images/Test/apple_hit_1/r1_299.jpg,apple_hit_1,test
Images/Test/apple_hit_1/r1_3.jpg,apple_hit_1,train
Images/Test/apple_hit_1/r1_303.jpg,apple_hit_1,test
Images/Test/apple_hit_1/r1_307.jpg,apple_hit_1,test
Images/Test/apple_hit_1/r1_31.jpg,apple_hit_1,train
Images/Test/apple_hit_1/r1_35.jpg,apple_hit_1,train
Images/Test/apple_hit_1/r1_39.jpg,apple_hit_1,train
Images/Test/apple_hit_1/r1_43.jpg,apple_hit_1,train
Images/Test/apple_hit_1/r1_47.jpg,apple_hit_1,train
Images/Test/apple_hit_1/r1_51.jpg,apple_hit_1,train
Images/Test/apple_hit_1/r1_55.jpg,apple_hit_1,train
Images/Test/apple_hit_1/r1_59.jpg,apple_hit_1,train
Images/Test/apple_hit_1/r1_63.jpg,apple_hit_1,train
Images/Test/apple_hit_1/r1_67.jpg,apple_hit_1,train
Images/Test/apple_hit_1/r1_7.jpg,apple_hit_1,train
Images/Test/apple_hit_1/r1_71.jpg,apple_hit_1,train
Images/Test/apple_hit_1/r1_75.jpg,apple_hit_1,train
Images/Test/apple_hit_1/r1_79.jpg,apple_hit_1,train
Images/Test/apple_hit_1/r1_83.jpg,apple_hit_1,train
Images/Test/apple_hit_1/r1_87.jpg,apple_hit_1,train
Images/Test/apple_hit_1/r1_91.jpg,apple_hit_1,train
Images/Test/apple_hit_1/r1_95.jpg,apple_hit_1,train
Images/Test/apple_hit_1/r1_99.jpg,apple_hit_1,train
Images/Test/apple_hit_1/r2_103.jpg,apple_hit_1,train
Images/Test/apple_hit_1/r2_107.jpg,apple_hit_1,train
Images/Test/apple_hit_1/r2_11.jpg,apple_hit_1,train
Images/Test/apple_hit_1/r2_111.jpg,apple_hit_1,train
Images/Test/apple_hit_1/r2_115.jpg,apple_hit_1,train
Images/Test/apple_hit_1/r2_119.jpg,apple_hit_1,train
Images/Test/apple_hit_1/r2_123.jpg,apple_hit_1,train
Images/Test/apple_hit_1/r2_127.jpg,apple_hit_1,train
Images/Test/apple_hit_1/r2_131.jpg,apple_hit_1,train
Images/Test/apple_hit_1/r2_135.jpg,apple_hit_1,train
Images/Test/apple_hit_1/r2_139.jpg,apple_hit_1,train
Images/Test/apple_hit_1/r2_143.jpg,apple_hit_1,train
Images/Test/apple_hit_1/r2_147.jpg,apple_hit_1,train
Images/Test/apple_hit_1/r2_15.jpg,apple_hit_1,train
Images/Test/apple_hit_1/r2_151.jpg,apple_hit_1,train
Images/Test/apple_hit_1/r2_155.jpg,apple_hit_1,train
Images/Test/apple_hit_1/r2_159.jpg,apple_hit_1,train
Images/Test/apple_hit_1/r2_163.jpg,apple_hit_1,train
Images/Test/apple_hit_1/r2_167.jpg,apple_hit_1,train
Images/Test/apple_hit_1/r2_171.jpg,apple_hit_1,train
Images/Test/apple_hit_1/r2_175.jpg,apple_hit_1,train
Images/Test/apple_hit_1/r2_179.jpg,apple_hit_1,train
Images/Test/apple_hit_1/r2_183.jpg,apple_hit_1,train
Images/Test/apple_hit_1/r2_187.jpg,apple_hit_1,train
Images/Test/apple_hit_1/r2_19.jpg,apple_hit_1,train
Images/Test/apple_hit_1/r2_191.jpg,apple_hit_1,train
Images/Test/apple_hit_1/r2_195.jpg,apple_hit_1,train
Images/Test/apple_hit_1/r2_199.jpg,apple_hit_1,train
Images/Test/apple_hit_1/r2_203.jpg,apple_hit_1,train
Images/Test/apple_hit_1/r2_207.jpg,apple_hit_1,train
Images/Test/apple_hit_1/r2_211.jpg,apple_hit_1,train
Images/Test/apple_hit_1/r2_215.jpg,apple_hit_1,train
Images/Test/apple_hit_1/r2_219.jpg,apple_hit_1,val
Images/Test/apple_hit_1/r2_223.jpg,apple_hit_1,val
Images/Test/apple_hit_1/r2_227.jpg,apple_hit_1,val
Images/Test/apple_hit_1/r2_23.jpg,apple_hit_1,train
Images/Test/apple_hit_1/r2_231.jpg,apple_hit_1,val
Images/Test/apple_hit_1/r2_235.jpg,apple_hit_1,val
Images/Test/apple_hit_1/r2_239.jpg,apple_hit_1,val
Images/Test/apple_hit_1/r2_243.jpg,apple_hit_1,val
Images/Test/apple_hit_1/r2_247.jpg,apple_hit_1,val
Images/Test/apple_hit_1/r2_251.jpg,apple_hit_1,val
Images/Test/apple_hit_1/r2_255.jpg,apple_hit_1,val
Images/Test/apple_hit_1/r2_259.jpg,apple_hit_1,val
Images/Test/apple_hit_1/r2_263.jpg,apple_hit_1,test
Images/Test/apple_hit_1/r2_267.jpg,apple_hit_1,test
Images/Test/apple_hit_1/r2_27.jpg,apple_hit_1,train
Images/Test/apple_hit_1/r2_271.jpg,apple_hit_1,test
Images/Test/apple_hit_1/r2_275.jpg,apple_hit_1,test
Images/Test/apple_hit_1/r2_279.jpg,apple_hit_1,test
Images/Test/apple_hit_1/r2_283.jpg,apple_hit_1,test
Images/Test/apple_hit_1/r2_287.jpg,apple_hit_1,test
Images/Test/apple_hit_1/r2_291.jpg,apple_hit_1,test
Images/Test/apple_hit_1/r2_295.jpg,apple_hit_1,test
Images/Test/apple_hit_1/r2_299.jpg,apple_hit_1,test
Images/Test/apple_hit_1/r2_3.jpg,apple_hit_1,train
Images/Test/apple_hit_1/r2_303.jpg,apple_hit_1,test
Images/Test/apple_hit_1/r2_307.jpg,apple_hit_1,test
Images/Test/apple_hit_1/r2_31.jpg,apple_hit_1,train
Images/Test/apple_hit_1/r2_35.jpg,apple_hit_1,train
Images/Test/apple_hit_1/r2_39.jpg,apple_hit_1,train
Images/Test/apple_hit_1/r2_43.jpg,apple_hit_1,train
Images/Test/apple_hit_1/r2_47.jpg,apple_hit_1,train
Images/Test/apple_hit_1/r2_51.jpg,apple_hit_1,train
Images/Test/apple_hit_1/r2_55.jpg,apple_hit_1,train
Images/Test/apple_hit_1/r2_59.jpg,apple_hit_1,train
Images/Test/apple_hit_1/r2_63.jpg,apple_hit_1,train
Images/Test/apple_hit_1/r2_67.jpg,apple_hit_1,train
Images/Test/apple_hit_1/r2_7.jpg,apple_hit_1,train
Images/Test/apple_hit_1/r2_71.jpg,apple_hit_1,train
Images/Test/apple_hit_1/r2_75.jpg,apple_hit_1,train
Images/Test/apple_hit_1/r2_79.jpg,apple_hit_1,train
Images/Test/apple_hit_1/r2_83.jpg,apple_hit_1,train
Images/Test/apple_hit_1/r2_87.jpg,apple_hit_1,train
Images/Test/apple_hit_1/r2_91.jpg,apple_hit_1,train
Images/Test/apple_hit_1/r2_95.jpg,apple_hit_1,train
Images/Test/apple_hit_1/r2_99.jpg,apple_hit_1,train
Images/Test/apple_pink_lady_1/r0_103.jpg,apple_pink_lady_1,train
Images/Test/apple_pink_lady_1/r0_107.jpg,apple_pink_lady_1,train
Images/Test/apple_pink_lady_1/r0_11.jpg,apple_pink_lady_1,train
Images/Test/apple_pink_lady_1/r0_111.jpg,apple_pink_lady_1,train
Images/Test/apple_pink_lady_1/r0_115.jpg,apple_pink_lady_1,train
Images/Test/apple_pink_lady_1/r0_119.jpg,apple_pink_lady_1,train
Images/Test/apple_pink_lady_1/r0_123.jpg,apple_pink_lady_1,train
Images/Test/apple_pink_lady_1/r0_127.jpg,apple_pink_lady_1,train
Images/Test/apple_pink_lady_1/r0_131.jpg,apple_pink_lady_1,train
Images/Test/apple_pink_lady_1/r0_135.jpg,apple_pink_lady_1,train
Images/Test/apple_pink_lady_1/r0_139.jpg,apple_pink_lady_1,train
Images/Test/apple_pink_lady_1/r0_143.jpg,apple_pink_lady_1,train
Images/Test/apple_pink_lady_1/r0_147.jpg,apple_pink_lady_1,train
Images/Test/apple_pink_lady_1/r0_15.jpg,apple_pink_lady_1,train
Images/Test/apple_pink_lady_1/r0_151.jpg,apple_pink_lady_1,train
Images/Test/apple_pink_lady_1/r0_155.jpg,apple_pink_lady_1,train
Images/Test/apple_pink_lady_1/r0_159.jpg,apple_pink_lady_1,train
Images/Test/apple_pink_lady_1/r0_163.jpg,apple_pink_lady_1,train
Images/Test/apple_pink_lady_1/r0_167.jpg,apple_pink_lady_1,train
Images/Test/apple_pink_lady_1/r0_171.jpg,apple_pink_lady_1,train
Images/Test/apple_pink_lady_1/r0_175.jpg,apple_pink_lady_1,train
Images/Test/apple_pink_lady_1/r0_179.jpg,apple_pink_lady_1,train
Images/Test/apple_pink_lady_1/r0_183.jpg,apple_pink_lady_1,train
Images/Test/apple_pink_lady_1/r0_187.jpg,apple_pink_lady_1,train
Images/Test/apple_pink_lady_1/r0_19.jpg,apple_pink_lady_1,train
Images/Test/apple_pink_lady_1/r0_191.jpg,apple_pink_lady_1,train
Images/Test/apple_pink_lady_1/r0_195.jpg,apple_pink_lady_1,train
Images/Test/apple_pink_lady_1/r0_199.jpg,apple_pink_lady_1,train
Images/Test/apple_pink_lady_1/r0_203.jpg,apple_pink_lady_1,train
Images/Test/apple_pink_lady_1/r0_207.jpg,apple_pink_lady_1,train
Images/Test/apple_pink_lady_1/r0_211.jpg,apple_pink_lady_1,train
Images/Test/apple_pink_lady_1/r0_215.jpg,apple_pink_lady_1,val
Images/Test/apple_pink_lady_1/r0_219.jpg,apple_pink_lady_1,val
Images/Test/apple_pink_lady_1/r0_223.jpg,apple_pink_lady_1,val
Images/Test/apple_pink_lady_1/r0_227.jpg,apple_pink_lady_1,val
Images/Test/apple_pink_lady_1/r0_23.jpg,apple_pink_lady_1,train
Images/Test/apple_pink_lady_1/r0_231.jpg,apple_pink_lady_1,val
Images/Test/apple_pink_lady_1/r0_235.jpg,apple_pink_lady_1,val
Images/Test/apple_pink_lady_1/r0_239.jpg,apple_pink_lady_1,val
Images/Test/apple_pink_lady_1/r0_243.jpg,apple_pink_lady_1,val
Images/Test/apple_pink_lady_1/r0_247.jpg,apple_pink_lady_1,val
Images/Test/apple_pink_lady_1/r0_251.jpg,apple_pink_lady_1,val
Images/Test/apple_pink_lady_1/r0_255.jpg,apple_pink_lady_1,val
Images/Test/apple_pink_lady_1/r0_259.jpg,apple_pink_lady_1,val
Images/Test/apple_pink_lady_1/r0_263.jpg,apple_pink_lady_1,test
Images/Test/apple_pink_lady_1/r0_267.jpg,apple_pink_lady_1,test
Images/Test/apple_pink_lady_1/r0_27.jpg,apple_pink_lady_1,train
Images/Test/apple_pink_lady_1/r0_271.jpg,apple_pink_lady_1,test
Images/Test/apple_pink_lady_1/r0_275.jpg,apple_pink_lady_1,test
Images/Test/apple_pink_lady_1/r0_279.jpg,apple_pink_lady_1,test
Images/Test/apple_pink_lady_1/r0_283.jpg,apple_pink_lady_1,test
Images/Test/apple_pink_lady_1/r0_287.jpg,apple_pink_lady_1,test
Images/Test/apple_pink_lady_1/r0_291.jpg,apple_pink_lady_1,test
Images/Test/apple_pink_lady_1/r0_295.jpg,apple_pink_lady_1,test
Images/Test/apple_pink_lady_1/r0_299.jpg,apple_pink_lady_1,test
Images/Test/apple_pink_lady_1/r0_3.jpg,apple_pink_lady_1,train
Images/Test/apple_pink_lady_1/r0_303.jpg,apple_pink_lady_1,test
Images/Test/apple_pink_lady_1/r0_31.jpg,apple_pink_lady_1,train
Images/Test/apple_pink_lady_1/r0_35.jpg,apple_pink_lady_1,train
Images/Test/apple_pink_lady_1/r0_39.jpg,apple_pink_lady_1,train
Images/Test/apple_pink_lady_1/r0_43.jpg,apple_pink_lady_1,train
Images/Test/apple_pink_lady_1/r0_47.jpg,apple_pink_lady_1,train
Images/Test/apple_pink_lady_1/r0_51.jpg,apple_pink_lady_1,train
Images/Test/apple_pink_lady_1/r0_55.jpg,apple_pink_lady_1,train
Images/Test/apple_pink_lady_1/r0_59.jpg,apple_pink_lady_1,train
Images/Test/apple_pink_lady_1/r0_63.jpg,apple_pink_lady_1,train
Images/Test/apple_pink_lady_1/r0_67.jpg,apple_pink_lady_1,train
Images/Test/apple_pink_lady_1/r0_7.jpg,apple_pink_lady_1,train
Images/Test/apple_pink_lady_1/r0_71.jpg,apple_pink_lady_1,train
Images/Test/apple_pink_lady_1/r0_75.jpg,apple_pink_lady_1,train
Images/Test/apple_pink_lady_1/r0_79.jpg,apple_pink_lady_1,train
Images/Test/apple_pink_lady_1/r0_83.jpg,apple_pink_lady_1,train
Images/Test/apple_pink_lady_1/r0_87.jpg,apple_pink_lady_1,train
Images/Test/apple_pink_lady_1/r0_91.jpg,apple_pink_lady_1,train
Images/Test/apple_pink_lady_1/r0_95.jpg,apple_pink_lady_1,train
Images/Test/apple_pink_lady_1/r0_99.jpg,apple_pink_lady_1,train
Images/Test/apple_pink_lady_1/r1_103.jpg,apple_pink_lady_1,train
Images/Test/apple_pink_lady_1/r1_107.jpg,apple_pink_lady_1,train
Images/Test/apple_pink_lady_1/r1_11.jpg,apple_pink_lady_1,train
Images/Test/apple_pink_lady_1/r1_111.jpg,apple_pink_lady_1,train
Images/Test/apple_pink_lady_1/r1_115.jpg,apple_pink_lady_1,train
Images/Test/apple_pink_lady_1/r1_119.jpg,apple_pink_lady_1,train
Images/Test/apple_pink_lady_1/r1_123.jpg,apple_pink_lady_1,train
Images/Test/apple_pink_lady_1/r1_127.jpg,apple_pink_lady_1,train
Images/Test/apple_pink_lady_1/r1_131.jpg,apple_pink_lady_1,train
Images/Test/apple_pink_lady_1/r1_135.jpg,apple_pink_lady_1,train
Images/Test/apple_pink_lady_1/r1_139.jpg,apple_pink_lady_1,train
Images/Test/apple_pink_lady_1/r1_143.jpg,apple_pink_lady_1,train
Images/Test/apple_pink_lady_1/r1_147.jpg,apple_pink_lady_1,train
Images/Test/apple_pink_lady_1/r1_15.jpg,apple_pink_lady_1,train
Images/Test/apple_pink_lady_1/r1_151.jpg,apple_pink_lady_1,train
Images/Test/apple_pink_lady_1/r1_155.jpg,apple_pink_lady_1,train
Images/Test/apple_pink_lady_1/r1_159.jpg,apple_pink_lady_1,train
Images/Test/apple_pink_lady_1/r1_163.jpg,apple_pink_lady_1,train
Images/Test/apple_pink_lady_1/r1_167.jpg,apple_pink_lady_1,train
Images/Test/apple_pink_lady_1/r1_171.jpg,apple_pink_lady_1,train
Images/Test/apple_pink_lady_1/r1_175.jpg,apple_pink_lady_1,train
Images/Test/apple_pink_lady_1/r1_179.jpg,apple_pink_lady_1,train
Images/Test/apple_pink_lady_1/r1_183.jpg,apple_pink_lady_1,train
Images/Test/apple_pink_lady_1/r1_187.jpg,apple_pink_lady_1,train
Images/Test/apple_pink_lady_1/r1_19.jpg,apple_pink_lady_1,train
Images/Test/apple_pink_lady_1/r1_191.jpg,apple_pink_lady_1,train
Images/Test/apple_pink_lady_1/r1_195.jpg,apple_pink_lady_1,train
Images/Test/apple_pink_lady_1/r1_199.jpg,apple_pink_lady_1,train
Images/Test/apple_pink_lady_1/r1_203.jpg,apple_pink_lady_1,train
Images/Test/apple_pink_lady_1/r1_207.jpg,apple_pink_lady_1,train
Images/Test/apple_pink_lady_1/r1_211.jpg,apple_pink_lady_1,train
Images/Test/apple_pink_lady_1/r1_215.jpg,apple_pink_lady_1,train
Images/Test/apple_pink_lady_1/r1_219.jpg,apple_pink_lady_1,train
Images/Test/apple_pink_lady_1/r1_223.jpg,apple_pink_lady_1,train
Images/Test/apple_pink_lady_1/r1_227.jpg,apple_pink_lady_1,val
Images/Test/apple_pink_lady_1/r1_23.jpg,apple_pink_lady_1,train
Images/Test/apple_pink_lady_1/r1_231.jpg,apple_pink_lady_1,val
Images/Test/apple_pink_lady_1/r1_235.jpg,apple_pink_lady_1,val
Images/Test/apple_pink_lady_1/r1_239.jpg,apple_pink_lady_1,val
Images/Test/apple_pink_lady_1/r1_243.jpg,apple_pink_lady_1,val
Images/Test/apple_pink_lady_1/r1_247.jpg,apple_pink_lady_1,val
Images/Test/apple_pink_lady_1/r1_251.jpg,apple_pink_lady_1,val
Images/Test/apple_pink_lady_1/r1_255.jpg,apple_pink_lady_1,val
Images/Test/apple_pink_lady_1/r1_259.jpg,apple_pink_lady_1,val
Images/Test/apple_pink_lady_1/r1_263.jpg,apple_pink_lady_1,val
Images/Test/apple_pink_lady_1/r1_267.jpg,apple_pink_lady_1,val
Images/Test/apple_pink_lady_1/r1_27.jpg,apple_pink_lady_1,train
Images/Test/apple_pink_lady_1/r1_271.jpg,apple_pink_lady_1,val
Images/Test/apple_pink_lady_1/r1_275.jpg,apple_pink_lady_1,test
Images/Test/apple_pink_lady_1/r1_279.jpg,apple_pink_lady_1,test
Images/Test/apple_pink_lady_1/r1_283.jpg,apple_pink_lady_1,test
Images/Test/apple_pink_lady_1/r1_287.jpg,apple_pink_lady_1,test
Images/Test/apple_pink_lady_1/r1_291.jpg,apple_pink_lady_1,test
Images/Test/apple_pink_lady_1/r1_295.jpg,apple_pink_lady_1,test
Images/Test/apple_pink_lady_1/r1_299.jpg,apple_pink_lady_1,test
Images/Test/apple_pink_lady_1/r1_3.jpg,apple_pink_lady_1,train
Images/Test/apple_pink_lady_1/r1_303.jpg,apple_pink_lady_1,test
Images/Test/apple_pink_lady_1/r1_307.jpg,apple_pink_lady_1,test
Images/Test/apple_pink_lady_1/r1_31.jpg,apple_pink_lady_1,train
Images/Test/apple_pink_lady_1/r1_311.jpg,apple_pink_lady_1,test
Images/Test/apple_pink_lady_1/r1_315.jpg,apple_pink_lady_1,test
Images/Test/apple_pink_lady_1/r1_319.jpg,apple_pink_lady_1,test
Images/Test/apple_pink_lady_1/r1_35.jpg,apple_pink_lady_1,train
Images/Test/apple_pink_lady_1/r1_39.jpg,apple_pink_lady_1,train
Images/Test/apple_pink_lady_1/r1_43.jpg,apple_pink_lady_1,train
Images/Test/apple_pink_lady_1/r1_47.jpg,apple_pink_lady_1,train
Images/Test/apple_pink_lady_1/r1_51.jpg,apple_pink_lady_1,train
Images/Test/apple_pink_lady_1/r1_55.jpg,apple_pink_lady_1,train
Images/Test/apple_pink_lady_1/r1_59.jpg,apple_pink_lady_1,train
Images/Test/apple_pink_lady_1/r1_63.jpg,apple_pink_lady_1,train
Images/Test/apple_pink_lady_1/r1_67.jpg,apple_pink_lady_1,train
Images/Test/apple_pink_lady_1/r1_7.jpg,apple_pink_lady_1,train
Images/Test/apple_pink_lady_1/r1_71.jpg,apple_pink_lady_1,train
Images/Test/apple_pink_lady_1/r1_75.jpg,apple_pink_lady_1,train
Images/Test/apple_pink_lady_1/r1_79.jpg,apple_pink_lady_1,train
Images/Test/apple_pink_lady_1/r1_83.jpg,apple_pink_lady_1,train
Images/Test/apple_pink_lady_1/r1_87.jpg,apple_pink_lady_1,train
Images/Test/apple_pink_lady_1/r1_91.jpg,apple_pink_lady_1,train
Images/Test/apple_pink_lady_1/r1_95.jpg,apple_pink_lady_1,train
Images/Test/apple_pink_lady_1/r1_99.jpg,apple_pink_lady_1,train
Images/Test/apple_red_1/r0_103.jpg,apple_red_1,train
Images/Test/apple_red_1/r0_107.jpg,apple_red_1,train
Images/Test/apple_red_1/r0_11.jpg,apple_red_1,train
Images/Test/apple_red_1/r0_111.jpg,apple_red_1,train
Images/Test/apple_red_1/r0_115.jpg,apple_red_1,train
Images/Test/apple_red_1/r0_119.jpg,apple_red_1,train
Images/Test/apple_red_1/r0_123.jpg,apple_red_1,train
Images/Test/apple_red_1/r0_127.jpg,apple_red_1,train
Images/Test/apple_red_1/r0_131.jpg,apple_red_1,train
Images/Test/apple_red_1/r0_135.jpg,apple_red_1,train
Images/Test/apple_red_1/r0_139.jpg,apple_red_1,train
Images/Test/apple_red_1/r0_143.jpg,apple_red_1,train
Images/Test/apple_red_1/r0_147.jpg,apple_red_1,train
Images/Test/apple_red_1/r0_15.jpg,apple_red_1,train
Images/Test/apple_red_1/r0_151.jpg,apple_red_1,train
Images/Test/apple_red_1/r0_155.jpg,apple_red_1,train
Images/Test/apple_red_1/r0_159.jpg,apple_red_1,train
Images/Test/apple_red_1/r0_163.jpg,apple_red_1,train
Images/Test/apple_red_1/r0_167.jpg,apple_red_1,train
Images/Test/apple_red_1/r0_171.jpg,apple_red_1,train
Images/Test/apple_red_1/r0_175.jpg,apple_red_1,train
Images/Test/apple_red_1/r0_179.jpg,apple_red_1,train
Images/Test/apple_red_1/r0_183.jpg,apple_red_1,train
Images/Test/apple_red_1/r0_187.jpg,apple_red_1,train
Images/Test/apple_red_1/r0_19.jpg,apple_red_1,train
Images/Test/apple_red_1/r0_191.jpg,apple_red_1,train
Images/Test/apple_red_1/r0_195.jpg,apple_red_1,train
Images/Test/apple_red_1/r0_199.jpg,apple_red_1,train
Images/Test/apple_red_1/r0_203.jpg,apple_red_1,train
Images/Test/apple_red_1/r0_207.jpg,apple_red_1,train
Images/Test/apple_red_1/r0_211.jpg,apple_red_1,train
Images/Test/apple_red_1/r0_215.jpg,apple_red_1,train
Images/Test/apple_red_1/r0_219.jpg,apple_red_1,val
Images/Test/apple_red_1/r0_223.jpg,apple_red_1,val
Images/Test/apple_red_1/r0_227.jpg,apple_red_1,val
Images/Test/apple_red_1/r0_23.jpg,apple_red_1,train
Images/Test/apple_red_1/r0_231.jpg,apple_red_1,val
Images/Test/apple_red_1/r0_235.jpg,apple_red_1,val
Images/Test/apple_red_1/r0_239.jpg,apple_red_1,val
Images/Test/apple_red_1/r0_243.jpg,apple_red_1,val
Images/Test/apple_red_1/r0_247.jpg,apple_red_1,val
Images/Test/apple_red_1/r0_251.jpg,apple_red_1,val
Images/Test/apple_red_1/r0_255.jpg,apple_red_1,val
Images/Test/apple_red_1/r0_259.jpg,apple_red_1,val
Images/Test/apple_red_1/r0_263.jpg,apple_red_1,test
Images/Test/apple_red_1/r0_267.jpg,apple_red_1,test
Images/Test/apple_red_1/r0_27.jpg,apple_red_1,train
Images/Test/apple_red_1/r0_271.jpg,apple_red_1,test
Images/Test/apple_red_1/r0_275.jpg,apple_red_1,test
Images/Test/apple_red_1/r0_279.jpg,apple_red_1,test
Images/Test/apple_red_1/r0_283.jpg,apple_red_1,test
Images/Test/apple_red_1/r0_287.jpg,apple_red_1,test
Images/Test/apple_red_1/r0_291.jpg,apple_red_1,test
Images/Test/apple_red_1/r0_295.jpg,apple_red_1,test
Images/Test/apple_red_1/r0_299.jpg,apple_red_1,test
Images/Test/apple_red_1/r0_3.jpg,apple_red_1,train
Images/Test/apple_red_1/r0_303.jpg,apple_red_1,test
Images/Test/apple_red_1/r0_307.jpg,apple_red_1,test
Images/Test/apple_red_1/r0_31.jpg,apple_red_1,train
Images/Test/apple_red_1/r0_35.jpg,apple_red_1,train
Images/Test/apple_red_1/r0_39.jpg,apple_red_1,train
Images/Test/apple_red_1/r0_43.jpg,apple_red_1,train
Images/Test/apple_red_1/r0_47.jpg,apple_red_1,train
Images/Test/apple_red_1/r0_51.jpg,apple_red_1,train
Images/Test/apple_red_1/r0_55.jpg,apple_red_1,train
Images/Test/apple_red_1/r0_59.jpg,apple_red_1,train
Images/Test/apple_red_1/r0_63.jpg,apple_red_1,train
Images/Test/apple_red_1/r0_67.jpg,apple_red_1,train
Images/Test/apple_red_1/r0_7.jpg,apple_red_1,train
Images/Test/apple_red_1/r0_71.jpg,apple_red_1,train
Images/Test/apple_red_1/r0_75.jpg,apple_red_1,train
Images/Test/apple_red_1/r0_79.jpg,apple_red_1,train
Images/Test/apple_red_1/r0_83.jpg,apple_red_1,train
Images/Test/apple_red_1/r0_87.jpg,apple_red_1,train
Images/Test/apple_red_1/r0_91.jpg,apple_red_1,train
Images/Test/apple_red_1/r0_95.jpg,apple_red_1,train
Images/Test/apple_red_1/r0_99.jpg,apple_red_1,train
Images/Test/apple_red_1/r1_103.jpg,apple_red_1,train
Images/Test/apple_red_1/r1_107.jpg,apple_red_1,train
Images/Test/apple_red_1/r1_11.jpg,apple_red_1,train
Images/Test/apple_red_1/r1_111.jpg,apple_red_1,train
Images/Test/apple_red_1/r1_115.jpg,apple_red_1,train
Images/Test/apple_red_1/r1_119.jpg,apple_red_1,train
Images/Test/apple_red_1/r1_123.jpg,apple_red_1,train
Images/Test/apple_red_1/r1_127.jpg,apple_red_1,train
Images/Test/apple_red_1/r1_131.jpg,apple_red_1,train
Images/Test/apple_red_1/r1_135.jpg,apple_red_1,train
Images/Test/apple_red_1/r1_139.jpg,apple_red_1,train
Images/Test/apple_red_1/r1_143.jpg,apple_red_1,train
Images/Test/apple_red_1/r1_147.jpg,apple_red_1,train
Images/Test/apple_red_1/r1_15.jpg,apple_red_1,train
Images/Test/apple_red_1/r1_151.jpg,apple_red_1,train
Images/Test/apple_red_1/r1_155.jpg,apple_red_1,train
Images/Test/apple_red_1/r1_159.jpg,apple_red_1,train
Images/Test/apple_red_1/r1_163.jpg,apple_red_1,train
Images/Test/apple_red_1/r1_167.jpg,apple_red_1,train
Images/Test/apple_red_1/r1_171.jpg,apple_red_1,train
Images/Test/apple_red_1/r1_175.jpg,apple_red_1,train
Images/Test/apple_red_1/r1_179.jpg,apple_red_1,train
Images/Test/apple_red_1/r1_183.jpg,apple_red_1,train
Images/Test/apple_red_1/r1_187.jpg,apple_red_1,train
Images/Test/apple_red_1/r1_19.jpg,apple_red_1,train
Images/Test/apple_red_1/r1_191.jpg,apple_red_1,train
Images/Test/apple_red_1/r1_195.jpg,apple_red_1,train
Images/Test/apple_red_1/r1_199.jpg,apple_red_1,train
Images/Test/apple_red_1/r1_203.jpg,apple_red_1,train
Images/Test/apple_red_1/r1_207.jpg,apple_red_1,train
Images/Test/apple_red_1/r1_211.jpg,apple_red_1,train
Images/Test/apple_red_1/r1_215.jpg,apple_red_1,train
Images/Test/apple_red_1/r1_219.jpg,apple_red_1,val
Images/Test/apple_red_1/r1_223.jpg,apple_red_1,val
Images/Test/apple_red_1/r1_227.jpg,apple_red_1,val
Images/Test/apple_red_1/r1_23.jpg,apple_red_1,train
Images/Test/apple_red_1/r1_231.jpg,apple_red_1,val
Images/Test/apple_red_1/r1_235.jpg,apple_red_1,val
Images/Test/apple_red_1/r1_239.jpg,apple_red_1,val
Images/Test/apple_red_1/r1_243.jpg,apple_red_1,val
Images/Test/apple_red_1/r1_247.jpg,apple_red_1,val
Images/Test/apple_red_1/r1_251.jpg,apple_red_1,val
Images/Test/apple_red_1/r1_255.jpg,apple_red_1,val
Images/Test/apple_red_1/r1_259.jpg,apple_red_1,val
Images/Test/apple_red_1/r1_263.jpg,apple_red_1,test
Images/Test/apple_red_1/r1_267.jpg,apple_red_1,test
Images/Test/apple_red_1/r1_27.jpg,apple_red_1,train
Images/Test/apple_red_1/r1_271.jpg,apple_red_1,test
Images/Test/apple_red_1/r1_275.jpg,apple_red_1,test
Images/Test/apple_red_1/r1_279.jpg,apple_red_1,test
Images/Test/apple_red_1/r1_283.jpg,apple_red_1,test
Images/Test/apple_red_1/r1_287.jpg,apple_red_1,test
Images/Test/apple_red_1/r1_291.jpg,apple_red_1,test
Images/Test/apple_red_1/r1_295.jpg,apple_red_1,test
Images/Test/apple_red_1/r1_299.jpg,apple_red_1,test
Images/Test/apple_red_1/r1_3.jpg,apple_red_1,train
Images/Test/apple_red_1/r1_303.jpg,apple_red_1,test
Images/Test/apple_red_1/r1_307.jpg,apple_red_1,test
Images/Test/apple_red_1/r1_31.jpg,apple_red_1,train
Images/Test/apple_red_1/r1_35.jpg,apple_red_1,train
Images/Test/apple_red_1/r1_39.jpg,apple_red_1,train
Images/Test/apple_red_1/r1_43.jpg,apple_red_1,train
Images/Test/apple_red_1/r1_47.jpg,apple_red_1,train
Images/Test/apple_red_1/r1_51.jpg,apple_red_1,train
Images/Test/apple_red_1/r1_55.jpg,apple_red_1,train
Images/Test/apple_red_1/r1_59.jpg,apple_red_1,train
Images/Test/apple_red_1/r1_63.jpg,apple_red_1,train
Images/Test/apple_red_1/r1_67.jpg,apple_red_1,train
Images/Test/apple_red_1/r1_7.jpg,apple_red_1,train
Images/Test/apple_red_1/r1_71.jpg,apple_red_1,train
Images/Test/apple_red_1/r1_75.jpg,apple_red_1,train
Images/Test/apple_red_1/r1_79.jpg,apple_red_1,train
Images/Test/apple_red_1/r1_83.jpg,apple_red_1,train
Images/Test/apple_red_1/r1_87.jpg,apple_red_1,train
Images/Test/apple_red_1/r1_91.jpg,apple_red_1,train
Images/Test/apple_red_1/r1_95.jpg,apple_red_1,train
Images/Test/apple_red_1/r1_99.jpg,apple_red_1,train
Images/Test/apple_red_2/r0_103.jpg,apple_red_2,train
Images/Test/apple_red_2/r0_107.jpg,apple_red_2,train
Images/Test/apple_red_2/r0_11.jpg,apple_red_2,train
Images/Test/apple_red_2/r0_111.jpg,apple_red_2,train
Images/Test/apple_red_2/r0_115.jpg,apple_red_2,train
Images/Test/apple_red_2/r0_119.jpg,apple_red_2,train
Images/Test/apple_red_2/r0_123.jpg,apple_red_2,train
Images/Test/apple_red_2/r0_127.jpg,apple_red_2,train
Images/Test/apple_red_2/r0_131.jpg,apple_red_2,train
Images/Test/apple_red_2/r0_135.jpg,apple_red_2,train
Images/Test/apple_red_2/r0_139.jpg,apple_red_2,train
Images/Test/apple_red_2/r0_143.jpg,apple_red_2,train
Images/Test/apple_red_2/r0_147.jpg,apple_red_2,train
Images/Test/apple_red_2/r0_15.jpg,apple_red_2,train
Images/Test/apple_red_2/r0_151.jpg,apple_red_2,train
Images/Test/apple_red_2/r0_155.jpg,apple_red_2,train
Images/Test/apple_red_2/r0_159.jpg,apple_red_2,train
Images/Test/apple_red_2/r0_163.jpg,apple_red_2,train
Images/Test/apple_red_2/r0_167.jpg,apple_red_2,train
Images/Test/apple_red_2/r0_171.jpg,apple_red_2,train
Images/Test/apple_red_2/r0_175.jpg,apple_red_2,train
Images/Test/apple_red_2/r0_179.jpg,apple_red_2,train
Images/Test/apple_red_2/r0_183.jpg,apple_red_2,train
Images/Test/apple_red_2/r0_187.jpg,apple_red_2,train
Images/Test/apple_red_2/r0_19.jpg,apple_red_2,train
Images/Test/apple_red_2/r0_191.jpg,apple_red_2,train
Images/Test/apple_red_2/r0_195.jpg,apple_red_2,train
Images/Test/apple_red_2/r0_199.jpg,apple_red_2,train
Images/Test/apple_red_2/r0_203.jpg,apple_red_2,train
Images/Test/apple_red_2/r0_207.jpg,apple_red_2,train
Images/Test/apple_red_2/r0_211.jpg,apple_red_2,train
Images/Test/apple_red_2/r0_215.jpg,apple_red_2,train
Images/Test/apple_red_2/r0_219.jpg,apple_red_2,train
Images/Test/apple_red_2/r0_223.jpg,apple_red_2,train
Images/Test/apple_red_2/r0_227.jpg,apple_red_2,val
Images/Test/apple_red_2/r0_23.jpg,apple_red_2,train
Images/Test/apple_red_2/r0_231.jpg,apple_red_2,val
Images/Test/apple_red_2/r0_235.jpg,apple_red_2,val
Images/Test/apple_red_2/r0_239.jpg,apple_red_2,val
Images/Test/apple_red_2/r0_243.jpg,apple_red_2,val
Images/Test/apple_red_2/r0_247.jpg,apple_red_2,val
Images/Test/apple_red_2/r0_251.jpg,apple_red_2,val
Images/Test/apple_red_2/r0_255.jpg,apple_red_2,val
Images/Test/apple_red_2/r0_259.jpg,apple_red_2,val
Images/Test/apple_red_2/r0_263.jpg,apple_red_2,val
Images/Test/apple_red_2/r0_267.jpg,apple_red_2,val
Images/Test/apple_red_2/r0_27.jpg,apple_red_2,train
Images/Test/apple_red_2/r0_271.jpg,apple_red_2,val
Images/Test/apple_red_2/r0_275.jpg,apple_red_2,test
Images/Test/apple_red_2/r0_279.jpg,apple_red_2,test
Images/Test/apple_red_2/r0_283.jpg,apple_red_2,test
Images/Test/apple_red_2/r0_287.jpg,apple_red_2,test
Images/Test/apple_red_2/r0_291.jpg,apple_red_2,test
Images/Test/apple_red_2/r0_295.jpg,apple_red_2,test
Images/Test/apple_red_2/r0_299.jpg,apple_red_2,test
Images/Test/apple_red_2/r0_3.jpg,apple_red_2,train
Images/Test/apple_red_2/r0_303.jpg,apple_red_2,test
Images/Test/apple_red_2/r0_307.jpg,apple_red_2,test
Images/Test/apple_red_2/r0_31.jpg,apple_red_2,train
Images/Test/apple_red_2/r0_311.jpg,apple_red_2,test
Images/Test/apple_red_2/r0_315.jpg,apple_red_2,test
Images/Test/apple_red_2/r0_319.jpg,apple_red_2,test
Images/Test/apple_red_2/r0_35.jpg,apple_red_2,train
Images/Test/apple_red_2/r0_39.jpg,apple_red_2,train
Images/Test/apple_red_2/r0_43.jpg,apple_red_2,train
Images/Test/apple_red_2/r0_47.jpg,apple_red_2,train
Images/Test/apple_red_2/r0_51.jpg,apple_red_2,train
Images/Test/apple_red_2/r0_55.jpg,apple_red_2,train
Images/Test/apple_red_2/r0_59.jpg,apple_red_2,train
Images/Test/apple_red_2/r0_63.jpg,apple_red_2,train
Images/Test/apple_red_2/r0_67.jpg,apple_red_2,train
Images/Test/apple_red_2/r0_7.jpg,apple_red_2,train
Images/Test/apple_red_2/r0_71.jpg,apple_red_2,train
Images/Test/apple_red_2/r0_75.jpg,apple_red_2,train
Images/Test/apple_red_2/r0_79.jpg,apple_red_2,train
Images/Test/apple_red_2/r0_83.jpg,apple_red_2,train
Images/Test/apple_red_2/r0_87.jpg,apple_red_2,train
Images/Test/apple_red_2/r0_91.jpg,apple_red_2,train
Images/Test/apple_red_2/r0_95.jpg,apple_red_2,train
Images/Test/apple_red_2/r0_99.jpg,apple_red_2,train
Images/Test/apple_red_2/r1_103.jpg,apple_red_2,train
Images/Test/apple_red_2/r1_107.jpg,apple_red_2,train
Images/Test/apple_red_2/r1_11.jpg,apple_red_2,train
Images/Test/apple_red_2/r1_111.jpg,apple_red_2,train
Images/Test/apple_red_2/r1_115.jpg,apple_red_2,train
Images/Test/apple_red_2/r1_119.jpg,apple_red_2,train
Images/Test/apple_red_2/r1_123.jpg,apple_red_2,train
Images/Test/apple_red_2/r1_127.jpg,apple_red_2,train
Images/Test/apple_red_2/r1_131.jpg,apple_red_2,train
Images/Test/apple_red_2/r1_135.jpg,apple_red_2,train
Images/Test/apple_red_2/r1_139.jpg,apple_red_2,train
Images/Test/apple_red_2/r1_143.jpg,apple_red_2,train
Images/Test/apple_red_2/r1_147.jpg,apple_red_2,train
Images/Test/apple_red_2/r1_15.jpg,apple_red_2,train
Images/Test/apple_red_2/r1_151.jpg,apple_red_2,train
Images/Test/apple_red_2/r1_155.jpg,apple_red_2,train
Images/Test/apple_red_2/r1_159.jpg,apple_red_2,train
Images/Test/apple_red_2/r1_163.jpg,apple_red_2,train
Images/Test/apple_red_2/r1_167.jpg,apple_red_2,train
Images/Test/apple_red_2/r1_171.jpg,apple_red_2,train
Images/Test/apple_red_2/r1_175.jpg,apple_red_2,train
Images/Test/apple_red_2/r1_179.jpg,apple_red_2,train
Images/Test/apple_red_2/r1_183.jpg,apple_red_2,train
Images/Test/apple_red_2/r1_187.jpg,apple_red_2,train
Images/Test/apple_red_2/r1_19.jpg,apple_red_2,train
Images/Test/apple_red_2/r1_191.jpg,apple_red_2,train
Images/Test/apple_red_2/r1_195.jpg,apple_red_2,train
Images/Test/apple_red_2/r1_199.jpg,apple_red_2,train
Images/Test/apple_red_2/r1_203.jpg,apple_red_2,train
Images/Test/apple_red_2/r1_207.jpg,apple_red_2,train
Images/Test/apple_red_2/r1_211.jpg,apple_red_2,train
Images/Test/apple_red_2/r1_215.jpg,apple_red_2,train
Images/Test/apple_red_2/r1_219.jpg,apple_red_2,train
Images/Test/apple_red_2/r1_223.jpg,apple_red_2,val
Images/Test/apple_red_2/r1_227.jpg,apple_red_2,val
Images/Test/apple_red_2/r1_23.jpg,apple_red_2,train
Images/Test/apple_red_2/r1_231.jpg,apple_red_2,val
Images/Test/apple_red_2/r1_235.jpg,apple_red_2,val
Images/Test/apple_red_2/r1_239.jpg,apple_red_2,val
Images/Test/apple_red_2/r1_243.jpg,apple_red_2,val
Images/Test/apple_red_2/r1_247.jpg,apple_red_2,val
Images/Test/apple_red_2/r1_251.jpg,apple_red_2,val
Images/Test/apple_red_2/r1_255.jpg,apple_red_2,val
Images/Test/apple_red_2/r1_259.jpg,apple_red_2,val
Images/Test/apple_red_2/r1_263.jpg,apple_red_2,val
Images/Test/apple_red_2/r1_267.jpg,apple_red_2,val
Images/Test/apple_red_2/r1_27.jpg,apple_red_2,train
Images/Test/apple_red_2/r1_271.jpg,apple_red_2,test
Images/Test/apple_red_2/r1_275.jpg,apple_red_2,test
Images/Test/apple_red_2/r1_279.jpg,apple_red_2,test
Images/Test/apple_red_2/r1_283.jpg,apple_red_2,test
Images/Test/apple_red_2/r1_287.jpg,apple_red_2,test
Images/Test/apple_red_2/r1_291.jpg,apple_red_2,test
Images/Test/apple_red_2/r1_295.jpg,apple_red_2,test
Images/Test/apple_red_2/r1_299.jpg,apple_red_2,test
Images/Test/apple_red_2/r1_3.jpg,apple_red_2,train
Images/Test/apple_red_2/r1_303.jpg,apple_red_2,test
Images/Test/apple_red_2/r1_307.jpg,apple_red_2,test
Images/Test/apple_red_2/r1_31.jpg,apple_red_2,train
Images/Test/apple_red_2/r1_311.jpg,apple_red_2,test
Images/Test/apple_red_2/r1_315.jpg,apple_red_2,test
Images/Test/apple_red_2/r1_35.jpg,apple_red_2,train
Images/Test/apple_red_2/r1_39.jpg,apple_red_2,train
Images/Test/apple_red_2/r1_43.jpg,apple_red_2,train
Images/Test/apple_red_2/r1_47.jpg,apple_red_2,train
Images/Test/apple_red_2/r1_51.jpg,apple_red_2,train
Images/Test/apple_red_2/r1_55.jpg,apple_red_2,train
Images/Test/apple_red_2/r1_59.jpg,apple_red_2,train
Images/Test/apple_red_2/r1_63.jpg,apple_red_2,train
Images/Test/apple_red_2/r1_67.jpg,apple_red_2,train
Images/Test/apple_red_2/r1_7.jpg,apple_red_2,train
Images/Test/apple_red_2/r1_71.jpg,apple_red_2,train
Images/Test/apple_red_2/r1_75.jpg,apple_red_2,train
Images/Test/apple_red_2/r1_79.jpg,apple_red_2,train
Images/Test/apple_red_2/r1_83.jpg,apple_red_2,train
Images/Test/apple_red_2/r1_87.jpg,apple_red_2,train
Images/Test/apple_red_2/r1_91.jpg,apple_red_2,train
Images/Test/apple_red_2/r1_95.jpg,apple_red_2,train
Images/Test/apple_red_2/r1_99.jpg,apple_red_2,train
Images/Test/apple_red_3/r0_103.jpg,apple_red_3,train
Images/Test/apple_red_3/r0_107.jpg,apple_red_3,train
Images/Test/apple_red_3/r0_11.jpg,apple_red_3,train
Images/Test/apple_red_3/r0_111.jpg,apple_red_3,train
Images/Test/apple_red_3/r0_115.jpg,apple_red_3,train
Images/Test/apple_red_3/r0_119.jpg,apple_red_3,train
Images/Test/apple_red_3/r0_123.jpg,apple_red_3,train
Images/Test/apple_red_3/r0_127.jpg,apple_red_3,train
Images/Test/apple_red_3/r0_131.jpg,apple_red_3,train
Images/Test/apple_red_3/r0_135.jpg,apple_red_3,train
Images/Test/apple_red_3/r0_139.jpg,apple_red_3,train
Images/Test/apple_red_3/r0_143.jpg,apple_red_3,train
Images/Test/apple_red_3/r0_147.jpg,apple_red_3,train
Images/Test/apple_red_3/r0_15.jpg,apple_red_3,train
Images/Test/apple_red_3/r0_151.jpg,apple_red_3,train
Images/Test/apple_red_3/r0_155.jpg,apple_red_3,train
Images/Test/apple_red_3/r0_159.jpg,apple_red_3,train
Images/Test/apple_red_3/r0_163.jpg,apple_red_3,train
Images/Test/apple_red_3/r0_167.jpg,apple_red_3,train
Images/Test/apple_red_3/r0_171.jpg,apple_red_3,train
Images/Test/apple_red_3/r0_175.jpg,apple_red_3,val
Images/Test/apple_red_3/r0_179.jpg,apple_red_3,val
Images/Test/apple_red_3/r0_183.jpg,apple_red_3,val
Images/Test/apple_red_3/r0_187.jpg,apple_red_3,val
Images/Test/apple_red_3/r0_19.jpg,apple_red_3,train
Images/Test/apple_red_3/r0_191.jpg,apple_red_3,val
Images/Test/apple_red_3/r0_195.jpg,apple_red_3,val
Images/Test/apple_red_3/r0_199.jpg,apple_red_3,val
Images/Test/apple_red_3/r0_203.jpg,apple_red_3,val
Images/Test/apple_red_3/r0_207.jpg,apple_red_3,val
Images/Test/apple_red_3/r0_211.jpg,apple_red_3,test
Images/Test/apple_red_3/r0_215.jpg,apple_red_3,test
Images/Test/apple_red_3/r0_219.jpg,apple_red_3,test
Images/Test/apple_red_3/r0_223.jpg,apple_red_3,test
Images/Test/apple_red_3/r0_227.jpg,apple_red_3,test
Images/Test/apple_red_3/r0_23.jpg,apple_red_3,train
Images/Test/apple_red_3/r0_231.jpg,apple_red_3,test
Images/Test/apple_red_3/r0_235.jpg,apple_red_3,test
Images/Test/apple_red_3/r0_239.jpg,apple_red_3,test
Images/Test/apple_red_3/r0_243.jpg,apple_red_3,test
Images/Test/apple_red_3/r0_27.jpg,apple_red_3,train
Images/Test/apple_red_3/r0_3.jpg,apple_red_3,train
Images/Test/apple_red_3/r0_31.jpg,apple_red_3,train
Images/Test/apple_red_3/r0_35.jpg,apple_red_3,train
Images/Test/apple_red_3/r0_39.jpg,apple_red_3,train
Images/Test/apple_red_3/r0_43.jpg,apple_red_3,train
Images/Test/apple_red_3/r0_47.jpg,apple_red_3,train
Images/Test/apple_red_3/r0_51.jpg,apple_red_3,train
Images/Test/apple_red_3/r0_55.jpg,apple_red_3,train
Images/Test/apple_red_3/r0_59.jpg,apple_red_3,train
Images/Test/apple_red_3/r0_63.jpg,apple_red_3,train
Images/Test/apple_red_3/r0_67.jpg,apple_red_3,train
Images/Test/apple_red_3/r0_7.jpg,apple_red_3,train
Images/Test/apple_red_3/r0_71.jpg,apple_red_3,train
Images/Test/apple_red_3/r0_75.jpg,apple_red_3,train
Images/Test/apple_red_3/r0_79.jpg,apple_red_3,train
Images/Test/apple_red_3/r0_83.jpg,apple_red_3,train
Images/Test/apple_red_3/r0_87.jpg,apple_red_3,train
Images/Test/apple_red_3/r0_91.jpg,apple_red_3,train
Images/Test/apple_red_3/r0_95.jpg,apple_red_3,train
Images/Test/apple_red_3/r0_99.jpg,apple_red_3,train
Images/Test/apple_red_3/r1_103.jpg,apple_red_3,train
Images/Test/apple_red_3/r1_107.jpg,apple_red_3,train
Images/Test/apple_red_3/r1_11.jpg,apple_red_3,train
Images/Test/apple_red_3/r1_111.jpg,apple_red_3,train
Images/Test/apple_red_3/r1_115.jpg,apple_red_3,train
Images/Test/apple_red_3/r1_119.jpg,apple_red_3,train
Images/Test/apple_red_3/r1_123.jpg,apple_red_3,train
Images/Test/apple_red_3/r1_127.jpg,apple_red_3,train
Images/Test/apple_red_3/r1_131.jpg,apple_red_3,train
Images/Test/apple_red_3/r1_135.jpg,apple_red_3,train
Images/Test/apple_red_3/r1_139.jpg,apple_red_3,train
Images/Test/apple_red_3/r1_143.jpg,apple_red_3,train
Images/Test/apple_red_3/r1_147.jpg,apple_red_3,train
Images/Test/apple_red_3/r1_15.jpg,apple_red_3,train
Images/Test/apple_red_3/r1_151.jpg,apple_red_3,train
Images/Test/apple_red_3/r1_155.jpg,apple_red_3,train
Images/Test/apple_red_3/r1_159.jpg,apple_red_3,train
Images/Test/apple_red_3/r1_163.jpg,apple_red_3,train
Images/Test/apple_red_3/r1_167.jpg,apple_red_3,train
Images/Test/apple_red_3/r1_171.jpg,apple_red_3,train
Images/Test/apple_red_3/r1_175.jpg,apple_red_3,train
Images/Test/apple_red_3/r1_179.jpg,apple_red_3,train
Images/Test/apple_red_3/r1_183.jpg,apple_red_3,train
Images/Test/apple_red_3/r1_187.jpg,apple_red_3,train
Images/Test/apple_red_3/r1_19.jpg,apple_red_3,train
Images/Test/apple_red_3/r1_191.jpg,apple_red_3,train
Images/Test/apple_red_3/r1_195.jpg,apple_red_3,train
Images/Test/apple_red_3/r1_199.jpg,apple_red_3,train
Images/Test/apple_red_3/r1_203.jpg,apple_red_3,train
Images/Test/apple_red_3/r1_207.jpg,apple_red_3,train
Images/Test/apple_red_3/r1_211.jpg,apple_red_3,train
Images/Test/apple_red_3/r1_215.jpg,apple_red_3,train
Images/Test/apple_red_3/r1_219.jpg,apple_red_3,train
Images/Test/apple_red_3/r1_223.jpg,apple_red_3,val
Images/Test/apple_red_3/r1_227.jpg,apple_red_3,val
Images/Test/apple_red_3/r1_23.jpg,apple_red_3,train
Images/Test/apple_red_3/r1_231.jpg,apple_red_3,val
Images/Test/apple_red_3/r1_235.jpg,apple_red_3,val
Images/Test/apple_red_3/r1_239.jpg,apple_red_3,val
Images/Test/apple_red_3/r1_243.jpg,apple_red_3,val
Images/Test/apple_red_3/r1_247.jpg,apple_red_3,val
Images/Test/apple_red_3/r1_251.jpg,apple_red_3,val
Images/Test/apple_red_3/r1_255.jpg,apple_red_3,val
Images/Test/apple_red_3/r1_259.jpg,apple_red_3,val
Images/Test/apple_red_3/r1_263.jpg,apple_red_3,val
Images/Test/apple_red_3/r1_267.jpg,apple_red_3,val
Images/Test/apple_red_3/r1_27.jpg,apple_red_3,train
Images/Test/apple_red_3/r1_271.jpg,apple_red_3,test
Images/Test/apple_red_3/r1_275.jpg,apple_red_3,test
Images/Test/apple_red_3/r1_279.jpg,apple_red_3,test
Images/Test/apple_red_3/r1_283.jpg,apple_red_3,test
Images/Test/apple_red_3/r1_287.jpg,apple_red_3,test
Images/Test/apple_red_3/r1_291.jpg,apple_red_3,test
Images/Test/apple_red_3/r1_295.jpg,apple_red_3,test
Images/Test/apple_red_3/r1_299.jpg,apple_red_3,test
Images/Test/apple_red_3/r1_3.jpg,apple_red_3,train
Images/Test/apple_red_3/r1_303.jpg,apple_red_3,test
Images/Test/apple_red_3/r1_307.jpg,apple_red_3,test
Images/Test/apple_red_3/r1_31.jpg,apple_red_3,train
Images/Test/apple_red_3/r1_311.jpg,apple_red_3,test
Images/Test/apple_red_3/r1_315.jpg,apple_red_3,test
Images/Test/apple_red_3/r1_35.jpg,apple_red_3,train
Images/Test/apple_red_3/r1_39.jpg,apple_red_3,train
Images/Test/apple_red_3/r1_43.jpg,apple_red_3,train
Images/Test/apple_red_3/r1_47.jpg,apple_red_3,train
Images/Test/apple_red_3/r1_51.jpg,apple_red_3,train
Images/Test/apple_red_3/r1_55.jpg,apple_red_3,train
Images/Test/apple_red_3/r1_59.jpg,apple_red_3,train
Images/Test/apple_red_3/r1_63.jpg,apple_red_3,train
Images/Test/apple_red_3/r1_67.jpg,apple_red_3,train
Images/Test/apple_red_3/r1_7.jpg,apple_red_3,train
Images/Test/apple_red_3/r1_71.jpg,apple_red_3,train
Images/Test/apple_red_3/r1_75.jpg,apple_red_3,train
Images/Test/apple_red_3/r1_79.jpg,apple_red_3,train
Images/Test/apple_red_3/r1_83.jpg,apple_red_3,train
Images/Test/apple_red_3/r1_87.jpg,apple_red_3,train
Images/Test/apple_red_3/r1_91.jpg,apple_red_3,train
Images/Test/apple_red_3/r1_95.jpg,apple_red_3,train
Images/Test/apple_red_3/r1_99.jpg,apple_red_3,train
Images/Test/apple_red_delicios_1/r0_103.jpg,apple_red_delicios_1,train
Images/Test/apple_red_delicios_1/r0_107.jpg,apple_red_delicios_1,train
Images/Test/apple_red_delicios_1/r0_11.jpg,apple_red_delicios_1,train
Images/Test/apple_red_delicios_1/r0_111.jpg,apple_red_delicios_1,train
Images/Test/apple_red_delicios_1/r0_115.jpg,apple_red_delicios_1,train
Images/Test/apple_red_delicios_1/r0_119.jpg,apple_red_delicios_1,train
Images/Test/apple_red_delicios_1/r0_123.jpg,apple_red_delicios_1,train
Images/Test/apple_red_delicios_1/r0_127.jpg,apple_red_delicios_1,train
Images/Test/apple_red_delicios_1/r0_131.jpg,apple_red_delicios_1,train
Images/Test/apple_red_delicios_1/r0_135.jpg,apple_red_delicios_1,train
Images/Test/apple_red_delicios_1/r0_139.jpg,apple_red_delicios_1,train
Images/Test/apple_red_delicios_1/r0_143.jpg,apple_red_delicios_1,train
Images/Test/apple_red_delicios_1/r0_147.jpg,apple_red_delicios_1,train
Images/Test/apple_red_delicios_1/r0_15.jpg,apple_red_delicios_1,train
Images/Test/apple_red_delicios_1/r0_151.jpg,apple_red_delicios_1,train
Images/Test/apple_red_delicios_1/r0_155.jpg,apple_red_delicios_1,train
Images/Test/apple_red_delicios_1/r0_159.jpg,apple_red_delicios_1,train
Images/Test/apple_red_delicios_1/r0_163.jpg,apple_red_delicios_1,train
Images/Test/apple_red_delicios_1/r0_167.jpg,apple_red_delicios_1,train
Images/Test/apple_red_delicios_1/r0_171.jpg,apple_red_delicios_1,train
Images/Test/apple_red_delicios_1/r0_175.jpg,apple_red_delicios_1,train
Images/Test/apple_red_delicios_1/r0_179.jpg,apple_red_delicios_1,train
Images/Test/apple_red_delicios_1/r0_183.jpg,apple_red_delicios_1,train
Images/Test/apple_red_delicios_1/r0_187.jpg,apple_red_delicios_1,train
Images/Test/apple_red_delicios_1/r0_19.jpg,apple_red_delicios_1,train
Images/Test/apple_red_delicios_1/r0_191.jpg,apple_red_delicios_1,train
Images/Test/apple_red_delicios_1/r0_195.jpg,apple_red_delicios_1,train
Images/Test/apple_red_delicios_1/r0_199.jpg,apple_red_delicios_1,train
Images/Test/apple_red_delicios_1/r0_203.jpg,apple_red_delicios_1,train
Images/Test/apple_red_delicios_1/r0_207.jpg,apple_red_delicios_1,train
Images/Test/apple_red_delicios_1/r0_211.jpg,apple_red_delicios_1,val
Images/Test/apple_red_delicios_1/r0_215.jpg,apple_red_delicios_1,val
Images/Test/apple_red_delicios_1/r0_219.jpg,apple_red_delicios_1,val
Images/Test/apple_red_delicios_1/r0_223.jpg,apple_red_delicios_1,val
Images/Test/apple_red_delicios_1/r0_227.jpg,apple_red_delicios_1,val
Images/Test/apple_red_delicios_1/r0_23.jpg,apple_red_delicios_1,train
Images/Test/apple_red_delicios_1/r0_231.jpg,apple_red_delicios_1,val
Images/Test/apple_red_delicios_1/r0_235.jpg,apple_red_delicios_1,val
Images/Test/apple_red_delicios_1/r0_239.jpg,apple_red_delicios_1,val
Images/Test/apple_red_delicios_1/r0_243.jpg,apple_red_delicios_1,val
Images/Test/apple_red_delicios_1/r0_247.jpg,apple_red_delicios_1,val
Images/Test/apple_red_delicios_1/r0_251.jpg,apple_red_delicios_1,val
Images/Test/apple_red_delicios_1/r0_255.jpg,apple_red_delicios_1,test
Images/Test/apple_red_delicios_1/r0_259.jpg,apple_red_delicios_1,test
Images/Test/apple_red_delicios_1/r0_263.jpg,apple_red_delicios_1,test
Images/Test/apple_red_delicios_1/r0_267.jpg,apple_red_delicios_1,test
Images/Test/apple_red_delicios_1/r0_27.jpg,apple_red_delicios_1,train
Images/Test/apple_red_delicios_1/r0_271.jpg,apple_red_delicios_1,test
Images/Test/apple_red_delicios_1/r0_275.jpg,apple_red_delicios_1,test
Images/Test/apple_red_delicios_1/r0_279.jpg,apple_red_delicios_1,test
Images/Test/apple_red_delicios_1/r0_283.jpg,apple_red_delicios_1,test
Images/Test/apple_red_delicios_1/r0_287.jpg,apple_red_delicios_1,test
Images/Test/apple_red_delicios_1/r0_291.jpg,apple_red_delicios_1,test
Images/Test/apple_red_delicios_1/r0_295.jpg,apple_red_delicios_1,test
Images/Test/apple_red_delicios_1/r0_299.jpg,apple_red_delicios_1,test
Images/Test/apple_red_delicios_1/r0_3.jpg,apple_red_delicios_1,train
Images/Test/apple_red_delicios_1/r0_31.jpg,apple_red_delicios_1,train
Images/Test/apple_red_delicios_1/r0_35.jpg,apple_red_delicios_1,train
Images/Test/apple_red_delicios_1/r0_39.jpg,apple_red_delicios_1,train
Images/Test/apple_red_delicios_1/r0_43.jpg,apple_red_delicios_1,train
Images/Test/apple_red_delicios_1/r0_47.jpg,apple_red_delicios_1,train
Images/Test/apple_red_delicios_1/r0_51.jpg,apple_red_delicios_1,train
Images/Test/apple_red_delicios_1/r0_55.jpg,apple_red_delicios_1,train
Images/Test/apple_red_delicios_1/r0_59.jpg,apple_red_delicios_1,train
Images/Test/apple_red_delicios_1/r0_63.jpg,apple_red_delicios_1,train
Images/Test/apple_red_delicios_1/r0_67.jpg,apple_red_delicios_1,train
Images/Test/apple_red_delicios_1/r0_7.jpg,apple_red_delicios_1,train
Images/Test/apple_red_delicios_1/r0_71.jpg,apple_red_delicios_1,train
Images/Test/apple_red_delicios_1/r0_75.jpg,apple_red_delicios_1,train
Images/Test/apple_red_delicios_1/r0_79.jpg,apple_red_delicios_1,train
Images/Test/apple_red_delicios_1/r0_83.jpg,apple_red_delicios_1,train
Images/Test/apple_red_delicios_1/r0_87.jpg,apple_red_delicios_1,train
Images/Test/apple_red_delicios_1/r0_91.jpg,apple_red_delicios_1,train
Images/Test/apple_red_delicios_1/r0_95.jpg,apple_red_delicios_1,train
Images/Test/apple_red_delicios_1/r0_99.jpg,apple_red_delicios_1,train
Images/Test/apple_red_delicios_1/r1_103.jpg,apple_red_delicios_1,train
Images/Test/apple_red_delicios_1/r1_107.jpg,apple_red_delicios_1,train
Images/Test/apple_red_delicios_1/r1_11.jpg,apple_red_delicios_1,train
Images/Test/apple_red_delicios_1/r1_111.jpg,apple_red_delicios_1,train
Images/Test/apple_red_delicios_1/r1_115.jpg,apple_red_delicios_1,train
Images/Test/apple_red_delicios_1/r1_119.jpg,apple_red_delicios_1,train
Images/Test/apple_red_delicios_1/r1_123.jpg,apple_red_delicios_1,train
Images/Test/apple_red_delicios_1/r1_127.jpg,apple_red_delicios_1,train
Images/Test/apple_red_delicios_1/r1_131.jpg,apple_red_delicios_1,train
Images/Test/apple_red_delicios_1/r1_135.jpg,apple_red_delicios_1,train
Images/Test/apple_red_delicios_1/r1_139.jpg,apple_red_delicios_1,train
Images/Test/apple_red_delicios_1/r1_143.jpg,apple_red_delicios_1,train
Images/Test/apple_red_delicios_1/r1_147.jpg,apple_red_delicios_1,train
Images/Test/apple_red_delicios_1/r1_15.jpg,apple_red_delicios_1,train
Images/Test/apple_red_delicios_1/r1_151.jpg,apple_red_delicios_1,train
Images/Test/apple_red_delicios_1/r1_155.jpg,apple_red_delicios_1,train
Images/Test/apple_red_delicios_1/r1_159.jpg,apple_red_delicios_1,train
Images/Test/apple_red_delicios_1/r1_163.jpg,apple_red_delicios_1,train
Images/Test/apple_red_delicios_1/r1_167.jpg,apple_red_delicios_1,train
Images/Test/apple_red_delicios_1/r1_171.jpg,apple_red_delicios_1,train
Images/Test/apple_red_delicios_1/r1_175.jpg,apple_red_delicios_1,train
Images/Test/apple_red_delicios_1/r1_179.jpg,apple_red_delicios_1,train
Images/Test/apple_red_delicios_1/r1_183.jpg,apple_red_delicios_1,train
Images/Test/apple_red_delicios_1/r1_187.jpg,apple_red_delicios_1,train
Images/Test/apple_red_delicios_1/r1_19.jpg,apple_red_delicios_1,train
Images/Test/apple_red_delicios_1/r1_191.jpg,apple_red_delicios_1,train
Images/Test/apple_red_delicios_1/r1_195.jpg,apple_red_delicios_1,train
Images/Test/apple_red_delicios_1/r1_199.jpg,apple_red_delicios_1,train
Images/Test/apple_red_delicios_1/r1_203.jpg,apple_red_delicios_1,train
Images/Test/apple_red_delicios_1/r1_207.jpg,apple_red_delicios_1,train
Images/Test/apple_red_delicios_1/r1_211.jpg,apple_red_delicios_1,val
Images/Test/apple_red_delicios_1/r1_215.jpg,apple_red_delicios_1,val
Images/Test/apple_red_delicios_1/r1_219.jpg,apple_red_delicios_1,val
Images/Test/apple_red_delicios_1/r1_223.jpg,apple_red_delicios_1,val
Images/Test/apple_red_delicios_1/r1_227.jpg,apple_red_delicios_1,val
Images/Test/apple_red_delicios_1/r1_23.jpg,apple_red_delicios_1,train
Images/Test/apple_red_delicios_1/r1_231.jpg,apple_red_delicios_1,val
Images/Test/apple_red_delicios_1/r1_235.jpg,apple_red_delicios_1,val
Images/Test/apple_red_delicios_1/r1_239.jpg,apple_red_delicios_1,val
Images/Test/apple_red_delicios_1/r1_243.jpg,apple_red_delicios_1,val
Images/Test/apple_red_delicios_1/r1_247.jpg,apple_red_delicios_1,val
Images/Test/apple_red_delicios_1/r1_251.jpg,apple_red_delicios_1,val
Images/Test/apple_red_delicios_1/r1_255.jpg,apple_red_delicios_1,test
Images/Test/apple_red_delicios_1/r1_259.jpg,apple_red_delicios_1,test
Images/Test/apple_red_delicios_1/r1_263.jpg,apple_red_delicios_1,test
Images/Test/apple_red_delicios_1/r1_267.jpg,apple_red_delicios_1,test
Images/Test/apple_red_delicios_1/r1_27.jpg,apple_red_delicios_1,train
Images/Test/apple_red_delicios_1/r1_271.jpg,apple_red_delicios_1,test
Images/Test/apple_red_delicios_1/r1_275.jpg,apple_red_delicios_1,test
Images/Test/apple_red_delicios_1/r1_279.jpg,apple_red_delicios_1,test
Images/Test/apple_red_delicios_1/r1_283.jpg,apple_red_delicios_1,test
Images/Test/apple_red_delicios_1/r1_287.jpg,apple_red_delicios_1,test
Images/Test/apple_red_delicios_1/r1_291.jpg,apple_red_delicios_1,test
Images/Test/apple_red_delicios_1/r1_295.jpg,apple_red_delicios_1,test
Images/Test/apple_red_delicios_1/r1_299.jpg,apple_red_delicios_1,test
Images/Test/apple_red_delicios_1/r1_3.jpg,apple_red_delicios_1,train
Images/Test/apple_red_delicios_1/r1_31.jpg,apple_red_delicios_1,train
Images/Test/apple_red_delicios_1/r1_35.jpg,apple_red_delicios_1,train
Images/Test/apple_red_delicios_1/r1_39.jpg,apple_red_delicios_1,train
Images/Test/apple_red_delicios_1/r1_43.jpg,apple_red_delicios_1,train
Images/Test/apple_red_delicios_1/r1_47.jpg,apple_red_delicios_1,train
Images/Test/apple_red_delicios_1/r1_51.jpg,apple_red_delicios_1,train
Images/Test/apple_red_delicios_1/r1_55.jpg,apple_red_delicios_1,train
Images/Test/apple_red_delicios_1/r1_59.jpg,apple_red_delicios_1,train
Images/Test/apple_red_delicios_1/r1_63.jpg,apple_red_delicios_1,train
Images/Test/apple_red_delicios_1/r1_67.jpg,apple_red_delicios_1,train
Images/Test/apple_red_delicios_1/r1_7.jpg,apple_red_delicios_1,train
Images/Test/apple_red_delicios_1/r1_71.jpg,apple_red_delicios_1,train
Images/Test/apple_red_delicios_1/r1_75.jpg,apple_red_delicios_1,train
Images/Test/apple_red_delicios_1/r1_79.jpg,apple_red_delicios_1,train
Images/Test/apple_red_delicios_1/r1_83.jpg,apple_red_delicios_1,train
Images/Test/apple_red_delicios_1/r1_87.jpg,apple_red_delicios_1,train
Images/Test/apple_red_delicios_1/r1_91.jpg,apple_red_delicios_1,train
Images/Test/apple_red_delicios_1/r1_95.jpg,apple_red_delicios_1,train
Images/Test/apple_red_delicios_1/r1_99.jpg,apple_red_delicios_1,train
Images/Test/apple_red_yellow_1/r0_103.jpg,apple_red_yellow_1,train
Images/Test/apple_red_yellow_1/r0_107.jpg,apple_red_yellow_1,train
Images/Test/apple_red_yellow_1/r0_11.jpg,apple_red_yellow_1,train
Images/Test/apple_red_yellow_1/r0_111.jpg,apple_red_yellow_1,train
Images/Test/apple_red_yellow_1/r0_115.jpg,apple_red_yellow_1,train
Images/Test/apple_red_yellow_1/r0_119.jpg,apple_red_yellow_1,train
Images/Test/apple_red_yellow_1/r0_123.jpg,apple_red_yellow_1,train
Images/Test/apple_red_yellow_1/r0_127.jpg,apple_red_yellow_1,train
Images/Test/apple_red_yellow_1/r0_131.jpg,apple_red_yellow_1,train
Images/Test/apple_red_yellow_1/r0_135.jpg,apple_red_yellow_1,train
Images/Test/apple_red_yellow_1/r0_139.jpg,apple_red_yellow_1,train
Images/Test/apple_red_yellow_1/r0_143.jpg,apple_red_yellow_1,train
Images/Test/apple_red_yellow_1/r0_147.jpg,apple_red_yellow_1,train
Images/Test/apple_red_yellow_1/r0_15.jpg,apple_red_yellow_1,train
Images/Test/apple_red_yellow_1/r0_151.jpg,apple_red_yellow_1,train
Images/Test/apple_red_yellow_1/r0_155.jpg,apple_red_yellow_1,train
Images/Test/apple_red_yellow_1/r0_159.jpg,apple_red_yellow_1,train
Images/Test/apple_red_yellow_1/r0_163.jpg,apple_red_yellow_1,train
Images/Test/apple_red_yellow_1/r0_167.jpg,apple_red_yellow_1,train
Images/Test/apple_red_yellow_1/r0_171.jpg,apple_red_yellow_1,train
Images/Test/apple_red_yellow_1/r0_175.jpg,apple_red_yellow_1,train
Images/Test/apple_red_yellow_1/r0_179.jpg,apple_red_yellow_1,train
Images/Test/apple_red_yellow_1/r0_183.jpg,apple_red_yellow_1,train
Images/Test/apple_red_yellow_1/r0_187.jpg,apple_red_yellow_1,train
Images/Test/apple_red_yellow_1/r0_19.jpg,apple_red_yellow_1,train
Images/Test/apple_red_yellow_1/r0_191.jpg,apple_red_yellow_1,train
Images/Test/apple_red_yellow_1/r0_195.jpg,apple_red_yellow_1,train
Images/Test/apple_red_yellow_1/r0_199.jpg,apple_red_yellow_1,train
Images/Test/apple_red_yellow_1/r0_203.jpg,apple_red_yellow_1,train
Images/Test/apple_red_yellow_1/r0_207.jpg,apple_red_yellow_1,train
Images/Test/apple_red_yellow_1/r0_211.jpg,apple_red_yellow_1,train
Images/Test/apple_red_yellow_1/r0_215.jpg,apple_red_yellow_1,train
Images/Test/apple_red_yellow_1/r0_219.jpg,apple_red_yellow_1,val
Images/Test/apple_red_yellow_1/r0_223.jpg,apple_red_yellow_1,val
Images/Test/apple_red_yellow_1/r0_227.jpg,apple_red_yellow_1,val
Images/Test/apple_red_yellow_1/r0_23.jpg,apple_red_yellow_1,train
Images/Test/apple_red_yellow_1/r0_231.jpg,apple_red_yellow_1,val
Images/Test/apple_red_yellow_1/r0_235.jpg,apple_red_yellow_1,val
Images/Test/apple_red_yellow_1/r0_239.jpg,apple_red_yellow_1,val
Images/Test/apple_red_yellow_1/r0_243.jpg,apple_red_yellow_1,val
Images/Test/apple_red_yellow_1/r0_247.jpg,apple_red_yellow_1,val
Images/Test/apple_red_yellow_1/r0_251.jpg,apple_red_yellow_1,val
Images/Test/apple_red_yellow_1/r0_255.jpg,apple_red_yellow_1,val
Images/Test/apple_red_yellow_1/r0_259.jpg,apple_red_yellow_1,val
Images/Test/apple_red_yellow_1/r0_263.jpg,apple_red_yellow_1,test
Images/Test/apple_red_yellow_1/r0_267.jpg,apple_red_yellow_1,test
Images/Test/apple_red_yellow_1/r0_27.jpg,apple_red_yellow_1,train
Images/Test/apple_red_yellow_1/r0_271.jpg,apple_red_yellow_1,test
Images/Test/apple_red_yellow_1/r0_275.jpg,apple_red_yellow_1,test
Images/Test/apple_red_yellow_1/r0_279.jpg,apple_red_yellow_1,test
Images/Test/apple_red_yellow_1/r0_283.jpg,apple_red_yellow_1,test
Images/Test/apple_red_yellow_1/r0_287.jpg,apple_red_yellow_1,test
Images/Test/apple_red_yellow_1/r0_291.jpg,apple_red_yellow_1,test
Images/Test/apple_red_yellow_1/r0_295.jpg,apple_red_yellow_1,test
Images/Test/apple_red_yellow_1/r0_299.jpg,apple_red_yellow_1,test
Images/Test/apple_red_yellow_1/r0_3.jpg,apple_red_yellow_1,train
Images/Test/apple_red_yellow_1/r0_303.jpg,apple_red_yellow_1,test
Images/Test/apple_red_yellow_1/r0_307.jpg,apple_red_yellow_1,test
Images/Test/apple_red_yellow_1/r0_31.jpg,apple_red_yellow_1,train
Images/Test/apple_red_yellow_1/r0_35.jpg,apple_red_yellow_1,train
Images/Test/apple_red_yellow_1/r0_39.jpg,apple_red_yellow_1,train
Images/Test/apple_red_yellow_1/r0_43.jpg,apple_red_yellow_1,train
Images/Test/apple_red_yellow_1/r0_47.jpg,apple_red_yellow_1,train
Images/Test/apple_red_yellow_1/r0_51.jpg,apple_red_yellow_1,train
Images/Test/apple_red_yellow_1/r0_55.jpg,apple_red_yellow_1,train
Images/Test/apple_red_yellow_1/r0_59.jpg,apple_red_yellow_1,train
Images/Test/apple_red_yellow_1/r0_63.jpg,apple_red_yellow_1,train
Images/Test/apple_red_yellow_1/r0_67.jpg,apple_red_yellow_1,train
Images/Test/apple_red_yellow_1/r0_7.jpg,apple_red_yellow_1,train
Images/Test/apple_red_yellow_1/r0_71.jpg,apple_red_yellow_1,train
Images/Test/apple_red_yellow_1/r0_75.jpg,apple_red_yellow_1,train
Images/Test/apple_red_yellow_1/r0_79.jpg,apple_red_yellow_1,train
Images/Test/apple_red_yellow_1/r0_83.jpg,apple_red_yellow_1,train
Images/Test/apple_red_yellow_1/r0_87.jpg,apple_red_yellow_1,train
Images/Test/apple_red_yellow_1/r0_91.jpg,apple_red_yellow_1,train
Images/Test/apple_red_yellow_1/r0_95.jpg,apple_red_yellow_1,train
Images/Test/apple_red_yellow_1/r0_99.jpg,apple_red_yellow_1,train
Images/Test/apple_red_yellow_1/r1_103.jpg,apple_red_yellow_1,train
Images/Test/apple_red_yellow_1/r1_107.jpg,apple_red_yellow_1,train
Images/Test/apple_red_yellow_1/r1_11.jpg,apple_red_yellow_1,train
Images/Test/apple_red_yellow_1/r1_111.jpg,apple_red_yellow_1,train
Images/Test/apple_red_yellow_1/r1_115.jpg,apple_red_yellow_1,train
Images/Test/apple_red_yellow_1/r1_119.jpg,apple_red_yellow_1,train
Images/Test/apple_red_yellow_1/r1_123.jpg,apple_red_yellow_1,train
Images/Test/apple_red_yellow_1/r1_127.jpg,apple_red_yellow_1,train
Images/Test/apple_red_yellow_1/r1_131.jpg,apple_red_yellow_1,train
Images/Test/apple_red_yellow_1/r1_135.jpg,apple_red_yellow_1,train
Images/Test/apple_red_yellow_1/r1_139.jpg,apple_red_yellow_1,train
Images/Test/apple_red_yellow_1/r1_143.jpg,apple_red_yellow_1,train
Images/Test/apple_red_yellow_1/r1_147.jpg,apple_red_yellow_1,train
Images/Test/apple_red_yellow_1/r1_15.jpg,apple_red_yellow_1,train
Images/Test/apple_red_yellow_1/r1_151.jpg,apple_red_yellow_1,train
Images/Test/apple_red_yellow_1/r1_155.jpg,apple_red_yellow_1,train
Images/Test/apple_red_yellow_1/r1_159.jpg,apple_red_yellow_1,train
Images/Test/apple_red_yellow_1/r1_163.jpg,apple_red_yellow_1,train
Images/Test/apple_red_yellow_1/r1_167.jpg,apple_red_yellow_1,train
Images/Test/apple_red_yellow_1/r1_171.jpg,apple_red_yellow_1,train
Images/Test/apple_red_yellow_1/r1_175.jpg,apple_red_yellow_1,train
Images/Test/apple_red_yellow_1/r1_179.jpg,apple_red_yellow_1,train
Images/Test/apple_red_yellow_1/r1_183.jpg,apple_red_yellow_1,train
Images/Test/apple_red_yellow_1/r1_187.jpg,apple_red_yellow_1,train
Images/Test/apple_red_yellow_1/r1_19.jpg,apple_red_yellow_1,train
Images/Test/apple_red_yellow_1/r1_191.jpg,apple_red_yellow_1,train
Images/Test/apple_red_yellow_1/r1_195.jpg,apple_red_yellow_1,train
Images/Test/apple_red_yellow_1/r1_199.jpg,apple_red_yellow_1,train
Images/Test/apple_red_yellow_1/r1_203.jpg,apple_red_yellow_1,train
Images/Test/apple_red_yellow_1/r1_207.jpg,apple_red_yellow_1,train
Images/Test/apple_red_yellow_1/r1_211.jpg,apple_red_yellow_1,train
Images/Test/apple_red_yellow_1/r1_215.jpg,apple_red_yellow_1,train
Images/Test/apple_red_yellow_1/r1_219.jpg,apple_red_yellow_1,val
Images/Test/apple_red_yellow_1/r1_223.jpg,apple_red_yellow_1,val
Images/Test/apple_red_yellow_1/r1_227.jpg,apple_red_yellow_1,val
Images/Test/apple_red_yellow_1/r1_23.jpg,apple_red_yellow_1,train
Images/Test/apple_red_yellow_1/r1_231.jpg,apple_red_yellow_1,val
Images/Test/apple_red_yellow_1/r1_235.jpg,apple_red_yellow_1,val
Images/Test/apple_red_yellow_1/r1_239.jpg,apple_red_yellow_1,val
Images/Test/apple_red_yellow_1/r1_243.jpg,apple_red_yellow_1,val
Images/Test/apple_red_yellow_1/r1_247.jpg,apple_red_yellow_1,val
Images/Test/apple_red_yellow_1/r1_251.jpg,apple_red_yellow_1,val
Images/Test/apple_red_yellow_1/r1_255.jpg,apple_red_yellow_1,val
Images/Test/apple_red_yellow_1/r1_259.jpg,apple_red_yellow_1,val
Images/Test/apple_red_yellow_1/r1_263.jpg,apple_red_yellow_1,test
Images/Test/apple_red_yellow_1/r1_267.jpg,apple_red_yellow_1,test
Images/Test/apple_red_yellow_1/r1_27.jpg,apple_red_yellow_1,train
Images/Test/apple_red_yellow_1/r1_271.jpg,apple_red_yellow_1,test
Images/Test/apple_red_yellow_1/r1_275.jpg,apple_red_yellow_1,test
Images/Test/apple_red_yellow_1/r1_279.jpg,apple_red_yellow_1,test
Images/Test/apple_red_yellow_1/r1_283.jpg,apple_red_yellow_1,test
Images/Test/apple_red_yellow_1/r1_287.jpg,apple_red_yellow_1,test
Images/Test/apple_red_yellow_1/r1_291.jpg,apple_red_yellow_1,test
Images/Test/apple_red_yellow_1/r1_295.jpg,apple_red_yellow_1,test
Images/Test/apple_red_yellow_1/r1_299.jpg,apple_red_yellow_1,test
Images/Test/apple_red_yellow_1/r1_3.jpg,apple_red_yellow_1,train
Images/Test/apple_red_yellow_1/r1_303.jpg,apple_red_yellow_1,test
Images/Test/apple_red_yellow_1/r1_307.jpg,apple_red_yellow_1,test
Images/Test/apple_red_yellow_1/r1_31.jpg,apple_red_yellow_1,train
Images/Test/apple_red_yellow_1/r1_35.jpg,apple_red_yellow_1,train
Images/Test/apple_red_yellow_1/r1_39.jpg,apple_red_yellow_1,train
Images/Test/apple_red_yellow_1/r1_43.jpg,apple_red_yellow_1,train
Images/Test/apple_red_yellow_1/r1_47.jpg,apple_red_yellow_1,train
Images/Test/apple_red_yellow_1/r1_51.jpg,apple_red_yellow_1,train
Images/Test/apple_red_yellow_1/r1_55.jpg,apple_red_yellow_1,train
Images/Test/apple_red_yellow_1/r1_59.jpg,apple_red_yellow_1,train
Images/Test/apple_red_yellow_1/r1_63.jpg,apple_red_yellow_1,train
Images/Test/apple_red_yellow_1/r1_67.jpg,apple_red_yellow_1,train
Images/Test/apple_red_yellow_1/r1_7.jpg,apple_red_yellow_1,train
Images/Test/apple_red_yellow_1/r1_71.jpg,apple_red_yellow_1,train
Images/Test/apple_red_yellow_1/r1_75.jpg,apple_red_yellow_1,train
Images/Test/apple_red_yellow_1/r1_79.jpg,apple_red_yellow_1,train
Images/Test/apple_red_yellow_1/r1_83.jpg,apple_red_yellow_1,train
Images/Test/apple_red_yellow_1/r1_87.jpg,apple_red_yellow_1,train
Images/Test/apple_red_yellow_1/r1_91.jpg,apple_red_yellow_1,train
Images/Test/apple_red_yellow_1/r1_95.jpg,apple_red_yellow_1,train
Images/Test/apple_red_yellow_1/r1_99.jpg,apple_red_yellow_1,train
Images/Test/apple_rotten_1/r0_103.jpg,apple_rotten_1,train
Images/Test/apple_rotten_1/r0_107.jpg,apple_rotten_1,train
Images/Test/apple_rotten_1/r0_11.jpg,apple_rotten_1,train
Images/Test/apple_rotten_1/r0_111.jpg,apple_rotten_1,train
Images/Test/apple_rotten_1/r0_115.jpg,apple_rotten_1,train
Images/Test/apple_rotten_1/r0_119.jpg,apple_rotten_1,train
Images/Test/apple_rotten_1/r0_123.jpg,apple_rotten_1,train
Images/Test/apple_rotten_1/r0_127.jpg,apple_rotten_1,train
Images/Test/apple_rotten_1/r0_131.jpg,apple_rotten_1,train
Images/Test/apple_rotten_1/r0_135.jpg,apple_rotten_1,train
Images/Test/apple_rotten_1/r0_139.jpg,apple_rotten_1,train
Images/Test/apple_rotten_1/r0_143.jpg,apple_rotten_1,train
Images/Test/apple_rotten_1/r0_147.jpg,apple_rotten_1,train
Images/Test/apple_rotten_1/r0_15.jpg,apple_rotten_1,train
Images/Test/apple_rotten_1/r0_151.jpg,apple_rotten_1,train
Images/Test/apple_rotten_1/r0_155.jpg,apple_rotten_1,train
Images/Test/apple_rotten_1/r0_159.jpg,apple_rotten_1,train
Images/Test/apple_rotten_1/r0_163.jpg,apple_rotten_1,train
Images/Test/apple_rotten_1/r0_167.jpg,apple_rotten_1,train
Images/Test/apple_rotten_1/r0_171.jpg,apple_rotten_1,train
Images/Test/apple_rotten_1/r0_175.jpg,apple_rotten_1,train
Images/Test/apple_rotten_1/r0_179.jpg,apple_rotten_1,train
Images/Test/apple_rotten_1/r0_183.jpg,apple_rotten_1,train
Images/Test/apple_rotten_1/r0_187.jpg,apple_rotten_1,train
Images/Test/apple_rotten_1/r0_19.jpg,apple_rotten_1,train
Images/Test/apple_rotten_1/r0_191.jpg,apple_rotten_1,train
Images/Test/apple_rotten_1/r0_195.jpg,apple_rotten_1,train
Images/Test/apple_rotten_1/r0_199.jpg,apple_rotten_1,train
Images/Test/apple_rotten_1/r0_203.jpg,apple_rotten_1,train
Images/Test/apple_rotten_1/r0_207.jpg,apple_rotten_1,train
Images/Test/apple_rotten_1/r0_211.jpg,apple_rotten_1,train
Images/Test/apple_rotten_1/r0_215.jpg,apple_rotten_1,train
Images/Test/apple_rotten_1/r0_219.jpg,apple_rotten_1,train
Images/Test/apple_rotten_1/r0_223.jpg,apple_rotten_1,val
Images/Test/apple_rotten_1/r0_227.jpg,apple_rotten_1,val
Images/Test/apple_rotten_1/r0_23.jpg,apple_rotten_1,train
Images/Test/apple_rotten_1/r0_231.jpg,apple_rotten_1,val
Images/Test/apple_rotten_1/r0_235.jpg,apple_rotten_1,val
Images/Test/apple_rotten_1/r0_239.jpg,apple_rotten_1,val
Images/Test/apple_rotten_1/r0_243.jpg,apple_rotten_1,val
Images/Test/apple_rotten_1/r0_247.jpg,apple_rotten_1,val
Images/Test/apple_rotten_1/r0_251.jpg,apple_rotten_1,val
Images/Test/apple_rotten_1/r0_255.jpg,apple_rotten_1,val
Images/Test/apple_rotten_1/r0_259.jpg,apple_rotten_1,val
Images/Test/apple_rotten_1/r0_263.jpg,apple_rotten_1,val
Images/Test/apple_rotten_1/r0_267.jpg,apple_rotten_1,val
Images/Test/apple_rotten_1/r0_27.jpg,apple_rotten_1,train
Images/Test/apple_rotten_1/r0_271.jpg,apple_rotten_1,test
Images/Test/apple_rotten_1/r0_275.jpg,apple_rotten_1,test
Images/Test/apple_rotten_1/r0_279.jpg,apple_rotten_1,test
Images/Test/apple_rotten_1/r0_283.jpg,apple_rotten_1,test
Images/Test/apple_rotten_1/r0_287.jpg,apple_rotten_1,test
Images/Test/apple_rotten_1/r0_291.jpg,apple_rotten_1,test
Images/Test/apple_rotten_1/r0_295.jpg,apple_rotten_1,test
Images/Test/apple_rotten_1/r0_299.jpg,apple_rotten_1,test
Images/Test/apple_rotten_1/r0_3.jpg,apple_rotten_1,train
Images/Test/apple_rotten_1/r0_303.jpg,apple_rotten_1,test
Images/Test/apple_rotten_1/r0_307.jpg,apple_rotten_1,test
Images/Test/apple_rotten_1/r0_31.jpg,apple_rotten_1,train
Images/Test/apple_rotten_1/r0_311.jpg,apple_rotten_1,test
Images/Test/apple_rotten_1/r0_315.jpg,apple_rotten_1,test
Images/Test/apple_rotten_1/r0_35.jpg,apple_rotten_1,train
Images/Test/apple_rotten_1/r0_39.jpg,apple_rotten_1,train
Images/Test/apple_rotten_1/r0_43.jpg,apple_rotten_1,train
Images/Test/apple_rotten_1/r0_47.jpg,apple_rotten_1,train
Images/Test/apple_rotten_1/r0_51.jpg,apple_rotten_1,train
Images/Test/apple_rotten_1/r0_55.jpg,apple_rotten_1,train
Images/Test/apple_rotten_1/r0_59.jpg,apple_rotten_1,train
Images/Test/apple_rotten_1/r0_63.jpg,apple_rotten_1,train
Images/Test/apple_rotten_1/r0_67.jpg,apple_rotten_1,train
Images/Test/apple_rotten_1/r0_7.jpg,apple_rotten_1,train
Images/Test/apple_rotten_1/r0_71.jpg,apple_rotten_1,train
Images/Test/apple_rotten_1/r0_75.jpg,apple_rotten_1,train
Images/Test/apple_rotten_1/r0_79.jpg,apple_rotten_1,train
Images/Test/apple_rotten_1/r0_83.jpg,apple_rotten_1,train
Images/Test/apple_rotten_1/r0_87.jpg,apple_rotten_1,train
Images/Test/apple_rotten_1/r0_91.jpg,apple_rotten_1,train
Images/Test/apple_rotten_1/r0_95.jpg,apple_rotten_1,train
Images/Test/apple_rotten_1/r0_99.jpg,apple_rotten_1,train
Images/Test/apple_rotten_1/r1_103.jpg,apple_rotten_1,train
Images/Test/apple_rotten_1/r1_107.jpg,apple_rotten_1,train
Images/Test/apple_rotten_1/r1_11.jpg,apple_rotten_1,train
Images/Test/apple_rotten_1/r1_111.jpg,apple_rotten_1,train
Images/Test/apple_rotten_1/r1_115.jpg,apple_rotten_1,train
Images/Test/apple_rotten_1/r1_119.jpg,apple_rotten_1,train
Images/Test/apple_rotten_1/r1_123.jpg,apple_rotten_1,train
Images/Test/apple_rotten_1/r1_127.jpg,apple_rotten_1,train
Images/Test/apple_rotten_1/r1_131.jpg,apple_rotten_1,train
Images/Test/apple_rotten_1/r1_135.jpg,apple_rotten_1,train
Images/Test/apple_rotten_1/r1_139.jpg,apple_rotten_1,train
Images/Test/apple_rotten_1/r1_143.jpg,apple_rotten_1,train
Images/Test/apple_rotten_1/r1_147.jpg,apple_rotten_1,train
Images/Test/apple_rotten_1/r1_15.jpg,apple_rotten_1,train
Images/Test/apple_rotten_1/r1_151.jpg,apple_rotten_1,train
Images/Test/apple_rotten_1/r1_155.jpg,apple_rotten_1,train
Images/Test/apple_rotten_1/r1_159.jpg,apple_rotten_1,train
Images/Test/apple_rotten_1/r1_163.jpg,apple_rotten_1,train
Images/Test/apple_rotten_1/r1_167.jpg,apple_rotten_1,train
Images/Test/apple_rotten_1/r1_171.jpg,apple_rotten_1,train
Images/Test/apple_rotten_1/r1_175.jpg,apple_rotten_1,train
Images/Test/apple_rotten_1/r1_179.jpg,apple_rotten_1,train
Images/Test/apple_rotten_1/r1_183.jpg,apple_rotten_1,train
Images/Test/apple_rotten_1/r1_187.jpg,apple_rotten_1,train
Images/Test/apple_rotten_1/r1_19.jpg,apple_rotten_1,train
Images/Test/apple_rotten_1/r1_191.jpg,apple_rotten_1,train
Images/Test/apple_rotten_1/r1_195.jpg,apple_rotten_1,train
Images/Test/apple_rotten_1/r1_199.jpg,apple_rotten_1,train
Images/Test/apple_rotten_1/r1_203.jpg,apple_rotten_1,train
Images/Test/apple_rotten_1/r1_207.jpg,apple_rotten_1,train
Images/Test/apple_rotten_1/r1_211.jpg,apple_rotten_1,train
Images/Test/apple_rotten_1/r1_215.jpg,apple_rotten_1,train
Images/Test/apple_rotten_1/r1_219.jpg,apple_rotten_1,train
Images/Test/apple_rotten_1/r1_223.jpg,apple_rotten_1,train
Images/Test/apple_rotten_1/r1_227.jpg,apple_rotten_1,val
Images/Test/apple_rotten_1/r1_23.jpg,apple_rotten_1,train
Images/Test/apple_rotten_1/r1_231.jpg,apple_rotten_1,val
Images/Test/apple_rotten_1/r1_235.jpg,apple_rotten_1,val
Images/Test/apple_rotten_1/r1_239.jpg,apple_rotten_1,val
Images/Test/apple_rotten_1/r1_243.jpg,apple_rotten_1,val
Images/Test/apple_rotten_1/r1_247.jpg,apple_rotten_1,val
Images/Test/apple_rotten_1/r1_251.jpg,apple_rotten_1,val
Images/Test/apple_rotten_1/r1_255.jpg,apple_rotten_1,val
Images/Test/apple_rotten_1/r1_259.jpg,apple_rotten_1,val
Images/Test/apple_rotten_1/r1_263.jpg,apple_rotten_1,val
Images/Test/apple_rotten_1/r1_267.jpg,apple_rotten_1,val
Images/Test/apple_rotten_1/r1_27.jpg,apple_rotten_1,train
Images/Test/apple_rotten_1/r1_271.jpg,apple_rotten_1,val
Images/Test/apple_rotten_1/r1_275.jpg,apple_rotten_1,test
Images/Test/apple_rotten_1/r1_279.jpg,apple_rotten_1,test
Images/Test/apple_rotten_1/r1_283.jpg,apple_rotten_1,test
Images/Test/apple_rotten_1/r1_287.jpg,apple_rotten_1,test
Images/Test/apple_rotten_1/r1_291.jpg,apple_rotten_1,test
Images/Test/apple_rotten_1/r1_295.jpg,apple_rotten_1,test
Images/Test/apple_rotten_1/r1_299.jpg,apple_rotten_1,test
Images/Test/apple_rotten_1/r1_3.jpg,apple_rotten_1,train
Images/Test/apple_rotten_1/r1_303.jpg,apple_rotten_1,test
Images/Test/apple_rotten_1/r1_307.jpg,apple_rotten_1,test
Images/Test/apple_rotten_1/r1_31.jpg,apple_rotten_1,train
Images/Test/apple_rotten_1/r1_311.jpg,apple_rotten_1,test
Images/Test/apple_rotten_1/r1_315.jpg,apple_rotten_1,test
Images/Test/apple_rotten_1/r1_319.jpg,apple_rotten_1,test
Images/Test/apple_rotten_1/r1_35.jpg,apple_rotten_1,train
Images/Test/apple_rotten_1/r1_39.jpg,apple_rotten_1,train
Images/Test/apple_rotten_1/r1_43.jpg,apple_rotten_1,train
Images/Test/apple_rotten_1/r1_47.jpg,apple_rotten_1,train
Images/Test/apple_rotten_1/r1_51.jpg,apple_rotten_1,train
Images/Test/apple_rotten_1/r1_55.jpg,apple_rotten_1,train
Images/Test/apple_rotten_1/r1_59.jpg,apple_rotten_1,train
Images/Test/apple_rotten_1/r1_63.jpg,apple_rotten_1,train
Images/Test/apple_rotten_1/r1_67.jpg,apple_rotten_1,train
Images/Test/apple_rotten_1/r1_7.jpg,apple_rotten_1,train
Images/Test/apple_rotten_1/r1_71.jpg,apple_rotten_1,train
Images/Test/apple_rotten_1/r1_75.jpg,apple_rotten_1,train
Images/Test/apple_rotten_1/r1_79.jpg,apple_rotten_1,train
Images/Test/apple_rotten_1/r1_83.jpg,apple_rotten_1,train
Images/Test/apple_rotten_1/r1_87.jpg,apple_rotten_1,train
Images/Test/apple_rotten_1/r1_91.jpg,apple_rotten_1,train
Images/Test/apple_rotten_1/r1_95.jpg,apple_rotten_1,train
Images/Test/apple_rotten_1/r1_99.jpg,apple_rotten_1,train
Images/Test/cabbage_white_1/r0_103.jpg,cabbage_white_1,train
Images/Test/cabbage_white_1/r0_107.jpg,cabbage_white_1,train
Images/Test/cabbage_white_1/r0_11.jpg,cabbage_white_1,train
Images/Test/cabbage_white_1/r0_111.jpg,cabbage_white_1,train
Images/Test/cabbage_white_1/r0_115.jpg,cabbage_white_1,train
Images/Test/cabbage_white_1/r0_119.jpg,cabbage_white_1,train
Images/Test/cabbage_white_1/r0_123.jpg,cabbage_white_1,train
Images/Test/cabbage_white_1/r0_127.jpg,cabbage_white_1,train
Images/Test/cabbage_white_1/r0_131.jpg,cabbage_white_1,train
Images/Test/cabbage_white_1/r0_135.jpg,cabbage_white_1,val
Images/Test/cabbage_white_1/r0_139.jpg,cabbage_white_1,val
Images/Test/cabbage_white_1/r0_143.jpg,cabbage_white_1,val
Images/Test/cabbage_white_1/r0_147.jpg,cabbage_white_1,val
Images/Test/cabbage_white_1/r0_15.jpg,cabbage_white_1,train
Images/Test/cabbage_white_1/r0_151.jpg,cabbage_white_1,val
Images/Test/cabbage_white_1/r0_155.jpg,cabbage_white_1,val
Images/Test/cabbage_white_1/r0_159.jpg,cabbage_white_1,val
Images/Test/cabbage_white_1/r0_163.jpg,cabbage_white_1,test
Images/Test/cabbage_white_1/r0_167.jpg,cabbage_white_1,test
Images/Test/cabbage_white_1/r0_171.jpg,cabbage_white_1,test
Images/Test/cabbage_white_1/r0_175.jpg,cabbage_white_1,test
Images/Test/cabbage_white_1/r0_179.jpg,cabbage_white_1,test
Images/Test/cabbage_white_1/r0_183.jpg,cabbage_white_1,test
Images/Test/cabbage_white_1/r0_187.jpg,cabbage_white_1,test
Images/Test/cabbage_white_1/r0_19.jpg,cabbage_white_1,train
Images/Test/cabbage_white_1/r0_23.jpg,cabbage_white_1,train
Images/Test/cabbage_white_1/r0_27.jpg,cabbage_white_1,train
Images/Test/cabbage_white_1/r0_3.jpg,cabbage_white_1,train
Images/Test/cabbage_white_1/r0_31.jpg,cabbage_white_1,train
Images/Test/cabbage_white_1/r0_35.jpg,cabbage_white_1,train
Images/Test/cabbage_white_1/r0_39.jpg,cabbage_white_1,train
Images/Test/cabbage_white_1/r0_43.jpg,cabbage_white_1,train
Images/Test/cabbage_white_1/r0_47.jpg,cabbage_white_1,train
Images/Test/cabbage_white_1/r0_51.jpg,cabbage_white_1,train
Images/Test/cabbage_white_1/r0_55.jpg,cabbage_white_1,train
Images/Test/cabbage_white_1/r0_59.jpg,cabbage_white_1,train
Images/Test/cabbage_white_1/r0_63.jpg,cabbage_white_1,train
Images/Test/cabbage_white_1/r0_67.jpg,cabbage_white_1,train
Images/Test/cabbage_white_1/r0_7.jpg,cabbage_white_1,train
Images/Test/cabbage_white_1/r0_71.jpg,cabbage_white_1,train
Images/Test/cabbage_white_1/r0_75.jpg,cabbage_white_1,train
Images/Test/cabbage_white_1/r0_79.jpg,cabbage_white_1,train
Images/Test/cabbage_white_1/r0_83.jpg,cabbage_white_1,train
Images/Test/cabbage_white_1/r0_87.jpg,cabbage_white_1,train
Images/Test/cabbage_white_1/r0_91.jpg,cabbage_white_1,train
Images/Test/cabbage_white_1/r0_95.jpg,cabbage_white_1,train
Images/Test/cabbage_white_1/r0_99.jpg,cabbage_white_1,train
Images/Test/carrot_1/r0_103.jpg,carrot_1,train
Images/Test/carrot_1/r0_107.jpg,carrot_1,train
Images/Test/carrot_1/r0_11.jpg,carrot_1,train
Images/Test/carrot_1/r0_111.jpg,carrot_1,train
Images/Test/carrot_1/r0_115.jpg,carrot_1,train
Images/Test/carrot_1/r0_119.jpg,carrot_1,train
Images/Test/carrot_1/r0_123.jpg,carrot_1,train
Images/Test/carrot_1/r0_127.jpg,carrot_1,train
Images/Test/carrot_1/r0_131.jpg,carrot_1,train
Images/Test/carrot_1/r0_135.jpg,carrot_1,train
Images/Test/carrot_1/r0_139.jpg,carrot_1,train
Images/Test/carrot_1/r0_143.jpg,carrot_1,val
Images/Test/carrot_1/r0_147.jpg,carrot_1,val
Images/Test/carrot_1/r0_15.jpg,carrot_1,train
Images/Test/carrot_1/r0_151.jpg,carrot_1,val
Images/Test/carrot_1/r0_155.jpg,carrot_1,val
Images/Test/carrot_1/r0_159.jpg,carrot_1,val
Images/Test/carrot_1/r0_163.jpg,carrot_1,val
Images/Test/carrot_1/r0_167.jpg,carrot_1,val
Images/Test/carrot_1/r0_171.jpg,carrot_1,test
Images/Test/carrot_1/r0_175.jpg,carrot_1,test
Images/Test/carrot_1/r0_179.jpg,carrot_1,test
Images/Test/carrot_1/r0_183.jpg,carrot_1,test
Images/Test/carrot_1/r0_187.jpg,carrot_1,test
Images/Test/carrot_1/r0_19.jpg,carrot_1,train
Images/Test/carrot_1/r0_191.jpg,carrot_1,test
Images/Test/carrot_1/r0_195.jpg,carrot_1,test
Images/Test/carrot_1/r0_199.jpg,carrot_1,test
Images/Test/carrot_1/r0_23.jpg,carrot_1,train
Images/Test/carrot_1/r0_27.jpg,carrot_1,train
Images/Test/carrot_1/r0_3.jpg,carrot_1,train
Images/Test/carrot_1/r0_31.jpg,carrot_1,train
Images/Test/carrot_1/r0_35.jpg,carrot_1,train
Images/Test/carrot_1/r0_39.jpg,carrot_1,train
Images/Test/carrot_1/r0_43.jpg,carrot_1,train
Images/Test/carrot_1/r0_47.jpg,carrot_1,train
Images/Test/carrot_1/r0_51.jpg,carrot_1,train
Images/Test/carrot_1/r0_55.jpg,carrot_1,train
Images/Test/carrot_1/r0_59.jpg,carrot_1,train
Images/Test/carrot_1/r0_63.jpg,carrot_1,train
Images/Test/carrot_1/r0_67.jpg,carrot_1,train
Images/Test/carrot_1/r0_7.jpg,carrot_1,train
Images/Test/carrot_1/r0_71.jpg,carrot_1,train
Images/Test/carrot_1/r0_75.jpg,carrot_1,train
Images/Test/carrot_1/r0_79.jpg,carrot_1,train
Images/Test/carrot_1/r0_83.jpg,carrot_1,train
Images/Test/carrot_1/r0_87.jpg,carrot_1,train
Images/Test/carrot_1/r0_91.jpg,carrot_1,train
Images/Test/carrot_1/r0_95.jpg,carrot_1,train
Images/Test/carrot_1/r0_99.jpg,carrot_1,train
Images/Test/cucumber_1/r0_103.jpg,cucumber_1,train
Images/Test/cucumber_1/r0_107.jpg,cucumber_1,train
Images/Test/cucumber_1/r0_11.jpg,cucumber_1,train
Images/Test/cucumber_1/r0_111.jpg,cucumber_1,train
Images/Test/cucumber_1/r0_115.jpg,cucumber_1,train
Images/Test/cucumber_1/r0_119.jpg,cucumber_1,train
Images/Test/cucumber_1/r0_123.jpg,cucumber_1,train
Images/Test/cucumber_1/r0_127.jpg,cucumber_1,train
Images/Test/cucumber_1/r0_131.jpg,cucumber_1,train
Images/Test/cucumber_1/r0_135.jpg,cucumber_1,train
Images/Test/cucumber_1/r0_139.jpg,cucumber_1,train
Images/Test/cucumber_1/r0_143.jpg,cucumber_1,val
Images/Test/cucumber_1/r0_147.jpg,cucumber_1,val
Images/Test/cucumber_1/r0_15.jpg,cucumber_1,train
Images/Test/cucumber_1/r0_151.jpg,cucumber_1,val
Images/Test/cucumber_1/r0_155.jpg,cucumber_1,val
Images/Test/cucumber_1/r0_159.jpg,cucumber_1,val
Images/Test/cucumber_1/r0_163.jpg,cucumber_1,val
Images/Test/cucumber_1/r0_167.jpg,cucumber_1,val
Images/Test/cucumber_1/r0_171.jpg,cucumber_1,test
Images/Test/cucumber_1/r0_175.jpg,cucumber_1,test
Images/Test/cucumber_1/r0_179.jpg,cucumber_1,test
Images/Test/cucumber_1/r0_183.jpg,cucumber_1,test
Images/Test/cucumber_1/r0_187.jpg,cucumber_1,test
Images/Test/cucumber_1/r0_19.jpg,cucumber_1,train
Images/Test/cucumber_1/r0_191.jpg,cucumber_1,test
Images/Test/cucumber_1/r0_195.jpg,cucumber_1,test
Images/Test/cucumber_1/r0_199.jpg,cucumber_1,test
Images/Test/cucumber_1/r0_23.jpg,cucumber_1,train
Images/Test/cucumber_1/r0_27.jpg,cucumber_1,train
Images/Test/cucumber_1/r0_3.jpg,cucumber_1,train
Images/Test/cucumber_1/r0_31.jpg,cucumber_1,train
Images/Test/cucumber_1/r0_35.jpg,cucumber_1,train
Images/Test/cucumber_1/r0_39.jpg,cucumber_1,train
Images/Test/cucumber_1/r0_43.jpg,cucumber_1,train
Images/Test/cucumber_1/r0_47.jpg,cucumber_1,train
Images/Test/cucumber_1/r0_51.jpg,cucumber_1,train
Images/Test/cucumber_1/r0_55.jpg,cucumber_1,train
Images/Test/cucumber_1/r0_59.jpg,cucumber_1,train
Images/Test/cucumber_1/r0_63.jpg,cucumber_1,train
Images/Test/cucumber_1/r0_67.jpg,cucumber_1,train
Images/Test/cucumber_1/r0_7.jpg,cucumber_1,train
Images/Test/cucumber_1/r0_71.jpg,cucumber_1,train
Images/Test/cucumber_1/r0_75.jpg,cucumber_1,train
Images/Test/cucumber_1/r0_79.jpg,cucumber_1,train
Images/Test/cucumber_1/r0_83.jpg,cucumber_1,train
Images/Test/cucumber_1/r0_87.jpg,cucumber_1,train
Images/Test/cucumber_1/r0_91.jpg,cucumber_1,train
Images/Test/cucumber_1/r0_95.jpg,cucumber_1,train
Images/Test/cucumber_1/r0_99.jpg,cucumber_1,train
Images/Test/cucumber_3/r0_103.jpg,cucumber_3,train
Images/Test/cucumber_3/r0_107.jpg,cucumber_3,train
Images/Test/cucumber_3/r0_11.jpg,cucumber_3,train
Images/Test/cucumber_3/r0_111.jpg,cucumber_3,train
Images/Test/cucumber_3/r0_115.jpg,cucumber_3,train
Images/Test/cucumber_3/r0_119.jpg,cucumber_3,train
Images/Test/cucumber_3/r0_123.jpg,cucumber_3,train
Images/Test/cucumber_3/r0_127.jpg,cucumber_3,train
Images/Test/cucumber_3/r0_131.jpg,cucumber_3,train
Images/Test/cucumber_3/r0_135.jpg,cucumber_3,train
Images/Test/cucumber_3/r0_139.jpg,cucumber_3,train
Images/Test/cucumber_3/r0_143.jpg,cucumber_3,train
Images/Test/cucumber_3/r0_147.jpg,cucumber_3,train
Images/Test/cucumber_3/r0_15.jpg,cucumber_3,train
Images/Test/cucumber_3/r0_151.jpg,cucumber_3,train
Images/Test/cucumber_3/r0_155.jpg,cucumber_3,train
Images/Test/cucumber_3/r0_159.jpg,cucumber_3,train
Images/Test/cucumber_3/r0_163.jpg,cucumber_3,train
Images/Test/cucumber_3/r0_167.jpg,cucumber_3,train
Images/Test/cucumber_3/r0_171.jpg,cucumber_3,train
Images/Test/cucumber_3/r0_175.jpg,cucumber_3,train
Images/Test/cucumber_3/r0_179.jpg,cucumber_3,train
Images/Test/cucumber_3/r0_183.jpg,cucumber_3,train
Images/Test/cucumber_3/r0_187.jpg,cucumber_3,train
Images/Test/cucumber_3/r0_19.jpg,cucumber_3,train
Images/Test/cucumber_3/r0_191.jpg,cucumber_3,train
Images/Test/cucumber_3/r0_195.jpg,cucumber_3,train
Images/Test/cucumber_3/r0_199.jpg,cucumber_3,train
Images/Test/cucumber_3/r0_203.jpg,cucumber_3,train
Images/Test/cucumber_3/r0_207.jpg,cucumber_3,train
Images/Test/cucumber_3/r0_211.jpg,cucumber_3,train
Images/Test/cucumber_3/r0_215.jpg,cucumber_3,train
Images/Test/cucumber_3/r0_219.jpg,cucumber_3,train
Images/Test/cucumber_3/r0_223.jpg,cucumber_3,train
Images/Test/cucumber_3/r0_227.jpg,cucumber_3,val
Images/Test/cucumber_3/r0_23.jpg,cucumber_3,train
Images/Test/cucumber_3/r0_231.jpg,cucumber_3,val
Images/Test/cucumber_3/r0_235.jpg,cucumber_3,val
Images/Test/cucumber_3/r0_239.jpg,cucumber_3,val
Images/Test/cucumber_3/r0_243.jpg,cucumber_3,val
Images/Test/cucumber_3/r0_247.jpg,cucumber_3,val
Images/Test/cucumber_3/r0_251.jpg,cucumber_3,val
Images/Test/cucumber_3/r0_255.jpg,cucumber_3,val
Images/Test/cucumber_3/r0_259.jpg,cucumber_3,val
Images/Test/cucumber_3/r0_263.jpg,cucumber_3,val
Images/Test/cucumber_3/r0_267.jpg,cucumber_3,val
Images/Test/cucumber_3/r0_27.jpg,cucumber_3,train
Images/Test/cucumber_3/r0_271.jpg,cucumber_3,val
Images/Test/cucumber_3/r0_275.jpg,cucumber_3,val
Images/Test/cucumber_3/r0_279.jpg,cucumber_3,test
Images/Test/cucumber_3/r0_283.jpg,cucumber_3,test
Images/Test/cucumber_3/r0_287.jpg,cucumber_3,test
Images/Test/cucumber_3/r0_291.jpg,cucumber_3,test
Images/Test/cucumber_3/r0_295.jpg,cucumber_3,test
Images/Test/cucumber_3/r0_299.jpg,cucumber_3,test
Images/Test/cucumber_3/r0_3.jpg,cucumber_3,train
Images/Test/cucumber_3/r0_303.jpg,cucumber_3,test
Images/Test/cucumber_3/r0_307.jpg,cucumber_3,test
Images/Test/cucumber_3/r0_31.jpg,cucumber_3,train
Images/Test/cucumber_3/r0_311.jpg,cucumber_3,test
Images/Test/cucumber_3/r0_315.jpg,cucumber_3,test
Images/Test/cucumber_3/r0_319.jpg,cucumber_3,test
Images/Test/cucumber_3/r0_323.jpg,cucumber_3,test
Images/Test/cucumber_3/r0_35.jpg,cucumber_3,train
Images/Test/cucumber_3/r0_39.jpg,cucumber_3,train
Images/Test/cucumber_3/r0_43.jpg,cucumber_3,train
Images/Test/cucumber_3/r0_47.jpg,cucumber_3,train
Images/Test/cucumber_3/r0_51.jpg,cucumber_3,train
Images/Test/cucumber_3/r0_55.jpg,cucumber_3,train
Images/Test/cucumber_3/r0_59.jpg,cucumber_3,train
Images/Test/cucumber_3/r0_63.jpg,cucumber_3,train
Images/Test/cucumber_3/r0_67.jpg,cucumber_3,train
Images/Test/cucumber_3/r0_7.jpg,cucumber_3,train
Images/Test/cucumber_3/r0_71.jpg,cucumber_3,train
Images/Test/cucumber_3/r0_75.jpg,cucumber_3,train
Images/Test/cucumber_3/r0_79.jpg,cucumber_3,train
Images/Test/cucumber_3/r0_83.jpg,cucumber_3,train
Images/Test/cucumber_3/r0_87.jpg,cucumber_3,train
Images/Test/cucumber_3/r0_91.jpg,cucumber_3,train
Images/Test/cucumber_3/r0_95.jpg,cucumber_3,train
Images/Test/cucumber_3/r0_99.jpg,cucumber_3,train
Images/Test/eggplant_violet_1/r0_103.jpg,eggplant_violet_1,train
Images/Test/eggplant_violet_1/r0_107.jpg,eggplant_violet_1,train
Images/Test/eggplant_violet_1/r0_11.jpg,eggplant_violet_1,train
Images/Test/eggplant_violet_1/r0_111.jpg,eggplant_violet_1,train
Images/Test/eggplant_violet_1/r0_115.jpg,eggplant_violet_1,train
Images/Test/eggplant_violet_1/r0_119.jpg,eggplant_violet_1,train
Images/Test/eggplant_violet_1/r0_123.jpg,eggplant_violet_1,train
Images/Test/eggplant_violet_1/r0_127.jpg,eggplant_violet_1,train
Images/Test/eggplant_violet_1/r0_131.jpg,eggplant_violet_1,train
Images/Test/eggplant_violet_1/r0_135.jpg,eggplant_violet_1,train
Images/Test/eggplant_violet_1/r0_139.jpg,eggplant_violet_1,train
Images/Test/eggplant_violet_1/r0_143.jpg,eggplant_violet_1,train
Images/Test/eggplant_violet_1/r0_147.jpg,eggplant_violet_1,train
Images/Test/eggplant_violet_1/r0_15.jpg,eggplant_violet_1,train
Images/Test/eggplant_violet_1/r0_151.jpg,eggplant_violet_1,train
Images/Test/eggplant_violet_1/r0_155.jpg,eggplant_violet_1,train
Images/Test/eggplant_violet_1/r0_159.jpg,eggplant_violet_1,train
Images/Test/eggplant_violet_1/r0_163.jpg,eggplant_violet_1,train
Images/Test/eggplant_violet_1/r0_167.jpg,eggplant_violet_1,train
Images/Test/eggplant_violet_1/r0_171.jpg,eggplant_violet_1,train
Images/Test/eggplant_violet_1/r0_175.jpg,eggplant_violet_1,train
Images/Test/eggplant_violet_1/r0_179.jpg,eggplant_violet_1,train
Images/Test/eggplant_violet_1/r0_183.jpg,eggplant_violet_1,train
Images/Test/eggplant_violet_1/r0_187.jpg,eggplant_violet_1,train
Images/Test/eggplant_violet_1/r0_19.jpg,eggplant_violet_1,train
Images/Test/eggplant_violet_1/r0_191.jpg,eggplant_violet_1,train
Images/Test/eggplant_violet_1/r0_195.jpg,eggplant_violet_1,train
Images/Test/eggplant_violet_1/r0_199.jpg,eggplant_violet_1,train
Images/Test/eggplant_violet_1/r0_203.jpg,eggplant_violet_1,train
Images/Test/eggplant_violet_1/r0_207.jpg,eggplant_violet_1,train
Images/Test/eggplant_violet_1/r0_211.jpg,eggplant_violet_1,train
Images/Test/eggplant_violet_1/r0_215.jpg,eggplant_violet_1,train
Images/Test/eggplant_violet_1/r0_219.jpg,eggplant_violet_1,train
Images/Test/eggplant_violet_1/r0_223.jpg,eggplant_violet_1,train
Images/Test/eggplant_violet_1/r0_227.jpg,eggplant_violet_1,val
Images/Test/eggplant_violet_1/r0_23.jpg,eggplant_violet_1,train
Images/Test/eggplant_violet_1/r0_231.jpg,eggplant_violet_1,val
Images/Test/eggplant_violet_1/r0_235.jpg,eggplant_violet_1,val
Images/Test/eggplant_violet_1/r0_239.jpg,eggplant_violet_1,val
Images/Test/eggplant_violet_1/r0_243.jpg,eggplant_violet_1,val
Images/Test/eggplant_violet_1/r0_247.jpg,eggplant_violet_1,val
Images/Test/eggplant_violet_1/r0_251.jpg,eggplant_violet_1,val
Images/Test/eggplant_violet_1/r0_255.jpg,eggplant_violet_1,val
Images/Test/eggplant_violet_1/r0_259.jpg,eggplant_violet_1,val
Images/Test/eggplant_violet_1/r0_263.jpg,eggplant_violet_1,val
Images/Test/eggplant_violet_1/r0_267.jpg,eggplant_violet_1,val
Images/Test/eggplant_violet_1/r0_27.jpg,eggplant_violet_1,train
Images/Test/eggplant_violet_1/r0_271.jpg,eggplant_violet_1,val
Images/Test/eggplant_violet_1/r0_275.jpg,eggplant_violet_1,test
Images/Test/eggplant_violet_1/r0_279.jpg,eggplant_violet_1,test
Images/Test/eggplant_violet_1/r0_283.jpg,eggplant_violet_1,test
Images/Test/eggplant_violet_1/r0_287.jpg,eggplant_violet_1,test
Images/Test/eggplant_violet_1/r0_291.jpg,eggplant_violet_1,test
Images/Test/eggplant_violet_1/r0_295.jpg,eggplant_violet_1,test
Images/Test/eggplant_violet_1/r0_299.jpg,eggplant_violet_1,test
Images/Test/eggplant_violet_1/r0_3.jpg,eggplant_violet_1,train
Images/Test/eggplant_violet_1/r0_303.jpg,eggplant_violet_1,test
Images/Test/eggplant_violet_1/r0_307.jpg,eggplant_violet_1,test
Images/Test/eggplant_violet_1/r0_31.jpg,eggplant_violet_1,train
Images/Test/eggplant_violet_1/r0_311.jpg,eggplant_violet_1,test
Images/Test/eggplant_violet_1/r0_315.jpg,eggplant_violet_1,test
Images/Test/eggplant_violet_1/r0_319.jpg,eggplant_violet_1,test
Images/Test/eggplant_violet_1/r0_35.jpg,eggplant_violet_1,train
Images/Test/eggplant_violet_1/r0_39.jpg,eggplant_violet_1,train
Images/Test/eggplant_violet_1/r0_43.jpg,eggplant_violet_1,train
Images/Test/eggplant_violet_1/r0_47.jpg,eggplant_violet_1,train
Images/Test/eggplant_violet_1/r0_51.jpg,eggplant_violet_1,train
Images/Test/eggplant_violet_1/r0_55.jpg,eggplant_violet_1,train
Images/Test/eggplant_violet_1/r0_59.jpg,eggplant_violet_1,train
Images/Test/eggplant_violet_1/r0_63.jpg,eggplant_violet_1,train
Images/Test/eggplant_violet_1/r0_67.jpg,eggplant_violet_1,train
Images/Test/eggplant_violet_1/r0_7.jpg,eggplant_violet_1,train
Images/Test/eggplant_violet_1/r0_71.jpg,eggplant_violet_1,train
Images/Test/eggplant_violet_1/r0_75.jpg,eggplant_violet_1,train
Images/Test/eggplant_violet_1/r0_79.jpg,eggplant_violet_1,train
Images/Test/eggplant_violet_1/r0_83.jpg,eggplant_violet_1,train
Images/Test/eggplant_violet_1/r0_87.jpg,eggplant_violet_1,train
Images/Test/eggplant_violet_1/r0_91.jpg,eggplant_violet_1,train
Images/Test/eggplant_violet_1/r0_95.jpg,eggplant_violet_1,train
Images/Test/eggplant_violet_1/r0_99.jpg,eggplant_violet_1,train
Images/Test/pear_1/r0_103.jpg,pear_1,train
Images/Test/pear_1/r0_107.jpg,pear_1,train
Images/Test/pear_1/r0_11.jpg,pear_1,train
Images/Test/pear_1/r0_111.jpg,pear_1,train
Images/Test/pear_1/r0_115.jpg,pear_1,train
Images/Test/pear_1/r0_119.jpg,pear_1,train
Images/Test/pear_1/r0_123.jpg,pear_1,train
Images/Test/pear_1/r0_127.jpg,pear_1,train
Images/Test/pear_1/r0_131.jpg,pear_1,train
Images/Test/pear_1/r0_135.jpg,pear_1,train
Images/Test/pear_1/r0_139.jpg,pear_1,train
Images/Test/pear_1/r0_143.jpg,pear_1,train
Images/Test/pear_1/r0_147.jpg,pear_1,train
Images/Test/pear_1/r0_15.jpg,pear_1,train
Images/Test/pear_1/r0_151.jpg,pear_1,train
Images/Test/pear_1/r0_155.jpg,pear_1,train
Images/Test/pear_1/r0_159.jpg,pear_1,train
Images/Test/pear_1/r0_163.jpg,pear_1,train
Images/Test/pear_1/r0_167.jpg,pear_1,train
Images/Test/pear_1/r0_171.jpg,pear_1,train
Images/Test/pear_1/r0_175.jpg,pear_1,train
Images/Test/pear_1/r0_179.jpg,pear_1,train
Images/Test/pear_1/r0_183.jpg,pear_1,train
Images/Test/pear_1/r0_187.jpg,pear_1,train
Images/Test/pear_1/r0_19.jpg,pear_1,train
Images/Test/pear_1/r0_191.jpg,pear_1,train
Images/Test/pear_1/r0_195.jpg,pear_1,train
Images/Test/pear_1/r0_199.jpg,pear_1,train
Images/Test/pear_1/r0_203.jpg,pear_1,train
Images/Test/pear_1/r0_207.jpg,pear_1,train
Images/Test/pear_1/r0_211.jpg,pear_1,train
Images/Test/pear_1/r0_215.jpg,pear_1,train
Images/Test/pear_1/r0_219.jpg,pear_1,train
Images/Test/pear_1/r0_223.jpg,pear_1,train
Images/Test/pear_1/r0_227.jpg,pear_1,val
Images/Test/pear_1/r0_23.jpg,pear_1,train
Images/Test/pear_1/r0_231.jpg,pear_1,val
Images/Test/pear_1/r0_235.jpg,pear_1,val
Images/Test/pear_1/r0_239.jpg,pear_1,val
Images/Test/pear_1/r0_243.jpg,pear_1,val
Images/Test/pear_1/r0_247.jpg,pear_1,val
Images/Test/pear_1/r0_251.jpg,pear_1,val
Images/Test/pear_1/r0_255.jpg,pear_1,val
Images/Test/pear_1/r0_259.jpg,pear_1,val
Images/Test/pear_1/r0_263.jpg,pear_1,val
Images/Test/pear_1/r0_267.jpg,pear_1,val
Images/Test/pear_1/r0_27.jpg,pear_1,train
Images/Test/pear_1/r0_271.jpg,pear_1,val
Images/Test/pear_1/r0_275.jpg,pear_1,val
Images/Test/pear_1/r0_279.jpg,pear_1,test
Images/Test/pear_1/r0_283.jpg,pear_1,test
Images/Test/pear_1/r0_287.jpg,pear_1,test
Images/Test/pear_1/r0_291.jpg,pear_1,test
Images/Test/pear_1/r0_295.jpg,pear_1,test
Images/Test/pear_1/r0_299.jpg,pear_1,test
Images/Test/pear_1/r0_3.jpg,pear_1,train
Images/Test/pear_1/r0_303.jpg,pear_1,test
Images/Test/pear_1/r0_307.jpg,pear_1,test
Images/Test/pear_1/r0_31.jpg,pear_1,train
Images/Test/pear_1/r0_311.jpg,pear_1,test
Images/Test/pear_1/r0_315.jpg,pear_1,test
Images/Test/pear_1/r0_319.jpg,pear_1,test
Images/Test/pear_1/r0_323.jpg,pear_1,test
Images/Test/pear_1/r0_35.jpg,pear_1,train
Images/Test/pear_1/r0_39.jpg,pear_1,train
Images/Test/pear_1/r0_43.jpg,pear_1,train
Images/Test/pear_1/r0_47.jpg,pear_1,train
Images/Test/pear_1/r0_51.jpg,pear_1,train
Images/Test/pear_1/r0_55.jpg,pear_1,train
Images/Test/pear_1/r0_59.jpg,pear_1,train
Images/Test/pear_1/r0_63.jpg,pear_1,train
Images/Test/pear_1/r0_67.jpg,pear_1,train
Images/Test/pear_1/r0_7.jpg,pear_1,train
Images/Test/pear_1/r0_71.jpg,pear_1,train
Images/Test/pear_1/r0_75.jpg,pear_1,train
Images/Test/pear_1/r0_79.jpg,pear_1,train
Images/Test/pear_1/r0_83.jpg,pear_1,train
Images/Test/pear_1/r0_87.jpg,pear_1,train
Images/Test/pear_1/r0_91.jpg,pear_1,train
Images/Test/pear_1/r0_95.jpg,pear_1,train
Images/Test/pear_1/r0_99.jpg,pear_1,train
Images/Test/pear_1/r1_103.jpg,pear_1,train
Images/Test/pear_1/r1_107.jpg,pear_1,train
Images/Test/pear_1/r1_11.jpg,pear_1,train
Images/Test/pear_1/r1_111.jpg,pear_1,train
Images/Test/pear_1/r1_115.jpg,pear_1,train
Images/Test/pear_1/r1_119.jpg,pear_1,train
Images/Test/pear_1/r1_123.jpg,pear_1,train
Images/Test/pear_1/r1_127.jpg,pear_1,train
Images/Test/pear_1/r1_131.jpg,pear_1,train
Images/Test/pear_1/r1_135.jpg,pear_1,train
Images/Test/pear_1/r1_139.jpg,pear_1,train
Images/Test/pear_1/r1_143.jpg,pear_1,train
Images/Test/pear_1/r1_147.jpg,pear_1,train
Images/Test/pear_1/r1_15.jpg,pear_1,train
Images/Test/pear_1/r1_151.jpg,pear_1,train
Images/Test/pear_1/r1_155.jpg,pear_1,train
Images/Test/pear_1/r1_159.jpg,pear_1,train
Images/Test/pear_1/r1_163.jpg,pear_1,train
Images/Test/pear_1/r1_167.jpg,pear_1,train
Images/Test/pear_1/r1_171.jpg,pear_1,train
Images/Test/pear_1/r1_175.jpg,pear_1,train
Images/Test/pear_1/r1_179.jpg,pear_1,train
Images/Test/pear_1/r1_183.jpg,pear_1,train
Images/Test/pear_1/r1_187.jpg,pear_1,train
Images/Test/pear_1/r1_19.jpg,pear_1,train
Images/Test/pear_1/r1_191.jpg,pear_1,train
Images/Test/pear_1/r1_195.jpg,pear_1,train
Images/Test/pear_1/r1_199.jpg,pear_1,train
Images/Test/pear_1/r1_203.jpg,pear_1,train
Images/Test/pear_1/r1_207.jpg,pear_1,train
Images/Test/pear_1/r1_211.jpg,pear_1,train
Images/Test/pear_1/r1_215.jpg,pear_1,train
Images/Test/pear_1/r1_219.jpg,pear_1,train
Images/Test/pear_1/r1_223.jpg,pear_1,train
Images/Test/pear_1/r1_227.jpg,pear_1,val
Images/Test/pear_1/r1_23.jpg,pear_1,train
Images/Test/pear_1/r1_231.jpg,pear_1,val
Images/Test/pear_1/r1_235.jpg,pear_1,val
Images/Test/pear_1/r1_239.jpg,pear_1,val
Images/Test/pear_1/r1_243.jpg,pear_1,val
Images/Test/pear_1/r1_247.jpg,pear_1,val
Images/Test/pear_1/r1_251.jpg,pear_1,val
Images/Test/pear_1/r1_255.jpg,pear_1,val
Images/Test/pear_1/r1_259.jpg,pear_1,val
Images/Test/pear_1/r1_263.jpg,pear_1,val
Images/Test/pear_1/r1_267.jpg,pear_1,val
Images/Test/pear_1/r1_27.jpg,pear_1,train
Images/Test/pear_1/r1_271.jpg,pear_1,val
Images/Test/pear_1/r1_275.jpg,pear_1,val
Images/Test/pear_1/r1_279.jpg,pear_1,test
Images/Test/pear_1/r1_283.jpg,pear_1,test
Images/Test/pear_1/r1_287.jpg,pear_1,test
Images/Test/pear_1/r1_291.jpg,pear_1,test
Images/Test/pear_1/r1_295.jpg,pear_1,test
Images/Test/pear_1/r1_299.jpg,pear_1,test
Images/Test/pear_1/r1_3.jpg,pear_1,train
Images/Test/pear_1/r1_303.jpg,pear_1,test
Images/Test/pear_1/r1_307.jpg,pear_1,test
Images/Test/pear_1/r1_31.jpg,pear_1,train
Images/Test/pear_1/r1_311.jpg,pear_1,test
Images/Test/pear_1/r1_315.jpg,pear_1,test
Images/Test/pear_1/r1_319.jpg,pear_1,test
Images/Test/pear_1/r1_323.jpg,pear_1,test
Images/Test/pear_1/r1_35.jpg,pear_1,train
Images/Test/pear_1/r1_39.jpg,pear_1,train
Images/Test/pear_1/r1_43.jpg,pear_1,train
Images/Test/pear_1/r1_47.jpg,pear_1,train
Images/Test/pear_1/r1_51.jpg,pear_1,train
Images/Test/pear_1/r1_55.jpg,pear_1,train
Images/Test/pear_1/r1_59.jpg,pear_1,train
Images/Test/pear_1/r1_63.jpg,pear_1,train
Images/Test/pear_1/r1_67.jpg,pear_1,train
Images/Test/pear_1/r1_7.jpg,pear_1,train
Images/Test/pear_1/r1_71.jpg,pear_1,train
Images/Test/pear_1/r1_75.jpg,pear_1,train
Images/Test/pear_1/r1_79.jpg,pear_1,train
Images/Test/pear_1/r1_83.jpg,pear_1,train
Images/Test/pear_1/r1_87.jpg,pear_1,train
Images/Test/pear_1/r1_91.jpg,pear_1,train
Images/Test/pear_1/r1_95.jpg,pear_1,train
Images/Test/pear_1/r1_99.jpg,pear_1,train
Images/Test/pear_3/r0_103.jpg,pear_3,train
Images/Test/pear_3/r0_107.jpg,pear_3,train
Images/Test/pear_3/r0_11.jpg,pear_3,train
Images/Test/pear_3/r0_111.jpg,pear_3,train
Images/Test/pear_3/r0_115.jpg,pear_3,train
Images/Test/pear_3/r0_119.jpg,pear_3,train
Images/Test/pear_3/r0_123.jpg,pear_3,train
Images/Test/pear_3/r0_127.jpg,pear_3,train
Images/Test/pear_3/r0_131.jpg,pear_3,train
Images/Test/pear_3/r0_135.jpg,pear_3,train
Images/Test/pear_3/r0_139.jpg,pear_3,train
Images/Test/pear_3/r0_143.jpg,pear_3,train
Images/Test/pear_3/r0_147.jpg,pear_3,train
Images/Test/pear_3/r0_15.jpg,pear_3,train
Images/Test/pear_3/r0_151.jpg,pear_3,train
Images/Test/pear_3/r0_155.jpg,pear_3,train
Images/Test/pear_3/r0_19.jpg,pear_3,train
Images/Test/pear_3/r0_195.jpg,pear_3,train
Images/Test/pear_3/r0_199.jpg,pear_3,train
Images/Test/pear_3/r0_203.jpg,pear_3,train
Images/Test/pear_3/r0_207.jpg,pear_3,train
Images/Test/pear_3/r0_211.jpg,pear_3,train
Images/Test/pear_3/r0_215.jpg,pear_3,train
Images/Test/pear_3/r0_219.jpg,pear_3,train
Images/Test/pear_3/r0_223.jpg,pear_3,train
Images/Test/pear_3/r0_227.jpg,pear_3,train
Images/Test/pear_3/r0_23.jpg,pear_3,train
Images/Test/pear_3/r0_231.jpg,pear_3,train
Images/Test/pear_3/r0_235.jpg,pear_3,train
Images/Test/pear_3/r0_239.jpg,pear_3,val
Images/Test/pear_3/r0_243.jpg,pear_3,val
Images/Test/pear_3/r0_247.jpg,pear_3,val
Images/Test/pear_3/r0_251.jpg,pear_3,val
Images/Test/pear_3/r0_255.jpg,pear_3,val
Images/Test/pear_3/r0_259.jpg,pear_3,val
Images/Test/pear_3/r0_263.jpg,pear_3,val
Images/Test/pear_3/r0_267.jpg,pear_3,val
Images/Test/pear_3/r0_27.jpg,pear_3,train
Images/Test/pear_3/r0_271.jpg,pear_3,val
Images/Test/pear_3/r0_275.jpg,pear_3,val
Images/Test/pear_3/r0_279.jpg,pear_3,val
Images/Test/pear_3/r0_283.jpg,pear_3,test
Images/Test/pear_3/r0_287.jpg,pear_3,test
Images/Test/pear_3/r0_291.jpg,pear_3,test
Images/Test/pear_3/r0_295.jpg,pear_3,test
Images/Test/pear_3/r0_299.jpg,pear_3,test
Images/Test/pear_3/r0_3.jpg,pear_3,train
Images/Test/pear_3/r0_303.jpg,pear_3,test
Images/Test/pear_3/r0_307.jpg,pear_3,test
Images/Test/pear_3/r0_31.jpg,pear_3,train
Images/Test/pear_3/r0_311.jpg,pear_3,test
Images/Test/pear_3/r0_315.jpg,pear_3,test
Images/Test/pear_3/r0_319.jpg,pear_3,test
Images/Test/pear_3/r0_323.jpg,pear_3,test
Images/Test/pear_3/r0_35.jpg,pear_3,train
Images/Test/pear_3/r0_39.jpg,pear_3,train
Images/Test/pear_3/r0_43.jpg,pear_3,train
Images/Test/pear_3/r0_47.jpg,pear_3,train
Images/Test/pear_3/r0_51.jpg,pear_3,train
Images/Test/pear_3/r0_55.jpg,pear_3,train
Images/Test/pear_3/r0_59.jpg,pear_3,train
Images/Test/pear_3/r0_63.jpg,pear_3,train
Images/Test/pear_3/r0_67.jpg,pear_3,train
Images/Test/pear_3/r0_7.jpg,pear_3,train
Images/Test/pear_3/r0_71.jpg,pear_3,train
Images/Test/pear_3/r0_75.jpg,pear_3,train
Images/Test/pear_3/r0_79.jpg,pear_3,train
Images/Test/pear_3/r0_83.jpg,pear_3,train
Images/Test/pear_3/r0_87.jpg,pear_3,train
Images/Test/pear_3/r0_91.jpg,pear_3,train
Images/Test/pear_3/r0_95.jpg,pear_3,train
Images/Test/pear_3/r0_99.jpg,pear_3,train
Images/Test/zucchini_1/r0_103.jpg,zucchini_1,train
Images/Test/zucchini_1/r0_107.jpg,zucchini_1,train
Images/Test/zucchini_1/r0_11.jpg,zucchini_1,train
Images/Test/zucchini_1/r0_111.jpg,zucchini_1,train
Images/Test/zucchini_1/r0_115.jpg,zucchini_1,train
Images/Test/zucchini_1/r0_119.jpg,zucchini_1,train
Images/Test/zucchini_1/r0_123.jpg,zucchini_1,train
Images/Test/zucchini_1/r0_127.jpg,zucchini_1,train
Images/Test/zucchini_1/r0_131.jpg,zucchini_1,train
Images/Test/zucchini_1/r0_135.jpg,zucchini_1,train
Images/Test/zucchini_1/r0_139.jpg,zucchini_1,train
Images/Test/zucchini_1/r0_143.jpg,zucchini_1,train
Images/Test/zucchini_1/r0_147.jpg,zucchini_1,train
Images/Test/zucchini_1/r0_15.jpg,zucchini_1,train
Images/Test/zucchini_1/r0_151.jpg,zucchini_1,train
Images/Test/zucchini_1/r0_155.jpg,zucchini_1,train
Images/Test/zucchini_1/r0_159.jpg,zucchini_1,train
Images/Test/zucchini_1/r0_163.jpg,zucchini_1,train
Images/Test/zucchini_1/r0_167.jpg,zucchini_1,train
Images/Test/zucchini_1/r0_171.jpg,zucchini_1,train
Images/Test/zucchini_1/r0_175.jpg,zucchini_1,train
Images/Test/zucchini_1/r0_179.jpg,zucchini_1,train
Images/Test/zucchini_1/r0_183.jpg,zucchini_1,train
Images/Test/zucchini_1/r0_187.jpg,zucchini_1,train
Images/Test/zucchini_1/r0_19.jpg,zucchini_1,train
Images/Test/zucchini_1/r0_191.jpg,zucchini_1,train
Images/Test/zucchini_1/r0_195.jpg,zucchini_1,train
Images/Test/zucchini_1/r0_199.jpg,zucchini_1,train
Images/Test/zucchini_1/r0_203.jpg,zucchini_1,train
Images/Test/zucchini_1/r0_207.jpg,zucchini_1,train
Images/Test/zucchini_1/r0_211.jpg,zucchini_1,train
Images/Test/zucchini_1/r0_215.jpg,zucchini_1,train
Images/Test/zucchini_1/r0_219.jpg,zucchini_1,train
Images/Test/zucchini_1/r0_223.jpg,zucchini_1,train
Images/Test/zucchini_1/r0_227.jpg,zucchini_1,val
Images/Test/zucchini_1/r0_23.jpg,zucchini_1,train
Images/Test/zucchini_1/r0_231.jpg,zucchini_1,val
Images/Test/zucchini_1/r0_235.jpg,zucchini_1,val
Images/Test/zucchini_1/r0_239.jpg,zucchini_1,val
Images/Test/zucchini_1/r0_243.jpg,zucchini_1,val
Images/Test/zucchini_1/r0_247.jpg,zucchini_1,val
Images/Test/zucchini_1/r0_251.jpg,zucchini_1,val
Images/Test/zucchini_1/r0_255.jpg,zucchini_1,val
Images/Test/zucchini_1/r0_259.jpg,zucchini_1,val
Images/Test/zucchini_1/r0_263.jpg,zucchini_1,val
Images/Test/zucchini_1/r0_267.jpg,zucchini_1,val
Images/Test/zucchini_1/r0_27.jpg,zucchini_1,train
Images/Test/zucchini_1/r0_271.jpg,zucchini_1,val
Images/Test/zucchini_1/r0_275.jpg,zucchini_1,test
Images/Test/zucchini_1/r0_279.jpg,zucchini_1,test
Images/Test/zucchini_1/r0_283.jpg,zucchini_1,test
Images/Test/zucchini_1/r0_287.jpg,zucchini_1,test
Images/Test/zucchini_1/r0_291.jpg,zucchini_1,test
Images/Test/zucchini_1/r0_295.jpg,zucchini_1,test
Images/Test/zucchini_1/r0_299.jpg,zucchini_1,test
Images/Test/zucchini_1/r0_3.jpg,zucchini_1,train
Images/Test/zucchini_1/r0_303.jpg,zucchini_1,test
Images/Test/zucchini_1/r0_307.jpg,zucchini_1,test
Images/Test/zucchini_1/r0_31.jpg,zucchini_1,train
Images/Test/zucchini_1/r0_311.jpg,zucchini_1,test
Images/Test/zucchini_1/r0_315.jpg,zucchini_1,test
Images/Test/zucchini_1/r0_319.jpg,zucchini_1,test
Images/Test/zucchini_1/r0_35.jpg,zucchini_1,train
Images/Test/zucchini_1/r0_39.jpg,zucchini_1,train
Images/Test/zucchini_1/r0_43.jpg,zucchini_1,train
Images/Test/zucchini_1/r0_47.jpg,zucchini_1,train
Images/Test/zucchini_1/r0_51.jpg,zucchini_1,train
Images/Test/zucchini_1/r0_55.jpg,zucchini_1,train
Images/Test/zucchini_1/r0_59.jpg,zucchini_1,train
Images/Test/zucchini_1/r0_63.jpg,zucchini_1,train
Images/Test/zucchini_1/r0_67.jpg,zucchini_1,train
Images/Test/zucchini_1/r0_7.jpg,zucchini_1,train
Images/Test/zucchini_1/r0_71.jpg,zucchini_1,train
Images/Test/zucchini_1/r0_75.jpg,zucchini_1,train
Images/Test/zucchini_1/r0_79.jpg,zucchini_1,train
Images/Test/zucchini_1/r0_83.jpg,zucchini_1,train
Images/Test/zucchini_1/r0_87.jpg,zucchini_1,train
Images/Test/zucchini_1/r0_91.jpg,zucchini_1,train
Images/Test/zucchini_1/r0_95.jpg,zucchini_1,train
Images/Test/zucchini_1/r0_99.jpg,zucchini_1,train
Images/Test/zucchini_dark_1/r0_103.jpg,zucchini_dark_1,train
Images/Test/zucchini_dark_1/r0_107.jpg,zucchini_dark_1,train
Images/Test/zucchini_dark_1/r0_11.jpg,zucchini_dark_1,train
Images/Test/zucchini_dark_1/r0_111.jpg,zucchini_dark_1,train
Images/Test/zucchini_dark_1/r0_115.jpg,zucchini_dark_1,train
Images/Test/zucchini_dark_1/r0_119.jpg,zucchini_dark_1,train
Images/Test/zucchini_dark_1/r0_123.jpg,zucchini_dark_1,train
Images/Test/zucchini_dark_1/r0_127.jpg,zucchini_dark_1,train
Images/Test/zucchini_dark_1/r0_131.jpg,zucchini_dark_1,train
Images/Test/zucchini_dark_1/r0_135.jpg,zucchini_dark_1,train
Images/Test/zucchini_dark_1/r0_139.jpg,zucchini_dark_1,train
Images/Test/zucchini_dark_1/r0_143.jpg,zucchini_dark_1,train
Images/Test/zucchini_dark_1/r0_147.jpg,zucchini_dark_1,train
Images/Test/zucchini_dark_1/r0_15.jpg,zucchini_dark_1,train
Images/Test/zucchini_dark_1/r0_151.jpg,zucchini_dark_1,train
Images/Test/zucchini_dark_1/r0_155.jpg,zucchini_dark_1,train
Images/Test/zucchini_dark_1/r0_159.jpg,zucchini_dark_1,train
Images/Test/zucchini_dark_1/r0_163.jpg,zucchini_dark_1,train
Images/Test/zucchini_dark_1/r0_167.jpg,zucchini_dark_1,train
Images/Test/zucchini_dark_1/r0_171.jpg,zucchini_dark_1,train
Images/Test/zucchini_dark_1/r0_175.jpg,zucchini_dark_1,train
Images/Test/zucchini_dark_1/r0_179.jpg,zucchini_dark_1,train
Images/Test/zucchini_dark_1/r0_183.jpg,zucchini_dark_1,train
Images/Test/zucchini_dark_1/r0_187.jpg,zucchini_dark_1,train
Images/Test/zucchini_dark_1/r0_19.jpg,zucchini_dark_1,train
Images/Test/zucchini_dark_1/r0_191.jpg,zucchini_dark_1,train
Images/Test/zucchini_dark_1/r0_195.jpg,zucchini_dark_1,train
Images/Test/zucchini_dark_1/r0_199.jpg,zucchini_dark_1,train
Images/Test/zucchini_dark_1/r0_203.jpg,zucchini_dark_1,train
Images/Test/zucchini_dark_1/r0_207.jpg,zucchini_dark_1,train
Images/Test/zucchini_dark_1/r0_211.jpg,zucchini_dark_1,train
Images/Test/zucchini_dark_1/r0_215.jpg,zucchini_dark_1,train
Images/Test/zucchini_dark_1/r0_219.jpg,zucchini_dark_1,train
Images/Test/zucchini_dark_1/r0_223.jpg,zucchini_dark_1,train
Images/Test/zucchini_dark_1/r0_227.jpg,zucchini_dark_1,val
Images/Test/zucchini_dark_1/r0_23.jpg,zucchini_dark_1,train
Images/Test/zucchini_dark_1/r0_231.jpg,zucchini_dark_1,val
Images/Test/zucchini_dark_1/r0_235.jpg,zucchini_dark_1,val
Images/Test/zucchini_dark_1/r0_239.jpg,zucchini_dark_1,val
Images/Test/zucchini_dark_1/r0_243.jpg,zucchini_dark_1,val
Images/Test/zucchini_dark_1/r0_247.jpg,zucchini_dark_1,val
Images/Test/zucchini_dark_1/r0_251.jpg,zucchini_dark_1,val
Images/Test/zucchini_dark_1/r0_255.jpg,zucchini_dark_1,val
Images/Test/zucchini_dark_1/r0_259.jpg,zucchini_dark_1,val
Images/Test/zucchini_dark_1/r0_263.jpg,zucchini_dark_1,val
Images/Test/zucchini_dark_1/r0_267.jpg,zucchini_dark_1,val
Images/Test/zucchini_dark_1/r0_27.jpg,zucchini_dark_1,train
Images/Test/zucchini_dark_1/r0_271.jpg,zucchini_dark_1,val
Images/Test/zucchini_dark_1/r0_275.jpg,zucchini_dark_1,test
Images/Test/zucchini_dark_1/r0_279.jpg,zucchini_dark_1,test
Images/Test/zucchini_dark_1/r0_283.jpg,zucchini_dark_1,test
Images/Test/zucchini_dark_1/r0_287.jpg,zucchini_dark_1,test
Images/Test/zucchini_dark_1/r0_291.jpg,zucchini_dark_1,test
Images/Test/zucchini_dark_1/r0_295.jpg,zucchini_dark_1,test
Images/Test/zucchini_dark_1/r0_299.jpg,zucchini_dark_1,test
Images/Test/zucchini_dark_1/r0_3.jpg,zucchini_dark_1,train
Images/Test/zucchini_dark_1/r0_303.jpg,zucchini_dark_1,test
Images/Test/zucchini_dark_1/r0_307.jpg,zucchini_dark_1,test
Images/Test/zucchini_dark_1/r0_31.jpg,zucchini_dark_1,train
Images/Test/zucchini_dark_1/r0_311.jpg,zucchini_dark_1,test
Images/Test/zucchini_dark_1/r0_315.jpg,zucchini_dark_1,test
Images/Test/zucchini_dark_1/r0_319.jpg,zucchini_dark_1,test
Images/Test/zucchini_dark_1/r0_35.jpg,zucchini_dark_1,train
Images/Test/zucchini_dark_1/r0_39.jpg,zucchini_dark_1,train
Images/Test/zucchini_dark_1/r0_43.jpg,zucchini_dark_1,train
Images/Test/zucchini_dark_1/r0_47.jpg,zucchini_dark_1,train
Images/Test/zucchini_dark_1/r0_51.jpg,zucchini_dark_1,train
Images/Test/zucchini_dark_1/r0_55.jpg,zucchini_dark_1,train
Images/Test/zucchini_dark_1/r0_59.jpg,zucchini_dark_1,train
Images/Test/zucchini_dark_1/r0_63.jpg,zucchini_dark_1,train
Images/Test/zucchini_dark_1/r0_67.jpg,zucchini_dark_1,train
Images/Test/zucchini_dark_1/r0_7.jpg,zucchini_dark_1,train
Images/Test/zucchini_dark_1/r0_71.jpg,zucchini_dark_1,train
Images/Test/zucchini_dark_1/r0_75.jpg,zucchini_dark_1,train
Images/Test/zucchini_dark_1/r0_79.jpg,zucchini_dark_1,train
Images/Test/zucchini_dark_1/r0_83.jpg,zucchini_dark_1,train
Images/Test/zucchini_dark_1/r0_87.jpg,zucchini_dark_1,train
Images/Test/zucchini_dark_1/r0_91.jpg,zucchini_dark_1,train
Images/Test/zucchini_dark_1/r0_95.jpg,zucchini_dark_1,train
Images/Test/zucchini_dark_1/r0_99.jpg,zucchini_dark_1,train
Images/Training/apple_6/r0_0.jpg,apple_6,train
Images/Training/apple_6/r0_10.jpg,apple_6,train
Images/Training/apple_6/r0_100.jpg,apple_6,train
Images/Training/apple_6/r0_102.jpg,apple_6,train
Images/Training/apple_6/r0_104.jpg,apple_6,train
Images/Training/apple_6/r0_106.jpg,apple_6,train
Images/Training/apple_6/r0_108.jpg,apple_6,train
Images/Training/apple_6/r0_110.jpg,apple_6,train
Images/Training/apple_6/r0_112.jpg,apple_6,train
Images/Training/apple_6/r0_114.jpg,apple_6,train
Images/Training/apple_6/r0_116.jpg,apple_6,train
Images/Training/apple_6/r0_118.jpg,apple_6,train
Images/Training/apple_6/r0_12.jpg,apple_6,train
Images/Training/apple_6/r0_120.jpg,apple_6,train
Images/Training/apple_6/r0_122.jpg,apple_6,train
Images/Training/apple_6/r0_124.jpg,apple_6,train
Images/Training/apple_6/r0_126.jpg,apple_6,train
Images/Training/apple_6/r0_128.jpg,apple_6,train
Images/Training/apple_6/r0_130.jpg,apple_6,train
Images/Training/apple_6/r0_132.jpg,apple_6,train
Images/Training/apple_6/r0_134.jpg,apple_6,train
Images/Training/apple_6/r0_136.jpg,apple_6,train
Images/Training/apple_6/r0_138.jpg,apple_6,train
Images/Training/apple_6/r0_14.jpg,apple_6,train
Images/Training/apple_6/r0_140.jpg,apple_6,train
Images/Training/apple_6/r0_142.jpg,apple_6,train
Images/Training/apple_6/r0_144.jpg,apple_6,train
Images/Training/apple_6/r0_146.jpg,apple_6,train
Images/Training/apple_6/r0_148.jpg,apple_6,train
Images/Training/apple_6/r0_150.jpg,apple_6,train
Images/Training/apple_6/r0_152.jpg,apple_6,train
Images/Training/apple_6/r0_154.jpg,apple_6,train
Images/Training/apple_6/r0_156.jpg,apple_6,train
Images/Training/apple_6/r0_158.jpg,apple_6,train
Images/Training/apple_6/r0_16.jpg,apple_6,train
Images/Training/apple_6/r0_160.jpg,apple_6,train
Images/Training/apple_6/r0_162.jpg,apple_6,train
Images/Training/apple_6/r0_164.jpg,apple_6,train
Images/Training/apple_6/r0_166.jpg,apple_6,train
Images/Training/apple_6/r0_168.jpg,apple_6,train
Images/Training/apple_6/r0_170.jpg,apple_6,train
Images/Training/apple_6/r0_172.jpg,apple_6,train
Images/Training/apple_6/r0_174.jpg,apple_6,train
Images/Training/apple_6/r0_176.jpg,apple_6,train
Images/Training/apple_6/r0_178.jpg,apple_6,train
Images/Training/apple_6/r0_18.jpg,apple_6,train
Images/Training/apple_6/r0_180.jpg,apple_6,train
Images/Training/apple_6/r0_182.jpg,apple_6,train
Images/Training/apple_6/r0_184.jpg,apple_6,train
Images/Training/apple_6/r0_186.jpg,apple_6,train
Images/Training/apple_6/r0_188.jpg,apple_6,train
Images/Training/apple_6/r0_190.jpg,apple_6,train
Images/Training/apple_6/r0_192.jpg,apple_6,train
Images/Training/apple_6/r0_194.jpg,apple_6,train
Images/Training/apple_6/r0_196.jpg,apple_6,train
Images/Training/apple_6/r0_198.jpg,apple_6,train
Images/Training/apple_6/r0_2.jpg,apple_6,train
Images/Training/apple_6/r0_20.jpg,apple_6,train
Images/Training/apple_6/r0_200.jpg,apple_6,train
Images/Training/apple_6/r0_202.jpg,apple_6,train
Images/Training/apple_6/r0_204.jpg,apple_6,train
Images/Training/apple_6/r0_206.jpg,apple_6,train
Images/Training/apple_6/r0_208.jpg,apple_6,train
Images/Training/apple_6/r0_210.jpg,apple_6,train
Images/Training/apple_6/r0_212.jpg,apple_6,train
Images/Training/apple_6/r0_214.jpg,apple_6,train
Images/Training/apple_6/r0_216.jpg,apple_6,train
Images/Training/apple_6/r0_218.jpg,apple_6,train
Images/Training/apple_6/r0_22.jpg,apple_6,train
Images/Training/apple_6/r0_220.jpg,apple_6,train
Images/Training/apple_6/r0_222.jpg,apple_6,train
Images/Training/apple_6/r0_224.jpg,apple_6,val
Images/Training/apple_6/r0_226.jpg,apple_6,val
Images/Training/apple_6/r0_228.jpg,apple_6,val
Images/Training/apple_6/r0_230.jpg,apple_6,val
Images/Training/apple_6/r0_232.jpg,apple_6,val
Images/Training/apple_6/r0_234.jpg,apple_6,val
Images/Training/apple_6/r0_236.jpg,apple_6,val
Images/Training/apple_6/r0_238.jpg,apple_6,val
Images/Training/apple_6/r0_24.jpg,apple_6,train
Images/Training/apple_6/r0_240.jpg,apple_6,val
Images/Training/apple_6/r0_242.jpg,apple_6,val
Images/Training/apple_6/r0_244.jpg,apple_6,val
Images/Training/apple_6/r0_246.jpg,apple_6,val
Images/Training/apple_6/r0_248.jpg,apple_6,val
Images/Training/apple_6/r0_250.jpg,apple_6,val
Images/Training/apple_6/r0_252.jpg,apple_6,val
Images/Training/apple_6/r0_254.jpg,apple_6,val
Images/Training/apple_6/r0_256.jpg,apple_6,val
Images/Training/apple_6/r0_258.jpg,apple_6,val
Images/Training/apple_6/r0_26.jpg,apple_6,train
Images/Training/apple_6/r0_260.jpg,apple_6,val
Images/Training/apple_6/r0_262.jpg,apple_6,val
Images/Training/apple_6/r0_264.jpg,apple_6,val
Images/Training/apple_6/r0_266.jpg,apple_6,val
Images/Training/apple_6/r0_268.jpg,apple_6,val
Images/Training/apple_6/r0_270.jpg,apple_6,val
Images/Training/apple_6/r0_272.jpg,apple_6,test
Images/Training/apple_6/r0_274.jpg,apple_6,test
Images/Training/apple_6/r0_276.jpg,apple_6,test
Images/Training/apple_6/r0_278.jpg,apple_6,test
Images/Training/apple_6/r0_28.jpg,apple_6,train
Images/Training/apple_6/r0_280.jpg,apple_6,test
Images/Training/apple_6/r0_282.jpg,apple_6,test
Images/Training/apple_6/r0_284.jpg,apple_6,test
Images/Training/apple_6/r0_286.jpg,apple_6,test
Images/Training/apple_6/r0_288.jpg,apple_6,test
Images/Training/apple_6/r0_290.jpg,apple_6,test
Images/Training/apple_6/r0_292.jpg,apple_6,test
Images/Training/apple_6/r0_294.jpg,apple_6,test
Images/Training/apple_6/r0_296.jpg,apple_6,test
Images/Training/apple_6/r0_298.jpg,apple_6,test
Images/Training/apple_6/r0_30.jpg,apple_6,train
Images/Training/apple_6/r0_300.jpg,apple_6,test
Images/Training/apple_6/r0_302.jpg,apple_6,test
Images/Training/apple_6/r0_304.jpg,apple_6,test
Images/Training/apple_6/r0_306.jpg,apple_6,test
Images/Training/apple_6/r0_308.jpg,apple_6,test
Images/Training/apple_6/r0_310.jpg,apple_6,test
Images/Training/apple_6/r0_312.jpg,apple_6,test
Images/Training/apple_6/r0_314.jpg,apple_6,test
Images/Training/apple_6/r0_316.jpg,apple_6,test
Images/Training/apple_6/r0_32.jpg,apple_6,train
Images/Training/apple_6/r0_34.jpg,apple_6,train
Images/Training/apple_6/r0_36.jpg,apple_6,train
Images/Training/apple_6/r0_38.jpg,apple_6,train
Images/Training/apple_6/r0_4.jpg,apple_6,train
Images/Training/apple_6/r0_40.jpg,apple_6,train
Images/Training/apple_6/r0_42.jpg,apple_6,train
Images/Training/apple_6/r0_44.jpg,apple_6,train
Images/Training/apple_6/r0_46.jpg,apple_6,train
Images/Training/apple_6/r0_48.jpg,apple_6,train
Images/Training/apple_6/r0_50.jpg,apple_6,train
Images/Training/apple_6/r0_52.jpg,apple_6,train
Images/Training/apple_6/r0_54.jpg,apple_6,train
Images/Training/apple_6/r0_56.jpg,apple_6,train
Images/Training/apple_6/r0_58.jpg,apple_6,train
Images/Training/apple_6/r0_6.jpg,apple_6,train
Images/Training/apple_6/r0_60.jpg,apple_6,train
Images/Training/apple_6/r0_62.jpg,apple_6,train
Images/Training/apple_6/r0_64.jpg,apple_6,train
Images/Training/apple_6/r0_66.jpg,apple_6,train
Images/Training/apple_6/r0_68.jpg,apple_6,train
Images/Training/apple_6/r0_70.jpg,apple_6,train
Images/Training/apple_6/r0_72.jpg,apple_6,train
Images/Training/apple_6/r0_74.jpg,apple_6,train
Images/Training/apple_6/r0_76.jpg,apple_6,train
Images/Training/apple_6/r0_78.jpg,apple_6,train
Images/Training/apple_6/r0_8.jpg,apple_6,train
Images/Training/apple_6/r0_80.jpg,apple_6,train
Images/Training/apple_6/r0_82.jpg,apple_6,train
Images/Training/apple_6/r0_84.jpg,apple_6,train
Images/Training/apple_6/r0_86.jpg,apple_6,train
Images/Training/apple_6/r0_88.jpg,apple_6,train
Images/Training/apple_6/r0_90.jpg,apple_6,train
Images/Training/apple_6/r0_92.jpg,apple_6,train
Images/Training/apple_6/r0_94.jpg,apple_6,train
Images/Training/apple_6/r0_96.jpg,apple_6,train
Images/Training/apple_6/r0_98.jpg,apple_6,train
Images/Training/apple_6/r1_0.jpg,apple_6,train
Images/Training/apple_6/r1_10.jpg,apple_6,train
Images/Training/apple_6/r1_100.jpg,apple_6,train
Images/Training/apple_6/r1_102.jpg,apple_6,train
Images/Training/apple_6/r1_104.jpg,apple_6,train
Images/Training/apple_6/r1_106.jpg,apple_6,train
Images/Training/apple_6/r1_108.jpg,apple_6,train
Images/Training/apple_6/r1_110.jpg,apple_6,train
Images/Training/apple_6/r1_112.jpg,apple_6,train
Images/Training/apple_6/r1_114.jpg,apple_6,train
Images/Training/apple_6/r1_116.jpg,apple_6,train
Images/Training/apple_6/r1_118.jpg,apple_6,train
Images/Training/apple_6/r1_12.jpg,apple_6,train
Images/Training/apple_6/r1_120.jpg,apple_6,train
Images/Training/apple_6/r1_122.jpg,apple_6,train
Images/Training/apple_6/r1_124.jpg,apple_6,train
Images/Training/apple_6/r1_126.jpg,apple_6,train
Images/Training/apple_6/r1_128.jpg,apple_6,train
Images/Training/apple_6/r1_130.jpg,apple_6,train
Images/Training/apple_6/r1_132.jpg,apple_6,train
Images/Training/apple_6/r1_134.jpg,apple_6,train
Images/Training/apple_6/r1_136.jpg,apple_6,train
Images/Training/apple_6/r1_138.jpg,apple_6,train
Images/Training/apple_6/r1_14.jpg,apple_6,train
Images/Training/apple_6/r1_140.jpg,apple_6,train
Images/Training/apple_6/r1_142.jpg,apple_6,train
Images/Training/apple_6/r1_144.jpg,apple_6,train
Images/Training/apple_6/r1_146.jpg,apple_6,train
Images/Training/apple_6/r1_148.jpg,apple_6,train
Images/Training/apple_6/r1_150.jpg,apple_6,train
Images/Training/apple_6/r1_152.jpg,apple_6,train
Images/Training/apple_6/r1_154.jpg,apple_6,train
Images/Training/apple_6/r1_156.jpg,apple_6,train
Images/Training/apple_6/r1_158.jpg,apple_6,train
Images/Training/apple_6/r1_16.jpg,apple_6,train
Images/Training/apple_6/r1_160.jpg,apple_6,train
Images/Training/apple_6/r1_162.jpg,apple_6,train
Images/Training/apple_6/r1_164.jpg,apple_6,train
Images/Training/apple_6/r1_166.jpg,apple_6,train
Images/Training/apple_6/r1_168.jpg,apple_6,train
Images/Training/apple_6/r1_170.jpg,apple_6,train
Images/Training/apple_6/r1_172.jpg,apple_6,train
Images/Training/apple_6/r1_174.jpg,apple_6,train
Images/Training/apple_6/r1_176.jpg,apple_6,train
Images/Training/apple_6/r1_178.jpg,apple_6,train
Images/Training/apple_6/r1_18.jpg,apple_6,train
Images/Training/apple_6/r1_180.jpg,apple_6,train
Images/Training/apple_6/r1_182.jpg,apple_6,train
Images/Training/apple_6/r1_184.jpg,apple_6,train
Images/Training/apple_6/r1_186.jpg,apple_6,train
Images/Training/apple_6/r1_188.jpg,apple_6,train
Images/Training/apple_6/r1_190.jpg,apple_6,train
Images/Training/apple_6/r1_192.jpg,apple_6,train
Images/Training/apple_6/r1_194.jpg,apple_6,train
Images/Training/apple_6/r1_196.jpg,apple_6,train
Images/Training/apple_6/r1_198.jpg,apple_6,train
Images/Training/apple_6/r1_2.jpg,apple_6,train
Images/Training/apple_6/r1_20.jpg,apple_6,train
Images/Training/apple_6/r1_200.jpg,apple_6,train
Images/Training/apple_6/r1_202.jpg,apple_6,train
Images/Training/apple_6/r1_204.jpg,apple_6,train
Images/Training/apple_6/r1_206.jpg,apple_6,train
Images/Training/apple_6/r1_208.jpg,apple_6,train
Images/Training/apple_6/r1_210.jpg,apple_6,train
Images/Training/apple_6/r1_212.jpg,apple_6,train
Images/Training/apple_6/r1_214.jpg,apple_6,train
Images/Training/apple_6/r1_216.jpg,apple_6,train
Images/Training/apple_6/r1_218.jpg,apple_6,val
Images/Training/apple_6/r1_22.jpg,apple_6,train
Images/Training/apple_6/r1_220.jpg,apple_6,val
Images/Training/apple_6/r1_222.jpg,apple_6,val
Images/Training/apple_6/r1_224.jpg,apple_6,val
Images/Training/apple_6/r1_226.jpg,apple_6,val
Images/Training/apple_6/r1_228.jpg,apple_6,val
Images/Training/apple_6/r1_230.jpg,apple_6,val
Images/Training/apple_6/r1_232.jpg,apple_6,val
Images/Training/apple_6/r1_234.jpg,apple_6,val
Images/Training/apple_6/r1_236.jpg,apple_6,val
Images/Training/apple_6/r1_238.jpg,apple_6,val
Images/Training/apple_6/r1_24.jpg,apple_6,train
Images/Training/apple_6/r1_240.jpg,apple_6,val
Images/Training/apple_6/r1_242.jpg,apple_6,val
Images/Training/apple_6/r1_244.jpg,apple_6,val
Images/Training/apple_6/r1_246.jpg,apple_6,val
Images/Training/apple_6/r1_248.jpg,apple_6,val
Images/Training/apple_6/r1_250.jpg,apple_6,val
Images/Training/apple_6/r1_252.jpg,apple_6,val
Images/Training/apple_6/r1_254.jpg,apple_6,val
Images/Training/apple_6/r1_256.jpg,apple_6,val
Images/Training/apple_6/r1_258.jpg,apple_6,val
Images/Training/apple_6/r1_26.jpg,apple_6,train
Images/Training/apple_6/r1_260.jpg,apple_6,val
Images/Training/apple_6/r1_262.jpg,apple_6,val
Images/Training/apple_6/r1_264.jpg,apple_6,val
Images/Training/apple_6/r1_266.jpg,apple_6,test
Images/Training/apple_6/r1_268.jpg,apple_6,test
Images/Training/apple_6/r1_270.jpg,apple_6,test
Images/Training/apple_6/r1_272.jpg,apple_6,test
Images/Training/apple_6/r1_274.jpg,apple_6,test
Images/Training/apple_6/r1_276.jpg,apple_6,test
Images/Training/apple_6/r1_278.jpg,apple_6,test
Images/Training/apple_6/r1_28.jpg,apple_6,train
Images/Training/apple_6/r1_280.jpg,apple_6,test
Images/Training/apple_6/r1_282.jpg,apple_6,test
Images/Training/apple_6/r1_284.jpg,apple_6,test
Images/Training/apple_6/r1_286.jpg,apple_6,test
Images/Training/apple_6/r1_288.jpg,apple_6,test
Images/Training/apple_6/r1_290.jpg,apple_6,test
Images/Training/apple_6/r1_292.jpg,apple_6,test
Images/Training/apple_6/r1_294.jpg,apple_6,test
Images/Training/apple_6/r1_296.jpg,apple_6,test
Images/Training/apple_6/r1_298.jpg,apple_6,test
Images/Training/apple_6/r1_30.jpg,apple_6,train
Images/Training/apple_6/r1_300.jpg,apple_6,test
Images/Training/apple_6/r1_302.jpg,apple_6,test
Images/Training/apple_6/r1_304.jpg,apple_6,test
Images/Training/apple_6/r1_306.jpg,apple_6,test
Images/Training/apple_6/r1_308.jpg,apple_6,test
Images/Training/apple_6/r1_310.jpg,apple_6,test
Images/Training/apple_6/r1_32.jpg,apple_6,train
Images/Training/apple_6/r1_34.jpg,apple_6,train
Images/Training/apple_6/r1_36.jpg,apple_6,train
Images/Training/apple_6/r1_38.jpg,apple_6,train
Images/Training/apple_6/r1_4.jpg,apple_6,train
Images/Training/apple_6/r1_40.jpg,apple_6,train
Images/Training/apple_6/r1_42.jpg,apple_6,train
Images/Training/apple_6/r1_44.jpg,apple_6,train
Images/Training/apple_6/r1_46.jpg,apple_6,train
Images/Training/apple_6/r1_48.jpg,apple_6,train
Images/Training/apple_6/r1_50.jpg,apple_6,train
Images/Training/apple_6/r1_52.jpg,apple_6,train
Images/Training/apple_6/r1_54.jpg,apple_6,train
Images/Training/apple_6/r1_56.jpg,apple_6,train
Images/Training/apple_6/r1_58.jpg,apple_6,train
Images/Training/apple_6/r1_6.jpg,apple_6,train
Images/Training/apple_6/r1_60.jpg,apple_6,train
Images/Training/apple_6/r1_62.jpg,apple_6,train
Images/Training/apple_6/r1_64.jpg,apple_6,train
Images/Training/apple_6/r1_66.jpg,apple_6,train
Images/Training/apple_6/r1_68.jpg,apple_6,train
Images/Training/apple_6/r1_70.jpg,apple_6,train
Images/Training/apple_6/r1_72.jpg,apple_6,train
Images/Training/apple_6/r1_74.jpg,apple_6,train
Images/Training/apple_6/r1_76.jpg,apple_6,train
Images/Training/apple_6/r1_78.jpg,apple_6,train
Images/Training/apple_6/r1_8.jpg,apple_6,train
Images/Training/apple_6/r1_80.jpg,apple_6,train
Images/Training/apple_6/r1_82.jpg,apple_6,train
Images/Training/apple_6/r1_84.jpg,apple_6,train
Images/Training/apple_6/r1_86.jpg,apple_6,train
Images/Training/apple_6/r1_88.jpg,apple_6,train
Images/Training/apple_6/r1_90.jpg,apple_6,train
Images/Training/apple_6/r1_92.jpg,apple_6,train
Images/Training/apple_6/r1_94.jpg,apple_6,train
Images/Training/apple_6/r1_96.jpg,apple_6,train
Images/Training/apple_6/r1_98.jpg,apple_6,train
Images/Training/apple_braeburn_1/r0_0.jpg,apple_braeburn_1,train
Images/Training/apple_braeburn_1/r0_10.jpg,apple_braeburn_1,train
Images/Training/apple_braeburn_1/r0_100.jpg,apple_braeburn_1,train
Images/Training/apple_braeburn_1/r0_102.jpg,apple_braeburn_1,train
Images/Training/apple_braeburn_1/r0_104.jpg,apple_braeburn_1,train
Images/Training/apple_braeburn_1/r0_106.jpg,apple_braeburn_1,train
Images/Training/apple_braeburn_1/r0_108.jpg,apple_braeburn_1,train
Images/Training/apple_braeburn_1/r0_110.jpg,apple_braeburn_1,train
Images/Training/apple_braeburn_1/r0_112.jpg,apple_braeburn_1,train
Images/Training/apple_braeburn_1/r0_114.jpg,apple_braeburn_1,train
Images/Training/apple_braeburn_1/r0_116.jpg,apple_braeburn_1,train
Images/Training/apple_braeburn_1/r0_118.jpg,apple_braeburn_1,train
Images/Training/apple_braeburn_1/r0_12.jpg,apple_braeburn_1,train
Images/Training/apple_braeburn_1/r0_120.jpg,apple_braeburn_1,train
Images/Training/apple_braeburn_1/r0_122.jpg,apple_braeburn_1,train
Images/Training/apple_braeburn_1/r0_124.jpg,apple_braeburn_1,train
Images/Training/apple_braeburn_1/r0_126.jpg,apple_braeburn_1,train
Images/Training/apple_braeburn_1/r0_128.jpg,apple_braeburn_1,train
Images/Training/apple_braeburn_1/r0_130.jpg,apple_braeburn_1,train
Images/Training/apple_braeburn_1/r0_132.jpg,apple_braeburn_1,train
Images/Training/apple_braeburn_1/r0_134.jpg,apple_braeburn_1,train
Images/Training/apple_braeburn_1/r0_136.jpg,apple_braeburn_1,train
Images/Training/apple_braeburn_1/r0_138.jpg,apple_braeburn_1,train
Images/Training/apple_braeburn_1/r0_14.jpg,apple_braeburn_1,train
Images/Training/apple_braeburn_1/r0_140.jpg,apple_braeburn_1,train
Images/Training/apple_braeburn_1/r0_142.jpg,apple_braeburn_1,train
Images/Training/apple_braeburn_1/r0_144.jpg,apple_braeburn_1,train
Images/Training/apple_braeburn_1/r0_146.jpg,apple_braeburn_1,train
Images/Training/apple_braeburn_1/r0_148.jpg,apple_braeburn_1,train
Images/Training/apple_braeburn_1/r0_150.jpg,apple_braeburn_1,train
Images/Training/apple_braeburn_1/r0_152.jpg,apple_braeburn_1,train
Images/Training/apple_braeburn_1/r0_154.jpg,apple_braeburn_1,train
Images/Training/apple_braeburn_1/r0_156.jpg,apple_braeburn_1,train
Images/Training/apple_braeburn_1/r0_158.jpg,apple_braeburn_1,train
Images/Training/apple_braeburn_1/r0_16.jpg,apple_braeburn_1,train
Images/Training/apple_braeburn_1/r0_160.jpg,apple_braeburn_1,train
Images/Training/apple_braeburn_1/r0_162.jpg,apple_braeburn_1,train
Images/Training/apple_braeburn_1/r0_164.jpg,apple_braeburn_1,train
Images/Training/apple_braeburn_1/r0_166.jpg,apple_braeburn_1,train
Images/Training/apple_braeburn_1/r0_168.jpg,apple_braeburn_1,train
Images/Training/apple_braeburn_1/r0_170.jpg,apple_braeburn_1,train
Images/Training/apple_braeburn_1/r0_172.jpg,apple_braeburn_1,train
Images/Training/apple_braeburn_1/r0_174.jpg,apple_braeburn_1,train
Images/Training/apple_braeburn_1/r0_176.jpg,apple_braeburn_1,train
Images/Training/apple_braeburn_1/r0_178.jpg,apple_braeburn_1,train
Images/Training/apple_braeburn_1/r0_18.jpg,apple_braeburn_1,train
Images/Training/apple_braeburn_1/r0_180.jpg,apple_braeburn_1,train
Images/Training/apple_braeburn_1/r0_182.jpg,apple_braeburn_1,train
Images/Training/apple_braeburn_1/r0_184.jpg,apple_braeburn_1,train
Images/Training/apple_braeburn_1/r0_186.jpg,apple_braeburn_1,train
Images/Training/apple_braeburn_1/r0_188.jpg,apple_braeburn_1,train
Images/Training/apple_braeburn_1/r0_190.jpg,apple_braeburn_1,train
Images/Training/apple_braeburn_1/r0_192.jpg,apple_braeburn_1,train
Images/Training/apple_braeburn_1/r0_194.jpg,apple_braeburn_1,train
Images/Training/apple_braeburn_1/r0_196.jpg,apple_braeburn_1,train
Images/Training/apple_braeburn_1/r0_198.jpg,apple_braeburn_1,train
Images/Training/apple_braeburn_1/r0_2.jpg,apple_braeburn_1,train
Images/Training/apple_braeburn_1/r0_20.jpg,apple_braeburn_1,train
Images/Training/apple_braeburn_1/r0_200.jpg,apple_braeburn_1,train
Images/Training/apple_braeburn_1/r0_202.jpg,apple_braeburn_1,train
Images/Training/apple_braeburn_1/r0_204.jpg,apple_braeburn_1,train
Images/Training/apple_braeburn_1/r0_206.jpg,apple_braeburn_1,train
Images/Training/apple_braeburn_1/r0_208.jpg,apple_braeburn_1,train
Images/Training/apple_braeburn_1/r0_210.jpg,apple_braeburn_1,train
Images/Training/apple_braeburn_1/r0_212.jpg,apple_braeburn_1,train
Images/Training/apple_braeburn_1/r0_214.jpg,apple_braeburn_1,train
Images/Training/apple_braeburn_1/r0_216.jpg,apple_braeburn_1,train
Images/Training/apple_braeburn_1/r0_218.jpg,apple_braeburn_1,train
Images/Training/apple_braeburn_1/r0_22.jpg,apple_braeburn_1,train
Images/Training/apple_braeburn_1/r0_220.jpg,apple_braeburn_1,train
Images/Training/apple_braeburn_1/r0_222.jpg,apple_braeburn_1,train
Images/Training/apple_braeburn_1/r0_224.jpg,apple_braeburn_1,val
Images/Training/apple_braeburn_1/r0_226.jpg,apple_braeburn_1,val
Images/Training/apple_braeburn_1/r0_228.jpg,apple_braeburn_1,val
Images/Training/apple_braeburn_1/r0_230.jpg,apple_braeburn_1,val
Images/Training/apple_braeburn_1/r0_232.jpg,apple_braeburn_1,val
Images/Training/apple_braeburn_1/r0_234.jpg,apple_braeburn_1,val
Images/Training/apple_braeburn_1/r0_236.jpg,apple_braeburn_1,val
Images/Training/apple_braeburn_1/r0_238.jpg,apple_braeburn_1,val
Images/Training/apple_braeburn_1/r0_24.jpg,apple_braeburn_1,train
Images/Training/apple_braeburn_1/r0_240.jpg,apple_braeburn_1,val
Images/Training/apple_braeburn_1/r0_242.jpg,apple_braeburn_1,val
Images/Training/apple_braeburn_1/r0_244.jpg,apple_braeburn_1,val
Images/Training/apple_braeburn_1/r0_246.jpg,apple_braeburn_1,val
Images/Training/apple_braeburn_1/r0_248.jpg,apple_braeburn_1,val
Images/Training/apple_braeburn_1/r0_250.jpg,apple_braeburn_1,val
Images/Training/apple_braeburn_1/r0_252.jpg,apple_braeburn_1,val
Images/Training/apple_braeburn_1/r0_254.jpg,apple_braeburn_1,val
Images/Training/apple_braeburn_1/r0_256.jpg,apple_braeburn_1,val
Images/Training/apple_braeburn_1/r0_258.jpg,apple_braeburn_1,val
Images/Training/apple_braeburn_1/r0_26.jpg,apple_braeburn_1,train
Images/Training/apple_braeburn_1/r0_260.jpg,apple_braeburn_1,val
Images/Training/apple_braeburn_1/r0_262.jpg,apple_braeburn_1,val
Images/Training/apple_braeburn_1/r0_264.jpg,apple_braeburn_1,val
Images/Training/apple_braeburn_1/r0_266.jpg,apple_braeburn_1,val
Images/Training/apple_braeburn_1/r0_268.jpg,apple_braeburn_1,val
Images/Training/apple_braeburn_1/r0_270.jpg,apple_braeburn_1,val
Images/Training/apple_braeburn_1/r0_272.jpg,apple_braeburn_1,test
Images/Training/apple_braeburn_1/r0_274.jpg,apple_braeburn_1,test
Images/Training/apple_braeburn_1/r0_276.jpg,apple_braeburn_1,test
Images/Training/apple_braeburn_1/r0_278.jpg,apple_braeburn_1,test
Images/Training/apple_braeburn_1/r0_28.jpg,apple_braeburn_1,train
Images/Training/apple_braeburn_1/r0_280.jpg,apple_braeburn_1,test
Images/Training/apple_braeburn_1/r0_282.jpg,apple_braeburn_1,test
Images/Training/apple_braeburn_1/r0_284.jpg,apple_braeburn_1,test
Images/Training/apple_braeburn_1/r0_286.jpg,apple_braeburn_1,test
Images/Training/apple_braeburn_1/r0_288.jpg,apple_braeburn_1,test
Images/Training/apple_braeburn_1/r0_290.jpg,apple_braeburn_1,test
Images/Training/apple_braeburn_1/r0_292.jpg,apple_braeburn_1,test
Images/Training/apple_braeburn_1/r0_294.jpg,apple_braeburn_1,test
Images/Training/apple_braeburn_1/r0_296.jpg,apple_braeburn_1,test
Images/Training/apple_braeburn_1/r0_298.jpg,apple_braeburn_1,test
Images/Training/apple_braeburn_1/r0_30.jpg,apple_braeburn_1,train
Images/Training/apple_braeburn_1/r0_300.jpg,apple_braeburn_1,test
Images/Training/apple_braeburn_1/r0_302.jpg,apple_braeburn_1,test
Images/Training/apple_braeburn_1/r0_304.jpg,apple_braeburn_1,test
Images/Training/apple_braeburn_1/r0_306.jpg,apple_braeburn_1,test
Images/Training/apple_braeburn_1/r0_308.jpg,apple_braeburn_1,test
Images/Training/apple_braeburn_1/r0_310.jpg,apple_braeburn_1,test
Images/Training/apple_braeburn_1/r0_312.jpg,apple_braeburn_1,test
Images/Training/apple_braeburn_1/r0_314.jpg,apple_braeburn_1,test
Images/Training/apple_braeburn_1/r0_316.jpg,apple_braeburn_1,test
Images/Training/apple_braeburn_1/r0_318.jpg,apple_braeburn_1,test
Images/Training/apple_braeburn_1/r0_32.jpg,apple_braeburn_1,train
Images/Training/apple_braeburn_1/r0_34.jpg,apple_braeburn_1,train
Images/Training/apple_braeburn_1/r0_36.jpg,apple_braeburn_1,train
Images/Training/apple_braeburn_1/r0_38.jpg,apple_braeburn_1,train
Images/Training/apple_braeburn_1/r0_4.jpg,apple_braeburn_1,train
Images/Training/apple_braeburn_1/r0_40.jpg,apple_braeburn_1,train
Images/Training/apple_braeburn_1/r0_42.jpg,apple_braeburn_1,train
Images/Training/apple_braeburn_1/r0_44.jpg,apple_braeburn_1,train
Images/Training/apple_braeburn_1/r0_46.jpg,apple_braeburn_1,train
Images/Training/apple_braeburn_1/r0_48.jpg,apple_braeburn_1,train
Images/Training/apple_braeburn_1/r0_50.jpg,apple_braeburn_1,train
Images/Training/apple_braeburn_1/r0_52.jpg,apple_braeburn_1,train
Images/Training/apple_braeburn_1/r0_54.jpg,apple_braeburn_1,train
Images/Training/apple_braeburn_1/r0_56.jpg,apple_braeburn_1,train
Images/Training/apple_braeburn_1/r0_58.jpg,apple_braeburn_1,train
Images/Training/apple_braeburn_1/r0_6.jpg,apple_braeburn_1,train
Images/Training/apple_braeburn_1/r0_60.jpg,apple_braeburn_1,train
Images/Training/apple_braeburn_1/r0_62.jpg,apple_braeburn_1,train
Images/Training/apple_braeburn_1/r0_64.jpg,apple_braeburn_1,train
Images/Training/apple_braeburn_1/r0_66.jpg,apple_braeburn_1,train
Images/Training/apple_braeburn_1/r0_68.jpg,apple_braeburn_1,train
Images/Training/apple_braeburn_1/r0_70.jpg,apple_braeburn_1,train
Images/Training/apple_braeburn_1/r0_72.jpg,apple_braeburn_1,train
Images/Training/apple_braeburn_1/r0_74.jpg,apple_braeburn_1,train
Images/Training/apple_braeburn_1/r0_76.jpg,apple_braeburn_1,train
Images/Training/apple_braeburn_1/r0_78.jpg,apple_braeburn_1,train
Images/Training/apple_braeburn_1/r0_8.jpg,apple_braeburn_1,train
Images/Training/apple_braeburn_1/r0_80.jpg,apple_braeburn_1,train
Images/Training/apple_braeburn_1/r0_82.jpg,apple_braeburn_1,train
Images/Training/apple_braeburn_1/r0_84.jpg,apple_braeburn_1,train
Images/Training/apple_braeburn_1/r0_86.jpg,apple_braeburn_1,train
Images/Training/apple_braeburn_1/r0_88.jpg,apple_braeburn_1,train
Images/Training/apple_braeburn_1/r0_90.jpg,apple_braeburn_1,train
Images/Training/apple_braeburn_1/r0_92.jpg,apple_braeburn_1,train
Images/Training/apple_braeburn_1/r0_94.jpg,apple_braeburn_1,train
Images/Training/apple_braeburn_1/r0_96.jpg,apple_braeburn_1,train
Images/Training/apple_braeburn_1/r0_98.jpg,apple_braeburn_1,train
Images/Training/apple_braeburn_1/r1_0.jpg,apple_braeburn_1,train
Images/Training/apple_braeburn_1/r1_10.jpg,apple_braeburn_1,train
Images/Training/apple_braeburn_1/r1_100.jpg,apple_braeburn_1,train
Images/Training/apple_braeburn_1/r1_102.jpg,apple_braeburn_1,train
Images/Training/apple_braeburn_1/r1_104.jpg,apple_braeburn_1,train
Images/Training/apple_braeburn_1/r1_106.jpg,apple_braeburn_1,train
Images/Training/apple_braeburn_1/r1_108.jpg,apple_braeburn_1,train
Images/Training/apple_braeburn_1/r1_110.jpg,apple_braeburn_1,train
Images/Training/apple_braeburn_1/r1_112.jpg,apple_braeburn_1,train
Images/Training/apple_braeburn_1/r1_114.jpg,apple_braeburn_1,train
Images/Training/apple_braeburn_1/r1_116.jpg,apple_braeburn_1,train
Images/Training/apple_braeburn_1/r1_118.jpg,apple_braeburn_1,train
Images/Training/apple_braeburn_1/r1_12.jpg,apple_braeburn_1,train
Images/Training/apple_braeburn_1/r1_120.jpg,apple_braeburn_1,train
Images/Training/apple_braeburn_1/r1_122.jpg,apple_braeburn_1,train
Images/Training/apple_braeburn_1/r1_124.jpg,apple_braeburn_1,train
Images/Training/apple_braeburn_1/r1_126.jpg,apple_braeburn_1,train
Images/Training/apple_braeburn_1/r1_128.jpg,apple_braeburn_1,train
Images/Training/apple_braeburn_1/r1_130.jpg,apple_braeburn_1,train
Images/Training/apple_braeburn_1/r1_132.jpg,apple_braeburn_1,train
Images/Training/apple_braeburn_1/r1_134.jpg,apple_braeburn_1,train
Images/Training/apple_braeburn_1/r1_136.jpg,apple_braeburn_1,train
Images/Training/apple_braeburn_1/r1_138.jpg,apple_braeburn_1,train
Images/Training/apple_braeburn_1/r1_14.jpg,apple_braeburn_1,train
Images/Training/apple_braeburn_1/r1_140.jpg,apple_braeburn_1,train
Images/Training/apple_braeburn_1/r1_142.jpg,apple_braeburn_1,train
Images/Training/apple_braeburn_1/r1_144.jpg,apple_braeburn_1,train
Images/Training/apple_braeburn_1/r1_146.jpg,apple_braeburn_1,train
Images/Training/apple_braeburn_1/r1_148.jpg,apple_braeburn_1,train
Images/Training/apple_braeburn_1/r1_150.jpg,apple_braeburn_1,train
Images/Training/apple_braeburn_1/r1_152.jpg,apple_braeburn_1,train
Images/Training/apple_braeburn_1/r1_154.jpg,apple_braeburn_1,train
Images/Training/apple_braeburn_1/r1_156.jpg,apple_braeburn_1,train
Images/Training/apple_braeburn_1/r1_158.jpg,apple_braeburn_1,train
Images/Training/apple_braeburn_1/r1_16.jpg,apple_braeburn_1,train
Images/Training/apple_braeburn_1/r1_160.jpg,apple_braeburn_1,train
Images/Training/apple_braeburn_1/r1_162.jpg,apple_braeburn_1,train
Images/Training/apple_braeburn_1/r1_164.jpg,apple_braeburn_1,train
Images/Training/apple_braeburn_1/r1_166.jpg,apple_braeburn_1,train
Images/Training/apple_braeburn_1/r1_168.jpg,apple_braeburn_1,train
Images/Training/apple_braeburn_1/r1_170.jpg,apple_braeburn_1,train
Images/Training/apple_braeburn_1/r1_172.jpg,apple_braeburn_1,train
Images/Training/apple_braeburn_1/r1_174.jpg,apple_braeburn_1,train
Images/Training/apple_braeburn_1/r1_176.jpg,apple_braeburn_1,train
Images/Training/apple_braeburn_1/r1_178.jpg,apple_braeburn_1,train
Images/Training/apple_braeburn_1/r1_18.jpg,apple_braeburn_1,train
Images/Training/apple_braeburn_1/r1_180.jpg,apple_braeburn_1,train
Images/Training/apple_braeburn_1/r1_182.jpg,apple_braeburn_1,train
Images/Training/apple_braeburn_1/r1_184.jpg,apple_braeburn_1,train
Images/Training/apple_braeburn_1/r1_186.jpg,apple_braeburn_1,train
Images/Training/apple_braeburn_1/r1_188.jpg,apple_braeburn_1,train
Images/Training/apple_braeburn_1/r1_190.jpg,apple_braeburn_1,train
Images/Training/apple_braeburn_1/r1_192.jpg,apple_braeburn_1,train
Images/Training/apple_braeburn_1/r1_194.jpg,apple_braeburn_1,train
Images/Training/apple_braeburn_1/r1_196.jpg,apple_braeburn_1,train
Images/Training/apple_braeburn_1/r1_198.jpg,apple_braeburn_1,train
Images/Training/apple_braeburn_1/r1_2.jpg,apple_braeburn_1,train
Images/Training/apple_braeburn_1/r1_20.jpg,apple_braeburn_1,train
Images/Training/apple_braeburn_1/r1_200.jpg,apple_braeburn_1,train
Images/Training/apple_braeburn_1/r1_202.jpg,apple_braeburn_1,train
Images/Training/apple_braeburn_1/r1_204.jpg,apple_braeburn_1,train
Images/Training/apple_braeburn_1/r1_206.jpg,apple_braeburn_1,train
Images/Training/apple_braeburn_1/r1_208.jpg,apple_braeburn_1,train
Images/Training/apple_braeburn_1/r1_210.jpg,apple_braeburn_1,train
Images/Training/apple_braeburn_1/r1_212.jpg,apple_braeburn_1,train
Images/Training/apple_braeburn_1/r1_214.jpg,apple_braeburn_1,train
Images/Training/apple_braeburn_1/r1_216.jpg,apple_braeburn_1,train
Images/Training/apple_braeburn_1/r1_218.jpg,apple_braeburn_1,train
Images/Training/apple_braeburn_1/r1_22.jpg,apple_braeburn_1,train
Images/Training/apple_braeburn_1/r1_220.jpg,apple_braeburn_1,train
Images/Training/apple_braeburn_1/r1_222.jpg,apple_braeburn_1,train
Images/Training/apple_braeburn_1/r1_224.jpg,apple_braeburn_1,val
Images/Training/apple_braeburn_1/r1_226.jpg,apple_braeburn_1,val
Images/Training/apple_braeburn_1/r1_228.jpg,apple_braeburn_1,val
Images/Training/apple_braeburn_1/r1_230.jpg,apple_braeburn_1,val
Images/Training/apple_braeburn_1/r1_232.jpg,apple_braeburn_1,val
Images/Training/apple_braeburn_1/r1_234.jpg,apple_braeburn_1,val
Images/Training/apple_braeburn_1/r1_236.jpg,apple_braeburn_1,val
Images/Training/apple_braeburn_1/r1_238.jpg,apple_braeburn_1,val
Images/Training/apple_braeburn_1/r1_24.jpg,apple_braeburn_1,train
Images/Training/apple_braeburn_1/r1_240.jpg,apple_braeburn_1,val
Images/Training/apple_braeburn_1/r1_242.jpg,apple_braeburn_1,val
Images/Training/apple_braeburn_1/r1_244.jpg,apple_braeburn_1,val
Images/Training/apple_braeburn_1/r1_246.jpg,apple_braeburn_1,val
Images/Training/apple_braeburn_1/r1_248.jpg,apple_braeburn_1,val
Images/Training/apple_braeburn_1/r1_250.jpg,apple_braeburn_1,val
Images/Training/apple_braeburn_1/r1_252.jpg,apple_braeburn_1,val
Images/Training/apple_braeburn_1/r1_254.jpg,apple_braeburn_1,val
Images/Training/apple_braeburn_1/r1_256.jpg,apple_braeburn_1,val
Images/Training/apple_braeburn_1/r1_258.jpg,apple_braeburn_1,val
Images/Training/apple_braeburn_1/r1_26.jpg,apple_braeburn_1,train
Images/Training/apple_braeburn_1/r1_260.jpg,apple_braeburn_1,val
Images/Training/apple_braeburn_1/r1_262.jpg,apple_braeburn_1,val
Images/Training/apple_braeburn_1/r1_264.jpg,apple_braeburn_1,val
Images/Training/apple_braeburn_1/r1_266.jpg,apple_braeburn_1,val
Images/Training/apple_braeburn_1/r1_268.jpg,apple_braeburn_1,val
Images/Training/apple_braeburn_1/r1_270.jpg,apple_braeburn_1,val
Images/Training/apple_braeburn_1/r1_272.jpg,apple_braeburn_1,test
Images/Training/apple_braeburn_1/r1_274.jpg,apple_braeburn_1,test
Images/Training/apple_braeburn_1/r1_276.jpg,apple_braeburn_1,test
Images/Training/apple_braeburn_1/r1_278.jpg,apple_braeburn_1,test
Images/Training/apple_braeburn_1/r1_28.jpg,apple_braeburn_1,train
Images/Training/apple_braeburn_1/r1_280.jpg,apple_braeburn_1,test
Images/Training/apple_braeburn_1/r1_282.jpg,apple_braeburn_1,test
Images/Training/apple_braeburn_1/r1_284.jpg,apple_braeburn_1,test
Images/Training/apple_braeburn_1/r1_286.jpg,apple_braeburn_1,test
Images/Training/apple_braeburn_1/r1_288.jpg,apple_braeburn_1,test
Images/Training/apple_braeburn_1/r1_290.jpg,apple_braeburn_1,test
Images/Training/apple_braeburn_1/r1_292.jpg,apple_braeburn_1,test
Images/Training/apple_braeburn_1/r1_294.jpg,apple_braeburn_1,test
Images/Training/apple_braeburn_1/r1_296.jpg,apple_braeburn_1,test
Images/Training/apple_braeburn_1/r1_298.jpg,apple_braeburn_1,test
Images/Training/apple_braeburn_1/r1_30.jpg,apple_braeburn_1,train
Images/Training/apple_braeburn_1/r1_300.jpg,apple_braeburn_1,test
Images/Training/apple_braeburn_1/r1_302.jpg,apple_braeburn_1,test
Images/Training/apple_braeburn_1/r1_304.jpg,apple_braeburn_1,test
Images/Training/apple_braeburn_1/r1_306.jpg,apple_braeburn_1,test
Images/Training/apple_braeburn_1/r1_308.jpg,apple_braeburn_1,test
Images/Training/apple_braeburn_1/r1_310.jpg,apple_braeburn_1,test
Images/Training/apple_braeburn_1/r1_312.jpg,apple_braeburn_1,test
Images/Training/apple_braeburn_1/r1_314.jpg,apple_braeburn_1,test
Images/Training/apple_braeburn_1/r1_316.jpg,apple_braeburn_1,test
Images/Training/apple_braeburn_1/r1_318.jpg,apple_braeburn_1,test
Images/Training/apple_braeburn_1/r1_32.jpg,apple_braeburn_1,train
Images/Training/apple_braeburn_1/r1_34.jpg,apple_braeburn_1,train
Images/Training/apple_braeburn_1/r1_36.jpg,apple_braeburn_1,train
Images/Training/apple_braeburn_1/r1_38.jpg,apple_braeburn_1,train
Images/Training/apple_braeburn_1/r1_4.jpg,apple_braeburn_1,train
Images/Training/apple_braeburn_1/r1_40.jpg,apple_braeburn_1,train
Images/Training/apple_braeburn_1/r1_42.jpg,apple_braeburn_1,train
Images/Training/apple_braeburn_1/r1_44.jpg,apple_braeburn_1,train
Images/Training/apple_braeburn_1/r1_46.jpg,apple_braeburn_1,train
Images/Training/apple_braeburn_1/r1_48.jpg,apple_braeburn_1,train
Images/Training/apple_braeburn_1/r1_50.jpg,apple_braeburn_1,train
Images/Training/apple_braeburn_1/r1_52.jpg,apple_braeburn_1,train
Images/Training/apple_braeburn_1/r1_54.jpg,apple_braeburn_1,train
Images/Training/apple_braeburn_1/r1_56.jpg,apple_braeburn_1,train
Images/Training/apple_braeburn_1/r1_58.jpg,apple_braeburn_1,train
Images/Training/apple_braeburn_1/r1_6.jpg,apple_braeburn_1,train
Images/Training/apple_braeburn_1/r1_60.jpg,apple_braeburn_1,train
Images/Training/apple_braeburn_1/r1_62.jpg,apple_braeburn_1,train
Images/Training/apple_braeburn_1/r1_64.jpg,apple_braeburn_1,train
Images/Training/apple_braeburn_1/r1_66.jpg,apple_braeburn_1,train
Images/Training/apple_braeburn_1/r1_68.jpg,apple_braeburn_1,train
Images/Training/apple_braeburn_1/r1_70.jpg,apple_braeburn_1,train
Images/Training/apple_braeburn_1/r1_72.jpg,apple_braeburn_1,train
Images/Training/apple_braeburn_1/r1_74.jpg,apple_braeburn_1,train
Images/Training/apple_braeburn_1/r1_76.jpg,apple_braeburn_1,train
Images/Training/apple_braeburn_1/r1_78.jpg,apple_braeburn_1,train
Images/Training/apple_braeburn_1/r1_8.jpg,apple_braeburn_1,train
Images/Training/apple_braeburn_1/r1_80.jpg,apple_braeburn_1,train
Images/Training/apple_braeburn_1/r1_82.jpg,apple_braeburn_1,train
Images/Training/apple_braeburn_1/r1_84.jpg,apple_braeburn_1,train
Images/Training/apple_braeburn_1/r1_86.jpg,apple_braeburn_1,train
Images/Training/apple_braeburn_1/r1_88.jpg,apple_braeburn_1,train
Images/Training/apple_braeburn_1/r1_90.jpg,apple_braeburn_1,train
Images/Training/apple_braeburn_1/r1_92.jpg,apple_braeburn_1,train
Images/Training/apple_braeburn_1/r1_94.jpg,apple_braeburn_1,train
Images/Training/apple_braeburn_1/r1_96.jpg,apple_braeburn_1,train
Images/Training/apple_braeburn_1/r1_98.jpg,apple_braeburn_1,train
Images/Training/apple_crimson_snow_1/r0_0.jpg,apple_crimson_snow_1,train
Images/Training/apple_crimson_snow_1/r0_10.jpg,apple_crimson_snow_1,train
Images/Training/apple_crimson_snow_1/r0_100.jpg,apple_crimson_snow_1,train
Images/Training/apple_crimson_snow_1/r0_102.jpg,apple_crimson_snow_1,train
Images/Training/apple_crimson_snow_1/r0_104.jpg,apple_crimson_snow_1,train
Images/Training/apple_crimson_snow_1/r0_106.jpg,apple_crimson_snow_1,train
Images/Training/apple_crimson_snow_1/r0_108.jpg,apple_crimson_snow_1,train
Images/Training/apple_crimson_snow_1/r0_110.jpg,apple_crimson_snow_1,train
Images/Training/apple_crimson_snow_1/r0_112.jpg,apple_crimson_snow_1,train
Images/Training/apple_crimson_snow_1/r0_114.jpg,apple_crimson_snow_1,train
Images/Training/apple_crimson_snow_1/r0_116.jpg,apple_crimson_snow_1,train
Images/Training/apple_crimson_snow_1/r0_118.jpg,apple_crimson_snow_1,train
Images/Training/apple_crimson_snow_1/r0_12.jpg,apple_crimson_snow_1,train
Images/Training/apple_crimson_snow_1/r0_120.jpg,apple_crimson_snow_1,train
Images/Training/apple_crimson_snow_1/r0_122.jpg,apple_crimson_snow_1,train
Images/Training/apple_crimson_snow_1/r0_124.jpg,apple_crimson_snow_1,train
Images/Training/apple_crimson_snow_1/r0_126.jpg,apple_crimson_snow_1,train
Images/Training/apple_crimson_snow_1/r0_128.jpg,apple_crimson_snow_1,train
Images/Training/apple_crimson_snow_1/r0_130.jpg,apple_crimson_snow_1,train
Images/Training/apple_crimson_snow_1/r0_132.jpg,apple_crimson_snow_1,train
Images/Training/apple_crimson_snow_1/r0_134.jpg,apple_crimson_snow_1,train
Images/Training/apple_crimson_snow_1/r0_136.jpg,apple_crimson_snow_1,train
Images/Training/apple_crimson_snow_1/r0_138.jpg,apple_crimson_snow_1,train
Images/Training/apple_crimson_snow_1/r0_14.jpg,apple_crimson_snow_1,train
Images/Training/apple_crimson_snow_1/r0_140.jpg,apple_crimson_snow_1,train
Images/Training/apple_crimson_snow_1/r0_142.jpg,apple_crimson_snow_1,train
Images/Training/apple_crimson_snow_1/r0_144.jpg,apple_crimson_snow_1,train
Images/Training/apple_crimson_snow_1/r0_146.jpg,apple_crimson_snow_1,train
Images/Training/apple_crimson_snow_1/r0_148.jpg,apple_crimson_snow_1,train
Images/Training/apple_crimson_snow_1/r0_150.jpg,apple_crimson_snow_1,train
Images/Training/apple_crimson_snow_1/r0_152.jpg,apple_crimson_snow_1,train
Images/Training/apple_crimson_snow_1/r0_154.jpg,apple_crimson_snow_1,train
Images/Training/apple_crimson_snow_1/r0_156.jpg,apple_crimson_snow_1,train
Images/Training/apple_crimson_snow_1/r0_158.jpg,apple_crimson_snow_1,train
Images/Training/apple_crimson_snow_1/r0_16.jpg,apple_crimson_snow_1,train
Images/Training/apple_crimson_snow_1/r0_160.jpg,apple_crimson_snow_1,train
Images/Training/apple_crimson_snow_1/r0_162.jpg,apple_crimson_snow_1,train
Images/Training/apple_crimson_snow_1/r0_164.jpg,apple_crimson_snow_1,train
Images/Training/apple_crimson_snow_1/r0_166.jpg,apple_crimson_snow_1,train
Images/Training/apple_crimson_snow_1/r0_168.jpg,apple_crimson_snow_1,train
Images/Training/apple_crimson_snow_1/r0_170.jpg,apple_crimson_snow_1,train
Images/Training/apple_crimson_snow_1/r0_172.jpg,apple_crimson_snow_1,train
Images/Training/apple_crimson_snow_1/r0_174.jpg,apple_crimson_snow_1,train
Images/Training/apple_crimson_snow_1/r0_176.jpg,apple_crimson_snow_1,train
Images/Training/apple_crimson_snow_1/r0_178.jpg,apple_crimson_snow_1,train
Images/Training/apple_crimson_snow_1/r0_18.jpg,apple_crimson_snow_1,train
Images/Training/apple_crimson_snow_1/r0_180.jpg,apple_crimson_snow_1,train
Images/Training/apple_crimson_snow_1/r0_182.jpg,apple_crimson_snow_1,train
Images/Training/apple_crimson_snow_1/r0_184.jpg,apple_crimson_snow_1,train
Images/Training/apple_crimson_snow_1/r0_186.jpg,apple_crimson_snow_1,train
Images/Training/apple_crimson_snow_1/r0_188.jpg,apple_crimson_snow_1,train
Images/Training/apple_crimson_snow_1/r0_190.jpg,apple_crimson_snow_1,train
Images/Training/apple_crimson_snow_1/r0_192.jpg,apple_crimson_snow_1,train
Images/Training/apple_crimson_snow_1/r0_194.jpg,apple_crimson_snow_1,train
Images/Training/apple_crimson_snow_1/r0_196.jpg,apple_crimson_snow_1,train
Images/Training/apple_crimson_snow_1/r0_198.jpg,apple_crimson_snow_1,train
Images/Training/apple_crimson_snow_1/r0_2.jpg,apple_crimson_snow_1,train
Images/Training/apple_crimson_snow_1/r0_20.jpg,apple_crimson_snow_1,train
Images/Training/apple_crimson_snow_1/r0_200.jpg,apple_crimson_snow_1,train
Images/Training/apple_crimson_snow_1/r0_202.jpg,apple_crimson_snow_1,train
Images/Training/apple_crimson_snow_1/r0_204.jpg,apple_crimson_snow_1,train
Images/Training/apple_crimson_snow_1/r0_206.jpg,apple_crimson_snow_1,train
Images/Training/apple_crimson_snow_1/r0_208.jpg,apple_crimson_snow_1,train
Images/Training/apple_crimson_snow_1/r0_210.jpg,apple_crimson_snow_1,train
Images/Training/apple_crimson_snow_1/r0_212.jpg,apple_crimson_snow_1,train
Images/Training/apple_crimson_snow_1/r0_214.jpg,apple_crimson_snow_1,train
Images/Training/apple_crimson_snow_1/r0_216.jpg,apple_crimson_snow_1,train
Images/Training/apple_crimson_snow_1/r0_218.jpg,apple_crimson_snow_1,train
Images/Training/apple_crimson_snow_1/r0_22.jpg,apple_crimson_snow_1,train
Images/Training/apple_crimson_snow_1/r0_220.jpg,apple_crimson_snow_1,train
Images/Training/apple_crimson_snow_1/r0_222.jpg,apple_crimson_snow_1,val
Images/Training/apple_crimson_snow_1/r0_224.jpg,apple_crimson_snow_1,val
Images/Training/apple_crimson_snow_1/r0_226.jpg,apple_crimson_snow_1,val
Images/Training/apple_crimson_snow_1/r0_228.jpg,apple_crimson_snow_1,val
Images/Training/apple_crimson_snow_1/r0_230.jpg,apple_crimson_snow_1,val
Images/Training/apple_crimson_snow_1/r0_232.jpg,apple_crimson_snow_1,val
Images/Training/apple_crimson_snow_1/r0_234.jpg,apple_crimson_snow_1,val
Images/Training/apple_crimson_snow_1/r0_236.jpg,apple_crimson_snow_1,val
Images/Training/apple_crimson_snow_1/r0_238.jpg,apple_crimson_snow_1,val
Images/Training/apple_crimson_snow_1/r0_24.jpg,apple_crimson_snow_1,train
Images/Training/apple_crimson_snow_1/r0_240.jpg,apple_crimson_snow_1,val
Images/Training/apple_crimson_snow_1/r0_242.jpg,apple_crimson_snow_1,val
Images/Training/apple_crimson_snow_1/r0_244.jpg,apple_crimson_snow_1,val
Images/Training/apple_crimson_snow_1/r0_246.jpg,apple_crimson_snow_1,val
Images/Training/apple_crimson_snow_1/r0_248.jpg,apple_crimson_snow_1,val
Images/Training/apple_crimson_snow_1/r0_250.jpg,apple_crimson_snow_1,val
Images/Training/apple_crimson_snow_1/r0_252.jpg,apple_crimson_snow_1,val
Images/Training/apple_crimson_snow_1/r0_254.jpg,apple_crimson_snow_1,val
Images/Training/apple_crimson_snow_1/r0_256.jpg,apple_crimson_snow_1,val
Images/Training/apple_crimson_snow_1/r0_258.jpg,apple_crimson_snow_1,val
Images/Training/apple_crimson_snow_1/r0_26.jpg,apple_crimson_snow_1,train
Images/Training/apple_crimson_snow_1/r0_260.jpg,apple_crimson_snow_1,val
Images/Training/apple_crimson_snow_1/r0_262.jpg,apple_crimson_snow_1,val
Images/Training/apple_crimson_snow_1/r0_264.jpg,apple_crimson_snow_1,val
Images/Training/apple_crimson_snow_1/r0_266.jpg,apple_crimson_snow_1,val
Images/Training/apple_crimson_snow_1/r0_268.jpg,apple_crimson_snow_1,test
Images/Training/apple_crimson_snow_1/r0_270.jpg,apple_crimson_snow_1,test
Images/Training/apple_crimson_snow_1/r0_272.jpg,apple_crimson_snow_1,test
Images/Training/apple_crimson_snow_1/r0_274.jpg,apple_crimson_snow_1,test
Images/Training/apple_crimson_snow_1/r0_276.jpg,apple_crimson_snow_1,test
Images/Training/apple_crimson_snow_1/r0_278.jpg,apple_crimson_snow_1,test
Images/Training/apple_crimson_snow_1/r0_28.jpg,apple_crimson_snow_1,train
Images/Training/apple_crimson_snow_1/r0_280.jpg,apple_crimson_snow_1,test
Images/Training/apple_crimson_snow_1/r0_282.jpg,apple_crimson_snow_1,test
Images/Training/apple_crimson_snow_1/r0_284.jpg,apple_crimson_snow_1,test
Images/Training/apple_crimson_snow_1/r0_286.jpg,apple_crimson_snow_1,test
Images/Training/apple_crimson_snow_1/r0_288.jpg,apple_crimson_snow_1,test
Images/Training/apple_crimson_snow_1/r0_290.jpg,apple_crimson_snow_1,test
Images/Training/apple_crimson_snow_1/r0_292.jpg,apple_crimson_snow_1,test
Images/Training/apple_crimson_snow_1/r0_294.jpg,apple_crimson_snow_1,test
Images/Training/apple_crimson_snow_1/r0_296.jpg,apple_crimson_snow_1,test
Images/Training/apple_crimson_snow_1/r0_298.jpg,apple_crimson_snow_1,test
Images/Training/apple_crimson_snow_1/r0_30.jpg,apple_crimson_snow_1,train
Images/Training/apple_crimson_snow_1/r0_300.jpg,apple_crimson_snow_1,test
Images/Training/apple_crimson_snow_1/r0_302.jpg,apple_crimson_snow_1,test
Images/Training/apple_crimson_snow_1/r0_304.jpg,apple_crimson_snow_1,test
Images/Training/apple_crimson_snow_1/r0_306.jpg,apple_crimson_snow_1,test
Images/Training/apple_crimson_snow_1/r0_308.jpg,apple_crimson_snow_1,test
Images/Training/apple_crimson_snow_1/r0_310.jpg,apple_crimson_snow_1,test
Images/Training/apple_crimson_snow_1/r0_312.jpg,apple_crimson_snow_1,test
Images/Training/apple_crimson_snow_1/r0_314.jpg,apple_crimson_snow_1,test
Images/Training/apple_crimson_snow_1/r0_32.jpg,apple_crimson_snow_1,train
Images/Training/apple_crimson_snow_1/r0_34.jpg,apple_crimson_snow_1,train
Images/Training/apple_crimson_snow_1/r0_36.jpg,apple_crimson_snow_1,train
Images/Training/apple_crimson_snow_1/r0_38.jpg,apple_crimson_snow_1,train
Images/Training/apple_crimson_snow_1/r0_4.jpg,apple_crimson_snow_1,train
Images/Training/apple_crimson_snow_1/r0_40.jpg,apple_crimson_snow_1,train
Images/Training/apple_crimson_snow_1/r0_42.jpg,apple_crimson_snow_1,train
Images/Training/apple_crimson_snow_1/r0_44.jpg,apple_crimson_snow_1,train
Images/Training/apple_crimson_snow_1/r0_46.jpg,apple_crimson_snow_1,train
Images/Training/apple_crimson_snow_1/r0_48.jpg,apple_crimson_snow_1,train
Images/Training/apple_crimson_snow_1/r0_50.jpg,apple_crimson_snow_1,train
Images/Training/apple_crimson_snow_1/r0_52.jpg,apple_crimson_snow_1,train
Images/Training/apple_crimson_snow_1/r0_54.jpg,apple_crimson_snow_1,train
Images/Training/apple_crimson_snow_1/r0_56.jpg,apple_crimson_snow_1,train
Images/Training/apple_crimson_snow_1/r0_58.jpg,apple_crimson_snow_1,train
Images/Training/apple_crimson_snow_1/r0_6.jpg,apple_crimson_snow_1,train
Images/Training/apple_crimson_snow_1/r0_60.jpg,apple_crimson_snow_1,train
Images/Training/apple_crimson_snow_1/r0_62.jpg,apple_crimson_snow_1,train
Images/Training/apple_crimson_snow_1/r0_64.jpg,apple_crimson_snow_1,train
Images/Training/apple_crimson_snow_1/r0_66.jpg,apple_crimson_snow_1,train
Images/Training/apple_crimson_snow_1/r0_68.jpg,apple_crimson_snow_1,train
Images/Training/apple_crimson_snow_1/r0_70.jpg,apple_crimson_snow_1,train
Images/Training/apple_crimson_snow_1/r0_72.jpg,apple_crimson_snow_1,train
Images/Training/apple_crimson_snow_1/r0_74.jpg,apple_crimson_snow_1,train
Images/Training/apple_crimson_snow_1/r0_76.jpg,apple_crimson_snow_1,train
Images/Training/apple_crimson_snow_1/r0_78.jpg,apple_crimson_snow_1,train
Images/Training/apple_crimson_snow_1/r0_8.jpg,apple_crimson_snow_1,train
Images/Training/apple_crimson_snow_1/r0_80.jpg,apple_crimson_snow_1,train
Images/Training/apple_crimson_snow_1/r0_82.jpg,apple_crimson_snow_1,train
Images/Training/apple_crimson_snow_1/r0_84.jpg,apple_crimson_snow_1,train
Images/Training/apple_crimson_snow_1/r0_86.jpg,apple_crimson_snow_1,train
Images/Training/apple_crimson_snow_1/r0_88.jpg,apple_crimson_snow_1,train
Images/Training/apple_crimson_snow_1/r0_90.jpg,apple_crimson_snow_1,train
Images/Training/apple_crimson_snow_1/r0_92.jpg,apple_crimson_snow_1,train
Images/Training/apple_crimson_snow_1/r0_94.jpg,apple_crimson_snow_1,train
Images/Training/apple_crimson_snow_1/r0_96.jpg,apple_crimson_snow_1,train
Images/Training/apple_crimson_snow_1/r0_98.jpg,apple_crimson_snow_1,train
Images/Training/apple_crimson_snow_1/r1_0.jpg,apple_crimson_snow_1,train
Images/Training/apple_crimson_snow_1/r1_10.jpg,apple_crimson_snow_1,train
Images/Training/apple_crimson_snow_1/r1_100.jpg,apple_crimson_snow_1,train
Images/Training/apple_crimson_snow_1/r1_102.jpg,apple_crimson_snow_1,train
Images/Training/apple_crimson_snow_1/r1_104.jpg,apple_crimson_snow_1,train
Images/Training/apple_crimson_snow_1/r1_106.jpg,apple_crimson_snow_1,train
Images/Training/apple_crimson_snow_1/r1_108.jpg,apple_crimson_snow_1,train
Images/Training/apple_crimson_snow_1/r1_110.jpg,apple_crimson_snow_1,train
Images/Training/apple_crimson_snow_1/r1_112.jpg,apple_crimson_snow_1,train
Images/Training/apple_crimson_snow_1/r1_114.jpg,apple_crimson_snow_1,train
Images/Training/apple_crimson_snow_1/r1_116.jpg,apple_crimson_snow_1,train
Images/Training/apple_crimson_snow_1/r1_118.jpg,apple_crimson_snow_1,train
Images/Training/apple_crimson_snow_1/r1_12.jpg,apple_crimson_snow_1,train
Images/Training/apple_crimson_snow_1/r1_120.jpg,apple_crimson_snow_1,train
Images/Training/apple_crimson_snow_1/r1_122.jpg,apple_crimson_snow_1,train
Images/Training/apple_crimson_snow_1/r1_124.jpg,apple_crimson_snow_1,train
Images/Training/apple_crimson_snow_1/r1_126.jpg,apple_crimson_snow_1,train
Images/Training/apple_crimson_snow_1/r1_128.jpg,apple_crimson_snow_1,train
Images/Training/apple_crimson_snow_1/r1_130.jpg,apple_crimson_snow_1,train
Images/Training/apple_crimson_snow_1/r1_132.jpg,apple_crimson_snow_1,train
Images/Training/apple_crimson_snow_1/r1_134.jpg,apple_crimson_snow_1,train
Images/Training/apple_crimson_snow_1/r1_136.jpg,apple_crimson_snow_1,train
Images/Training/apple_crimson_snow_1/r1_138.jpg,apple_crimson_snow_1,train
Images/Training/apple_crimson_snow_1/r1_14.jpg,apple_crimson_snow_1,train
Images/Training/apple_crimson_snow_1/r1_140.jpg,apple_crimson_snow_1,train
Images/Training/apple_crimson_snow_1/r1_142.jpg,apple_crimson_snow_1,train
Images/Training/apple_crimson_snow_1/r1_144.jpg,apple_crimson_snow_1,train
Images/Training/apple_crimson_snow_1/r1_146.jpg,apple_crimson_snow_1,train
Images/Training/apple_crimson_snow_1/r1_148.jpg,apple_crimson_snow_1,train
Images/Training/apple_crimson_snow_1/r1_150.jpg,apple_crimson_snow_1,train
Images/Training/apple_crimson_snow_1/r1_152.jpg,apple_crimson_snow_1,train
Images/Training/apple_crimson_snow_1/r1_154.jpg,apple_crimson_snow_1,train
Images/Training/apple_crimson_snow_1/r1_156.jpg,apple_crimson_snow_1,train
Images/Training/apple_crimson_snow_1/r1_158.jpg,apple_crimson_snow_1,train
Images/Training/apple_crimson_snow_1/r1_16.jpg,apple_crimson_snow_1,train
Images/Training/apple_crimson_snow_1/r1_160.jpg,apple_crimson_snow_1,train
Images/Training/apple_crimson_snow_1/r1_162.jpg,apple_crimson_snow_1,train
Images/Training/apple_crimson_snow_1/r1_164.jpg,apple_crimson_snow_1,train
Images/Training/apple_crimson_snow_1/r1_166.jpg,apple_crimson_snow_1,train
Images/Training/apple_crimson_snow_1/r1_168.jpg,apple_crimson_snow_1,train
Images/Training/apple_crimson_snow_1/r1_170.jpg,apple_crimson_snow_1,train
Images/Training/apple_crimson_snow_1/r1_172.jpg,apple_crimson_snow_1,train
Images/Training/apple_crimson_snow_1/r1_174.jpg,apple_crimson_snow_1,train
Images/Training/apple_crimson_snow_1/r1_176.jpg,apple_crimson_snow_1,train
Images/Training/apple_crimson_snow_1/r1_178.jpg,apple_crimson_snow_1,train
Images/Training/apple_crimson_snow_1/r1_18.jpg,apple_crimson_snow_1,train
Images/Training/apple_crimson_snow_1/r1_180.jpg,apple_crimson_snow_1,train
Images/Training/apple_crimson_snow_1/r1_182.jpg,apple_crimson_snow_1,train
Images/Training/apple_crimson_snow_1/r1_184.jpg,apple_crimson_snow_1,train
Images/Training/apple_crimson_snow_1/r1_186.jpg,apple_crimson_snow_1,train
Images/Training/apple_crimson_snow_1/r1_188.jpg,apple_crimson_snow_1,train
Images/Training/apple_crimson_snow_1/r1_190.jpg,apple_crimson_snow_1,train
Images/Training/apple_crimson_snow_1/r1_192.jpg,apple_crimson_snow_1,train
Images/Training/apple_crimson_snow_1/r1_194.jpg,apple_crimson_snow_1,train
Images/Training/apple_crimson_snow_1/r1_196.jpg,apple_crimson_snow_1,train
Images/Training/apple_crimson_snow_1/r1_198.jpg,apple_crimson_snow_1,train
Images/Training/apple_crimson_snow_1/r1_2.jpg,apple_crimson_snow_1,train
Images/Training/apple_crimson_snow_1/r1_20.jpg,apple_crimson_snow_1,train
Images/Training/apple_crimson_snow_1/r1_200.jpg,apple_crimson_snow_1,train
Images/Training/apple_crimson_snow_1/r1_202.jpg,apple_crimson_snow_1,train
Images/Training/apple_crimson_snow_1/r1_204.jpg,apple_crimson_snow_1,train
Images/Training/apple_crimson_snow_1/r1_206.jpg,apple_crimson_snow_1,train
Images/Training/apple_crimson_snow_1/r1_208.jpg,apple_crimson_snow_1,train
Images/Training/apple_crimson_snow_1/r1_210.jpg,apple_crimson_snow_1,train
Images/Training/apple_crimson_snow_1/r1_212.jpg,apple_crimson_snow_1,train
Images/Training/apple_crimson_snow_1/r1_214.jpg,apple_crimson_snow_1,train
Images/Training/apple_crimson_snow_1/r1_216.jpg,apple_crimson_snow_1,train
Images/Training/apple_crimson_snow_1/r1_218.jpg,apple_crimson_snow_1,train
Images/Training/apple_crimson_snow_1/r1_22.jpg,apple_crimson_snow_1,train
Images/Training/apple_crimson_snow_1/r1_220.jpg,apple_crimson_snow_1,train
Images/Training/apple_crimson_snow_1/r1_222.jpg,apple_crimson_snow_1,train
Images/Training/apple_crimson_snow_1/r1_224.jpg,apple_crimson_snow_1,val
Images/Training/apple_crimson_snow_1/r1_226.jpg,apple_crimson_snow_1,val
Images/Training/apple_crimson_snow_1/r1_228.jpg,apple_crimson_snow_1,val
Images/Training/apple_crimson_snow_1/r1_230.jpg,apple_crimson_snow_1,val
Images/Training/apple_crimson_snow_1/r1_232.jpg,apple_crimson_snow_1,val
Images/Training/apple_crimson_snow_1/r1_234.jpg,apple_crimson_snow_1,val
Images/Training/apple_crimson_snow_1/r1_236.jpg,apple_crimson_snow_1,val
Images/Training/apple_crimson_snow_1/r1_238.jpg,apple_crimson_snow_1,val
Images/Training/apple_crimson_snow_1/r1_24.jpg,apple_crimson_snow_1,train
Images/Training/apple_crimson_snow_1/r1_240.jpg,apple_crimson_snow_1,val
Images/Training/apple_crimson_snow_1/r1_242.jpg,apple_crimson_snow_1,val
Images/Training/apple_crimson_snow_1/r1_244.jpg,apple_crimson_snow_1,val
Images/Training/apple_crimson_snow_1/r1_246.jpg,apple_crimson_snow_1,val
Images/Training/apple_crimson_snow_1/r1_248.jpg,apple_crimson_snow_1,val
Images/Training/apple_crimson_snow_1/r1_250.jpg,apple_crimson_snow_1,val
Images/Training/apple_crimson_snow_1/r1_252.jpg,apple_crimson_snow_1,val
Images/Training/apple_crimson_snow_1/r1_254.jpg,apple_crimson_snow_1,val
Images/Training/apple_crimson_snow_1/r1_256.jpg,apple_crimson_snow_1,val
Images/Training/apple_crimson_snow_1/r1_258.jpg,apple_crimson_snow_1,val
Images/Training/apple_crimson_snow_1/r1_26.jpg,apple_crimson_snow_1,train
Images/Training/apple_crimson_snow_1/r1_260.jpg,apple_crimson_snow_1,val
Images/Training/apple_crimson_snow_1/r1_262.jpg,apple_crimson_snow_1,val
Images/Training/apple_crimson_snow_1/r1_264.jpg,apple_crimson_snow_1,val
Images/Training/apple_crimson_snow_1/r1_266.jpg,apple_crimson_snow_1,val
Images/Training/apple_crimson_snow_1/r1_268.jpg,apple_crimson_snow_1,val
Images/Training/apple_crimson_snow_1/r1_270.jpg,apple_crimson_snow_1,val
Images/Training/apple_crimson_snow_1/r1_272.jpg,apple_crimson_snow_1,test
Images/Training/apple_crimson_snow_1/r1_274.jpg,apple_crimson_snow_1,test
Images/Training/apple_crimson_snow_1/r1_276.jpg,apple_crimson_snow_1,test
Images/Training/apple_crimson_snow_1/r1_278.jpg,apple_crimson_snow_1,test
Images/Training/apple_crimson_snow_1/r1_28.jpg,apple_crimson_snow_1,train
Images/Training/apple_crimson_snow_1/r1_280.jpg,apple_crimson_snow_1,test
Images/Training/apple_crimson_snow_1/r1_282.jpg,apple_crimson_snow_1,test
Images/Training/apple_crimson_snow_1/r1_284.jpg,apple_crimson_snow_1,test
Images/Training/apple_crimson_snow_1/r1_286.jpg,apple_crimson_snow_1,test
Images/Training/apple_crimson_snow_1/r1_288.jpg,apple_crimson_snow_1,test
Images/Training/apple_crimson_snow_1/r1_290.jpg,apple_crimson_snow_1,test
Images/Training/apple_crimson_snow_1/r1_292.jpg,apple_crimson_snow_1,test
Images/Training/apple_crimson_snow_1/r1_294.jpg,apple_crimson_snow_1,test
Images/Training/apple_crimson_snow_1/r1_296.jpg,apple_crimson_snow_1,test
Images/Training/apple_crimson_snow_1/r1_298.jpg,apple_crimson_snow_1,test
Images/Training/apple_crimson_snow_1/r1_30.jpg,apple_crimson_snow_1,train
Images/Training/apple_crimson_snow_1/r1_300.jpg,apple_crimson_snow_1,test
Images/Training/apple_crimson_snow_1/r1_302.jpg,apple_crimson_snow_1,test
Images/Training/apple_crimson_snow_1/r1_304.jpg,apple_crimson_snow_1,test
Images/Training/apple_crimson_snow_1/r1_306.jpg,apple_crimson_snow_1,test
Images/Training/apple_crimson_snow_1/r1_308.jpg,apple_crimson_snow_1,test
Images/Training/apple_crimson_snow_1/r1_310.jpg,apple_crimson_snow_1,test
Images/Training/apple_crimson_snow_1/r1_312.jpg,apple_crimson_snow_1,test
Images/Training/apple_crimson_snow_1/r1_314.jpg,apple_crimson_snow_1,test
Images/Training/apple_crimson_snow_1/r1_316.jpg,apple_crimson_snow_1,test
Images/Training/apple_crimson_snow_1/r1_318.jpg,apple_crimson_snow_1,test
Images/Training/apple_crimson_snow_1/r1_32.jpg,apple_crimson_snow_1,train
Images/Training/apple_crimson_snow_1/r1_34.jpg,apple_crimson_snow_1,train
Images/Training/apple_crimson_snow_1/r1_36.jpg,apple_crimson_snow_1,train
Images/Training/apple_crimson_snow_1/r1_38.jpg,apple_crimson_snow_1,train
Images/Training/apple_crimson_snow_1/r1_4.jpg,apple_crimson_snow_1,train
Images/Training/apple_crimson_snow_1/r1_40.jpg,apple_crimson_snow_1,train
Images/Training/apple_crimson_snow_1/r1_42.jpg,apple_crimson_snow_1,train
Images/Training/apple_crimson_snow_1/r1_44.jpg,apple_crimson_snow_1,train
Images/Training/apple_crimson_snow_1/r1_46.jpg,apple_crimson_snow_1,train
Images/Training/apple_crimson_snow_1/r1_48.jpg,apple_crimson_snow_1,train
Images/Training/apple_crimson_snow_1/r1_50.jpg,apple_crimson_snow_1,train
Images/Training/apple_crimson_snow_1/r1_52.jpg,apple_crimson_snow_1,train
Images/Training/apple_crimson_snow_1/r1_54.jpg,apple_crimson_snow_1,train
Images/Training/apple_crimson_snow_1/r1_56.jpg,apple_crimson_snow_1,train
Images/Training/apple_crimson_snow_1/r1_58.jpg,apple_crimson_snow_1,train
Images/Training/apple_crimson_snow_1/r1_6.jpg,apple_crimson_snow_1,train
Images/Training/apple_crimson_snow_1/r1_60.jpg,apple_crimson_snow_1,train
Images/Training/apple_crimson_snow_1/r1_62.jpg,apple_crimson_snow_1,train
Images/Training/apple_crimson_snow_1/r1_64.jpg,apple_crimson_snow_1,train
Images/Training/apple_crimson_snow_1/r1_66.jpg,apple_crimson_snow_1,train
Images/Training/apple_crimson_snow_1/r1_68.jpg,apple_crimson_snow_1,train
Images/Training/apple_crimson_snow_1/r1_70.jpg,apple_crimson_snow_1,train
Images/Training/apple_crimson_snow_1/r1_72.jpg,apple_crimson_snow_1,train
Images/Training/apple_crimson_snow_1/r1_74.jpg,apple_crimson_snow_1,train
Images/Training/apple_crimson_snow_1/r1_76.jpg,apple_crimson_snow_1,train
Images/Training/apple_crimson_snow_1/r1_78.jpg,apple_crimson_snow_1,train
Images/Training/apple_crimson_snow_1/r1_8.jpg,apple_crimson_snow_1,train
Images/Training/apple_crimson_snow_1/r1_80.jpg,apple_crimson_snow_1,train
Images/Training/apple_crimson_snow_1/r1_82.jpg,apple_crimson_snow_1,train
Images/Training/apple_crimson_snow_1/r1_84.jpg,apple_crimson_snow_1,train
Images/Training/apple_crimson_snow_1/r1_86.jpg,apple_crimson_snow_1,train
Images/Training/apple_crimson_snow_1/r1_88.jpg,apple_crimson_snow_1,train
Images/Training/apple_crimson_snow_1/r1_90.jpg,apple_crimson_snow_1,train
Images/Training/apple_crimson_snow_1/r1_92.jpg,apple_crimson_snow_1,train
Images/Training/apple_crimson_snow_1/r1_94.jpg,apple_crimson_snow_1,train
Images/Training/apple_crimson_snow_1/r1_96.jpg,apple_crimson_snow_1,train
Images/Training/apple_crimson_snow_1/r1_98.jpg,apple_crimson_snow_1,train
Images/Training/apple_golden_1/r0_0.jpg,apple_golden_1,train
Images/Training/apple_golden_1/r0_10.jpg,apple_golden_1,train
Images/Training/apple_golden_1/r0_100.jpg,apple_golden_1,train
Images/Training/apple_golden_1/r0_102.jpg,apple_golden_1,train
Images/Training/apple_golden_1/r0_104.jpg,apple_golden_1,train
Images/Training/apple_golden_1/r0_106.jpg,apple_golden_1,train
Images/Training/apple_golden_1/r0_108.jpg,apple_golden_1,train
Images/Training/apple_golden_1/r0_110.jpg,apple_golden_1,train
Images/Training/apple_golden_1/r0_112.jpg,apple_golden_1,train
Images/Training/apple_golden_1/r0_114.jpg,apple_golden_1,train
Images/Training/apple_golden_1/r0_116.jpg,apple_golden_1,train
Images/Training/apple_golden_1/r0_118.jpg,apple_golden_1,train
Images/Training/apple_golden_1/r0_12.jpg,apple_golden_1,train
Images/Training/apple_golden_1/r0_120.jpg,apple_golden_1,train
Images/Training/apple_golden_1/r0_122.jpg,apple_golden_1,train
Images/Training/apple_golden_1/r0_124.jpg,apple_golden_1,train
Images/Training/apple_golden_1/r0_126.jpg,apple_golden_1,train
Images/Training/apple_golden_1/r0_128.jpg,apple_golden_1,train
Images/Training/apple_golden_1/r0_130.jpg,apple_golden_1,train
Images/Training/apple_golden_1/r0_132.jpg,apple_golden_1,train
Images/Training/apple_golden_1/r0_134.jpg,apple_golden_1,train
Images/Training/apple_golden_1/r0_136.jpg,apple_golden_1,train
Images/Training/apple_golden_1/r0_138.jpg,apple_golden_1,train
Images/Training/apple_golden_1/r0_14.jpg,apple_golden_1,train
Images/Training/apple_golden_1/r0_140.jpg,apple_golden_1,train
Images/Training/apple_golden_1/r0_142.jpg,apple_golden_1,train
Images/Training/apple_golden_1/r0_144.jpg,apple_golden_1,train
Images/Training/apple_golden_1/r0_146.jpg,apple_golden_1,train
Images/Training/apple_golden_1/r0_148.jpg,apple_golden_1,train
Images/Training/apple_golden_1/r0_150.jpg,apple_golden_1,train
Images/Training/apple_golden_1/r0_152.jpg,apple_golden_1,train
Images/Training/apple_golden_1/r0_154.jpg,apple_golden_1,train
Images/Training/apple_golden_1/r0_156.jpg,apple_golden_1,train
Images/Training/apple_golden_1/r0_158.jpg,apple_golden_1,train
Images/Training/apple_golden_1/r0_16.jpg,apple_golden_1,train
Images/Training/apple_golden_1/r0_160.jpg,apple_golden_1,train
Images/Training/apple_golden_1/r0_162.jpg,apple_golden_1,train
Images/Training/apple_golden_1/r0_164.jpg,apple_golden_1,train
Images/Training/apple_golden_1/r0_166.jpg,apple_golden_1,train
Images/Training/apple_golden_1/r0_168.jpg,apple_golden_1,train
Images/Training/apple_golden_1/r0_170.jpg,apple_golden_1,train
Images/Training/apple_golden_1/r0_172.jpg,apple_golden_1,train
Images/Training/apple_golden_1/r0_174.jpg,apple_golden_1,train
Images/Training/apple_golden_1/r0_176.jpg,apple_golden_1,train
Images/Training/apple_golden_1/r0_178.jpg,apple_golden_1,train
Images/Training/apple_golden_1/r0_18.jpg,apple_golden_1,train
Images/Training/apple_golden_1/r0_180.jpg,apple_golden_1,train
Images/Training/apple_golden_1/r0_182.jpg,apple_golden_1,train
Images/Training/apple_golden_1/r0_184.jpg,apple_golden_1,train
Images/Training/apple_golden_1/r0_186.jpg,apple_golden_1,train
Images/Training/apple_golden_1/r0_188.jpg,apple_golden_1,train
Images/Training/apple_golden_1/r0_190.jpg,apple_golden_1,train
Images/Training/apple_golden_1/r0_192.jpg,apple_golden_1,train
Images/Training/apple_golden_1/r0_194.jpg,apple_golden_1,train
Images/Training/apple_golden_1/r0_196.jpg,apple_golden_1,train
Images/Training/apple_golden_1/r0_198.jpg,apple_golden_1,train
Images/Training/apple_golden_1/r0_2.jpg,apple_golden_1,train
Images/Training/apple_golden_1/r0_20.jpg,apple_golden_1,train
Images/Training/apple_golden_1/r0_200.jpg,apple_golden_1,train
Images/Training/apple_golden_1/r0_202.jpg,apple_golden_1,train
Images/Training/apple_golden_1/r0_204.jpg,apple_golden_1,train
Images/Training/apple_golden_1/r0_206.jpg,apple_golden_1,train
Images/Training/apple_golden_1/r0_208.jpg,apple_golden_1,train
Images/Training/apple_golden_1/r0_210.jpg,apple_golden_1,train
Images/Training/apple_golden_1/r0_212.jpg,apple_golden_1,train
Images/Training/apple_golden_1/r0_214.jpg,apple_golden_1,train
Images/Training/apple_golden_1/r0_216.jpg,apple_golden_1,val
Images/Training/apple_golden_1/r0_218.jpg,apple_golden_1,val
Images/Training/apple_golden_1/r0_22.jpg,apple_golden_1,train
Images/Training/apple_golden_1/r0_220.jpg,apple_golden_1,val
Images/Training/apple_golden_1/r0_222.jpg,apple_golden_1,val
Images/Training/apple_golden_1/r0_224.jpg,apple_golden_1,val
Images/Training/apple_golden_1/r0_226.jpg,apple_golden_1,val
Images/Training/apple_golden_1/r0_228.jpg,apple_golden_1,val
Images/Training/apple_golden_1/r0_230.jpg,apple_golden_1,val
Images/Training/apple_golden_1/r0_232.jpg,apple_golden_1,val
Images/Training/apple_golden_1/r0_234.jpg,apple_golden_1,val
Images/Training/apple_golden_1/r0_236.jpg,apple_golden_1,val
Images/Training/apple_golden_1/r0_238.jpg,apple_golden_1,val
Images/Training/apple_golden_1/r0_24.jpg,apple_golden_1,train
Images/Training/apple_golden_1/r0_240.jpg,apple_golden_1,val
Images/Training/apple_golden_1/r0_242.jpg,apple_golden_1,val
Images/Training/apple_golden_1/r0_244.jpg,apple_golden_1,val
Images/Training/apple_golden_1/r0_246.jpg,apple_golden_1,val
Images/Training/apple_golden_1/r0_248.jpg,apple_golden_1,val
Images/Training/apple_golden_1/r0_250.jpg,apple_golden_1,val
Images/Training/apple_golden_1/r0_252.jpg,apple_golden_1,val
Images/Training/apple_golden_1/r0_254.jpg,apple_golden_1,val
Images/Training/apple_golden_1/r0_256.jpg,apple_golden_1,val
Images/Training/apple_golden_1/r0_258.jpg,apple_golden_1,val
Images/Training/apple_golden_1/r0_26.jpg,apple_golden_1,train
Images/Training/apple_golden_1/r0_260.jpg,apple_golden_1,val
Images/Training/apple_golden_1/r0_262.jpg,apple_golden_1,test
Images/Training/apple_golden_1/r0_264.jpg,apple_golden_1,test
Images/Training/apple_golden_1/r0_266.jpg,apple_golden_1,test
Images/Training/apple_golden_1/r0_268.jpg,apple_golden_1,test
Images/Training/apple_golden_1/r0_270.jpg,apple_golden_1,test
Images/Training/apple_golden_1/r0_272.jpg,apple_golden_1,test
Images/Training/apple_golden_1/r0_274.jpg,apple_golden_1,test
Images/Training/apple_golden_1/r0_276.jpg,apple_golden_1,test
Images/Training/apple_golden_1/r0_278.jpg,apple_golden_1,test
Images/Training/apple_golden_1/r0_28.jpg,apple_golden_1,train
Images/Training/apple_golden_1/r0_280.jpg,apple_golden_1,test
Images/Training/apple_golden_1/r0_282.jpg,apple_golden_1,test
Images/Training/apple_golden_1/r0_284.jpg,apple_golden_1,test
Images/Training/apple_golden_1/r0_286.jpg,apple_golden_1,test
Images/Training/apple_golden_1/r0_288.jpg,apple_golden_1,test
Images/Training/apple_golden_1/r0_290.jpg,apple_golden_1,test
Images/Training/apple_golden_1/r0_292.jpg,apple_golden_1,test
Images/Training/apple_golden_1/r0_294.jpg,apple_golden_1,test
Images/Training/apple_golden_1/r0_296.jpg,apple_golden_1,test
Images/Training/apple_golden_1/r0_298.jpg,apple_golden_1,test
Images/Training/apple_golden_1/r0_30.jpg,apple_golden_1,train
Images/Training/apple_golden_1/r0_300.jpg,apple_golden_1,test
Images/Training/apple_golden_1/r0_302.jpg,apple_golden_1,test
Images/Training/apple_golden_1/r0_304.jpg,apple_golden_1,test
Images/Training/apple_golden_1/r0_306.jpg,apple_golden_1,test
Images/Training/apple_golden_1/r0_32.jpg,apple_golden_1,train
Images/Training/apple_golden_1/r0_34.jpg,apple_golden_1,train
Images/Training/apple_golden_1/r0_36.jpg,apple_golden_1,train
Images/Training/apple_golden_1/r0_38.jpg,apple_golden_1,train
Images/Training/apple_golden_1/r0_4.jpg,apple_golden_1,train
Images/Training/apple_golden_1/r0_40.jpg,apple_golden_1,train
Images/Training/apple_golden_1/r0_42.jpg,apple_golden_1,train
Images/Training/apple_golden_1/r0_44.jpg,apple_golden_1,train
Images/Training/apple_golden_1/r0_46.jpg,apple_golden_1,train
Images/Training/apple_golden_1/r0_48.jpg,apple_golden_1,train
Images/Training/apple_golden_1/r0_50.jpg,apple_golden_1,train
Images/Training/apple_golden_1/r0_52.jpg,apple_golden_1,train
Images/Training/apple_golden_1/r0_54.jpg,apple_golden_1,train
Images/Training/apple_golden_1/r0_56.jpg,apple_golden_1,train
Images/Training/apple_golden_1/r0_58.jpg,apple_golden_1,train
Images/Training/apple_golden_1/r0_6.jpg,apple_golden_1,train
Images/Training/apple_golden_1/r0_60.jpg,apple_golden_1,train
Images/Training/apple_golden_1/r0_62.jpg,apple_golden_1,train
Images/Training/apple_golden_1/r0_64.jpg,apple_golden_1,train
Images/Training/apple_golden_1/r0_66.jpg,apple_golden_1,train
Images/Training/apple_golden_1/r0_68.jpg,apple_golden_1,train
Images/Training/apple_golden_1/r0_70.jpg,apple_golden_1,train
Images/Training/apple_golden_1/r0_72.jpg,apple_golden_1,train
Images/Training/apple_golden_1/r0_74.jpg,apple_golden_1,train
Images/Training/apple_golden_1/r0_76.jpg,apple_golden_1,train
Images/Training/apple_golden_1/r0_78.jpg,apple_golden_1,train
Images/Training/apple_golden_1/r0_8.jpg,apple_golden_1,train
Images/Training/apple_golden_1/r0_80.jpg,apple_golden_1,train
Images/Training/apple_golden_1/r0_82.jpg,apple_golden_1,train
Images/Training/apple_golden_1/r0_84.jpg,apple_golden_1,train
Images/Training/apple_golden_1/r0_86.jpg,apple_golden_1,train
Images/Training/apple_golden_1/r0_88.jpg,apple_golden_1,train
Images/Training/apple_golden_1/r0_90.jpg,apple_golden_1,train
Images/Training/apple_golden_1/r0_92.jpg,apple_golden_1,train
Images/Training/apple_golden_1/r0_94.jpg,apple_golden_1,train
Images/Training/apple_golden_1/r0_96.jpg,apple_golden_1,train
Images/Training/apple_golden_1/r0_98.jpg,apple_golden_1,train
Images/Training/apple_golden_1/r1_0.jpg,apple_golden_1,train
Images/Training/apple_golden_1/r1_10.jpg,apple_golden_1,train
Images/Training/apple_golden_1/r1_100.jpg,apple_golden_1,train
Images/Training/apple_golden_1/r1_102.jpg,apple_golden_1,train
Images/Training/apple_golden_1/r1_104.jpg,apple_golden_1,train
Images/Training/apple_golden_1/r1_106.jpg,apple_golden_1,train
Images/Training/apple_golden_1/r1_108.jpg,apple_golden_1,train
Images/Training/apple_golden_1/r1_110.jpg,apple_golden_1,train
Images/Training/apple_golden_1/r1_112.jpg,apple_golden_1,train
Images/Training/apple_golden_1/r1_114.jpg,apple_golden_1,train
Images/Training/apple_golden_1/r1_116.jpg,apple_golden_1,train
Images/Training/apple_golden_1/r1_118.jpg,apple_golden_1,train
Images/Training/apple_golden_1/r1_12.jpg,apple_golden_1,train
Images/Training/apple_golden_1/r1_120.jpg,apple_golden_1,train
Images/Training/apple_golden_1/r1_122.jpg,apple_golden_1,train
Images/Training/apple_golden_1/r1_124.jpg,apple_golden_1,train
Images/Training/apple_golden_1/r1_126.jpg,apple_golden_1,train
Images/Training/apple_golden_1/r1_128.jpg,apple_golden_1,train
Images/Training/apple_golden_1/r1_130.jpg,apple_golden_1,train
Images/Training/apple_golden_1/r1_132.jpg,apple_golden_1,train
Images/Training/apple_golden_1/r1_134.jpg,apple_golden_1,train
Images/Training/apple_golden_1/r1_136.jpg,apple_golden_1,train
Images/Training/apple_golden_1/r1_138.jpg,apple_golden_1,train
Images/Training/apple_golden_1/r1_14.jpg,apple_golden_1,train
Images/Training/apple_golden_1/r1_140.jpg,apple_golden_1,train
Images/Training/apple_golden_1/r1_142.jpg,apple_golden_1,train
Images/Training/apple_golden_1/r1_144.jpg,apple_golden_1,train
Images/Training/apple_golden_1/r1_146.jpg,apple_golden_1,train
Images/Training/apple_golden_1/r1_148.jpg,apple_golden_1,train
Images/Training/apple_golden_1/r1_150.jpg,apple_golden_1,train
Images/Training/apple_golden_1/r1_152.jpg,apple_golden_1,train
Images/Training/apple_golden_1/r1_154.jpg,apple_golden_1,train
Images/Training/apple_golden_1/r1_156.jpg,apple_golden_1,train
Images/Training/apple_golden_1/r1_158.jpg,apple_golden_1,train
Images/Training/apple_golden_1/r1_16.jpg,apple_golden_1,train
Images/Training/apple_golden_1/r1_160.jpg,apple_golden_1,train
Images/Training/apple_golden_1/r1_162.jpg,apple_golden_1,train
Images/Training/apple_golden_1/r1_164.jpg,apple_golden_1,train
Images/Training/apple_golden_1/r1_166.jpg,apple_golden_1,train
Images/Training/apple_golden_1/r1_168.jpg,apple_golden_1,train
Images/Training/apple_golden_1/r1_170.jpg,apple_golden_1,train
Images/Training/apple_golden_1/r1_172.jpg,apple_golden_1,train
Images/Training/apple_golden_1/r1_174.jpg,apple_golden_1,train
Images/Training/apple_golden_1/r1_176.jpg,apple_golden_1,train
Images/Training/apple_golden_1/r1_178.jpg,apple_golden_1,train
Images/Training/apple_golden_1/r1_18.jpg,apple_golden_1,train
Images/Training/apple_golden_1/r1_180.jpg,apple_golden_1,train
Images/Training/apple_golden_1/r1_182.jpg,apple_golden_1,train
Images/Training/apple_golden_1/r1_184.jpg,apple_golden_1,train
Images/Training/apple_golden_1/r1_186.jpg,apple_golden_1,train
Images/Training/apple_golden_1/r1_188.jpg,apple_golden_1,train
Images/Training/apple_golden_1/r1_190.jpg,apple_golden_1,train
Images/Training/apple_golden_1/r1_192.jpg,apple_golden_1,train
Images/Training/apple_golden_1/r1_194.jpg,apple_golden_1,train
Images/Training/apple_golden_1/r1_196.jpg,apple_golden_1,train
Images/Training/apple_golden_1/r1_198.jpg,apple_golden_1,train
Images/Training/apple_golden_1/r1_2.jpg,apple_golden_1,train
Images/Training/apple_golden_1/r1_20.jpg,apple_golden_1,train
Images/Training/apple_golden_1/r1_200.jpg,apple_golden_1,train
Images/Training/apple_golden_1/r1_202.jpg,apple_golden_1,train
Images/Training/apple_golden_1/r1_204.jpg,apple_golden_1,train
Images/Training/apple_golden_1/r1_206.jpg,apple_golden_1,train
Images/Training/apple_golden_1/r1_208.jpg,apple_golden_1,train
Images/Training/apple_golden_1/r1_210.jpg,apple_golden_1,train
Images/Training/apple_golden_1/r1_212.jpg,apple_golden_1,train
Images/Training/apple_golden_1/r1_214.jpg,apple_golden_1,train
Images/Training/apple_golden_1/r1_216.jpg,apple_golden_1,val
Images/Training/apple_golden_1/r1_218.jpg,apple_golden_1,val
Images/Training/apple_golden_1/r1_22.jpg,apple_golden_1,train
Images/Training/apple_golden_1/r1_220.jpg,apple_golden_1,val
Images/Training/apple_golden_1/r1_222.jpg,apple_golden_1,val
Images/Training/apple_golden_1/r1_224.jpg,apple_golden_1,val
Images/Training/apple_golden_1/r1_226.jpg,apple_golden_1,val
Images/Training/apple_golden_1/r1_228.jpg,apple_golden_1,val
Images/Training/apple_golden_1/r1_230.jpg,apple_golden_1,val
Images/Training/apple_golden_1/r1_232.jpg,apple_golden_1,val
Images/Training/apple_golden_1/r1_234.jpg,apple_golden_1,val
Images/Training/apple_golden_1/r1_236.jpg,apple_golden_1,val
Images/Training/apple_golden_1/r1_238.jpg,apple_golden_1,val
Images/Training/apple_golden_1/r1_24.jpg,apple_golden_1,train
Images/Training/apple_golden_1/r1_240.jpg,apple_golden_1,val
Images/Training/apple_golden_1/r1_242.jpg,apple_golden_1,val
Images/Training/apple_golden_1/r1_244.jpg,apple_golden_1,val
Images/Training/apple_golden_1/r1_246.jpg,apple_golden_1,val
Images/Training/apple_golden_1/r1_248.jpg,apple_golden_1,val
Images/Training/apple_golden_1/r1_250.jpg,apple_golden_1,val
Images/Training/apple_golden_1/r1_252.jpg,apple_golden_1,val
Images/Training/apple_golden_1/r1_254.jpg,apple_golden_1,val
Images/Training/apple_golden_1/r1_256.jpg,apple_golden_1,val
Images/Training/apple_golden_1/r1_258.jpg,apple_golden_1,val
Images/Training/apple_golden_1/r1_26.jpg,apple_golden_1,train
Images/Training/apple_golden_1/r1_260.jpg,apple_golden_1,val
Images/Training/apple_golden_1/r1_262.jpg,apple_golden_1,test
Images/Training/apple_golden_1/r1_264.jpg,apple_golden_1,test
Images/Training/apple_golden_1/r1_266.jpg,apple_golden_1,test
Images/Training/apple_golden_1/r1_268.jpg,apple_golden_1,test
Images/Training/apple_golden_1/r1_270.jpg,apple_golden_1,test
Images/Training/apple_golden_1/r1_272.jpg,apple_golden_1,test
Images/Training/apple_golden_1/r1_274.jpg,apple_golden_1,test
Images/Training/apple_golden_1/r1_276.jpg,apple_golden_1,test
Images/Training/apple_golden_1/r1_278.jpg,apple_golden_1,test
Images/Training/apple_golden_1/r1_28.jpg,apple_golden_1,train
Images/Training/apple_golden_1/r1_280.jpg,apple_golden_1,test
Images/Training/apple_golden_1/r1_282.jpg,apple_golden_1,test
Images/Training/apple_golden_1/r1_284.jpg,apple_golden_1,test
Images/Training/apple_golden_1/r1_286.jpg,apple_golden_1,test
Images/Training/apple_golden_1/r1_288.jpg,apple_golden_1,test
Images/Training/apple_golden_1/r1_290.jpg,apple_golden_1,test
Images/Training/apple_golden_1/r1_292.jpg,apple_golden_1,test
Images/Training/apple_golden_1/r1_294.jpg,apple_golden_1,test
Images/Training/apple_golden_1/r1_296.jpg,apple_golden_1,test
Images/Training/apple_golden_1/r1_298.jpg,apple_golden_1,test
Images/Training/apple_golden_1/r1_30.jpg,apple_golden_1,train
Images/Training/apple_golden_1/r1_300.jpg,apple_golden_1,test
Images/Training/apple_golden_1/r1_302.jpg,apple_golden_1,test
Images/Training/apple_golden_1/r1_304.jpg,apple_golden_1,test
Images/Training/apple_golden_1/r1_306.jpg,apple_golden_1,test
Images/Training/apple_golden_1/r1_32.jpg,apple_golden_1,train
Images/Training/apple_golden_1/r1_34.jpg,apple_golden_1,train
Images/Training/apple_golden_1/r1_36.jpg,apple_golden_1,train
Images/Training/apple_golden_1/r1_38.jpg,apple_golden_1,train
Images/Training/apple_golden_1/r1_4.jpg,apple_golden_1,train
Images/Training/apple_golden_1/r1_40.jpg,apple_golden_1,train
Images/Training/apple_golden_1/r1_42.jpg,apple_golden_1,train
Images/Training/apple_golden_1/r1_44.jpg,apple_golden_1,train
Images/Training/apple_golden_1/r1_46.jpg,apple_golden_1,train
Images/Training/apple_golden_1/r1_48.jpg,apple_golden_1,train
Images/Training/apple_golden_1/r1_50.jpg,apple_golden_1,train
Images/Training/apple_golden_1/r1_52.jpg,apple_golden_1,train
Images/Training/apple_golden_1/r1_54.jpg,apple_golden_1,train
Images/Training/apple_golden_1/r1_56.jpg,apple_golden_1,train
Images/Training/apple_golden_1/r1_58.jpg,apple_golden_1,train
Images/Training/apple_golden_1/r1_6.jpg,apple_golden_1,train
Images/Training/apple_golden_1/r1_60.jpg,apple_golden_1,train
Images/Training/apple_golden_1/r1_62.jpg,apple_golden_1,train
Images/Training/apple_golden_1/r1_64.jpg,apple_golden_1,train
Images/Training/apple_golden_1/r1_66.jpg,apple_golden_1,train
Images/Training/apple_golden_1/r1_68.jpg,apple_golden_1,train
Images/Training/apple_golden_1/r1_70.jpg,apple_golden_1,train
Images/Training/apple_golden_1/r1_72.jpg,apple_golden_1,train
Images/Training/apple_golden_1/r1_74.jpg,apple_golden_1,train
Images/Training/apple_golden_1/r1_76.jpg,apple_golden_1,train
Images/Training/apple_golden_1/r1_78.jpg,apple_golden_1,train
Images/Training/apple_golden_1/r1_8.jpg,apple_golden_1,train
Images/Training/apple_golden_1/r1_80.jpg,apple_golden_1,train
Images/Training/apple_golden_1/r1_82.jpg,apple_golden_1,train
Images/Training/apple_golden_1/r1_84.jpg,apple_golden_1,train
Images/Training/apple_golden_1/r1_86.jpg,apple_golden_1,train
Images/Training/apple_golden_1/r1_88.jpg,apple_golden_1,train
Images/Training/apple_golden_1/r1_90.jpg,apple_golden_1,train
Images/Training/apple_golden_1/r1_92.jpg,apple_golden_1,train
Images/Training/apple_golden_1/r1_94.jpg,apple_golden_1,train
Images/Training/apple_golden_1/r1_96.jpg,apple_golden_1,train
Images/Training/apple_golden_1/r1_98.jpg,apple_golden_1,train
Images/Training/apple_golden_2/r0_0.jpg,apple_golden_2,train
Images/Training/apple_golden_2/r0_10.jpg,apple_golden_2,train
Images/Training/apple_golden_2/r0_100.jpg,apple_golden_2,train
Images/Training/apple_golden_2/r0_102.jpg,apple_golden_2,train
Images/Training/apple_golden_2/r0_104.jpg,apple_golden_2,train
Images/Training/apple_golden_2/r0_106.jpg,apple_golden_2,train
Images/Training/apple_golden_2/r0_108.jpg,apple_golden_2,train
Images/Training/apple_golden_2/r0_110.jpg,apple_golden_2,train
Images/Training/apple_golden_2/r0_112.jpg,apple_golden_2,train
Images/Training/apple_golden_2/r0_114.jpg,apple_golden_2,train
Images/Training/apple_golden_2/r0_116.jpg,apple_golden_2,train
Images/Training/apple_golden_2/r0_118.jpg,apple_golden_2,train
Images/Training/apple_golden_2/r0_12.jpg,apple_golden_2,train
Images/Training/apple_golden_2/r0_120.jpg,apple_golden_2,train
Images/Training/apple_golden_2/r0_122.jpg,apple_golden_2,train
Images/Training/apple_golden_2/r0_124.jpg,apple_golden_2,train
Images/Training/apple_golden_2/r0_126.jpg,apple_golden_2,train
Images/Training/apple_golden_2/r0_128.jpg,apple_golden_2,train
Images/Training/apple_golden_2/r0_130.jpg,apple_golden_2,train
Images/Training/apple_golden_2/r0_132.jpg,apple_golden_2,train
Images/Training/apple_golden_2/r0_134.jpg,apple_golden_2,train
Images/Training/apple_golden_2/r0_136.jpg,apple_golden_2,train
Images/Training/apple_golden_2/r0_138.jpg,apple_golden_2,train
Images/Training/apple_golden_2/r0_14.jpg,apple_golden_2,train
Images/Training/apple_golden_2/r0_140.jpg,apple_golden_2,train
Images/Training/apple_golden_2/r0_142.jpg,apple_golden_2,train
Images/Training/apple_golden_2/r0_144.jpg,apple_golden_2,train
Images/Training/apple_golden_2/r0_146.jpg,apple_golden_2,train
Images/Training/apple_golden_2/r0_148.jpg,apple_golden_2,train
Images/Training/apple_golden_2/r0_150.jpg,apple_golden_2,train
Images/Training/apple_golden_2/r0_152.jpg,apple_golden_2,train
Images/Training/apple_golden_2/r0_154.jpg,apple_golden_2,train
Images/Training/apple_golden_2/r0_156.jpg,apple_golden_2,train
Images/Training/apple_golden_2/r0_158.jpg,apple_golden_2,train
Images/Training/apple_golden_2/r0_16.jpg,apple_golden_2,train
Images/Training/apple_golden_2/r0_160.jpg,apple_golden_2,train
Images/Training/apple_golden_2/r0_162.jpg,apple_golden_2,train
Images/Training/apple_golden_2/r0_164.jpg,apple_golden_2,train
Images/Training/apple_golden_2/r0_166.jpg,apple_golden_2,train
Images/Training/apple_golden_2/r0_168.jpg,apple_golden_2,train
Images/Training/apple_golden_2/r0_170.jpg,apple_golden_2,train
Images/Training/apple_golden_2/r0_172.jpg,apple_golden_2,train
Images/Training/apple_golden_2/r0_174.jpg,apple_golden_2,train
Images/Training/apple_golden_2/r0_176.jpg,apple_golden_2,train
Images/Training/apple_golden_2/r0_178.jpg,apple_golden_2,train
Images/Training/apple_golden_2/r0_18.jpg,apple_golden_2,train
Images/Training/apple_golden_2/r0_180.jpg,apple_golden_2,train
Images/Training/apple_golden_2/r0_182.jpg,apple_golden_2,train
Images/Training/apple_golden_2/r0_184.jpg,apple_golden_2,train
Images/Training/apple_golden_2/r0_186.jpg,apple_golden_2,train
Images/Training/apple_golden_2/r0_188.jpg,apple_golden_2,train
Images/Training/apple_golden_2/r0_190.jpg,apple_golden_2,train
Images/Training/apple_golden_2/r0_192.jpg,apple_golden_2,train
Images/Training/apple_golden_2/r0_194.jpg,apple_golden_2,train
Images/Training/apple_golden_2/r0_196.jpg,apple_golden_2,train
Images/Training/apple_golden_2/r0_198.jpg,apple_golden_2,train
Images/Training/apple_golden_2/r0_2.jpg,apple_golden_2,train
Images/Training/apple_golden_2/r0_20.jpg,apple_golden_2,train
Images/Training/apple_golden_2/r0_200.jpg,apple_golden_2,train
Images/Training/apple_golden_2/r0_202.jpg,apple_golden_2,train
Images/Training/apple_golden_2/r0_204.jpg,apple_golden_2,train
Images/Training/apple_golden_2/r0_206.jpg,apple_golden_2,train
Images/Training/apple_golden_2/r0_208.jpg,apple_golden_2,train
Images/Training/apple_golden_2/r0_210.jpg,apple_golden_2,train
Images/Training/apple_golden_2/r0_212.jpg,apple_golden_2,train
Images/Training/apple_golden_2/r0_214.jpg,apple_golden_2,train
Images/Training/apple_golden_2/r0_216.jpg,apple_golden_2,val
Images/Training/apple_golden_2/r0_218.jpg,apple_golden_2,val
Images/Training/apple_golden_2/r0_22.jpg,apple_golden_2,train
Images/Training/apple_golden_2/r0_220.jpg,apple_golden_2,val
Images/Training/apple_golden_2/r0_222.jpg,apple_golden_2,val
Images/Training/apple_golden_2/r0_224.jpg,apple_golden_2,val
Images/Training/apple_golden_2/r0_226.jpg,apple_golden_2,val
Images/Training/apple_golden_2/r0_228.jpg,apple_golden_2,val
Images/Training/apple_golden_2/r0_230.jpg,apple_golden_2,val
Images/Training/apple_golden_2/r0_232.jpg,apple_golden_2,val
Images/Training/apple_golden_2/r0_234.jpg,apple_golden_2,val
Images/Training/apple_golden_2/r0_236.jpg,apple_golden_2,val
Images/Training/apple_golden_2/r0_238.jpg,apple_golden_2,val
Images/Training/apple_golden_2/r0_24.jpg,apple_golden_2,train
Images/Training/apple_golden_2/r0_240.jpg,apple_golden_2,val
Images/Training/apple_golden_2/r0_242.jpg,apple_golden_2,val
Images/Training/apple_golden_2/r0_244.jpg,apple_golden_2,val
Images/Training/apple_golden_2/r0_246.jpg,apple_golden_2,val
Images/Training/apple_golden_2/r0_248.jpg,apple_golden_2,val
Images/Training/apple_golden_2/r0_250.jpg,apple_golden_2,val
Images/Training/apple_golden_2/r0_252.jpg,apple_golden_2,val
Images/Training/apple_golden_2/r0_254.jpg,apple_golden_2,val
Images/Training/apple_golden_2/r0_256.jpg,apple_golden_2,val
Images/Training/apple_golden_2/r0_258.jpg,apple_golden_2,val
Images/Training/apple_golden_2/r0_26.jpg,apple_golden_2,train
Images/Training/apple_golden_2/r0_260.jpg,apple_golden_2,val
Images/Training/apple_golden_2/r0_262.jpg,apple_golden_2,test
Images/Training/apple_golden_2/r0_264.jpg,apple_golden_2,test
Images/Training/apple_golden_2/r0_266.jpg,apple_golden_2,test
Images/Training/apple_golden_2/r0_268.jpg,apple_golden_2,test
Images/Training/apple_golden_2/r0_270.jpg,apple_golden_2,test
Images/Training/apple_golden_2/r0_272.jpg,apple_golden_2,test
Images/Training/apple_golden_2/r0_274.jpg,apple_golden_2,test
Images/Training/apple_golden_2/r0_276.jpg,apple_golden_2,test
Images/Training/apple_golden_2/r0_278.jpg,apple_golden_2,test
Images/Training/apple_golden_2/r0_28.jpg,apple_golden_2,train
Images/Training/apple_golden_2/r0_280.jpg,apple_golden_2,test
Images/Training/apple_golden_2/r0_282.jpg,apple_golden_2,test
Images/Training/apple_golden_2/r0_284.jpg,apple_golden_2,test
Images/Training/apple_golden_2/r0_286.jpg,apple_golden_2,test
Images/Training/apple_golden_2/r0_288.jpg,apple_golden_2,test
Images/Training/apple_golden_2/r0_290.jpg,apple_golden_2,test
Images/Training/apple_golden_2/r0_292.jpg,apple_golden_2,test
Images/Training/apple_golden_2/r0_294.jpg,apple_golden_2,test
Images/Training/apple_golden_2/r0_296.jpg,apple_golden_2,test
Images/Training/apple_golden_2/r0_298.jpg,apple_golden_2,test
Images/Training/apple_golden_2/r0_30.jpg,apple_golden_2,train
Images/Training/apple_golden_2/r0_300.jpg,apple_golden_2,test
Images/Training/apple_golden_2/r0_302.jpg,apple_golden_2,test
Images/Training/apple_golden_2/r0_304.jpg,apple_golden_2,test
Images/Training/apple_golden_2/r0_306.jpg,apple_golden_2,test
Images/Training/apple_golden_2/r0_32.jpg,apple_golden_2,train
Images/Training/apple_golden_2/r0_34.jpg,apple_golden_2,train
Images/Training/apple_golden_2/r0_36.jpg,apple_golden_2,train
Images/Training/apple_golden_2/r0_38.jpg,apple_golden_2,train
Images/Training/apple_golden_2/r0_4.jpg,apple_golden_2,train
Images/Training/apple_golden_2/r0_40.jpg,apple_golden_2,train
Images/Training/apple_golden_2/r0_42.jpg,apple_golden_2,train
Images/Training/apple_golden_2/r0_44.jpg,apple_golden_2,train
Images/Training/apple_golden_2/r0_46.jpg,apple_golden_2,train
Images/Training/apple_golden_2/r0_48.jpg,apple_golden_2,train
Images/Training/apple_golden_2/r0_50.jpg,apple_golden_2,train
Images/Training/apple_golden_2/r0_52.jpg,apple_golden_2,train
Images/Training/apple_golden_2/r0_54.jpg,apple_golden_2,train
Images/Training/apple_golden_2/r0_56.jpg,apple_golden_2,train
Images/Training/apple_golden_2/r0_58.jpg,apple_golden_2,train
Images/Training/apple_golden_2/r0_6.jpg,apple_golden_2,train
Images/Training/apple_golden_2/r0_60.jpg,apple_golden_2,train
Images/Training/apple_golden_2/r0_62.jpg,apple_golden_2,train
Images/Training/apple_golden_2/r0_64.jpg,apple_golden_2,train
Images/Training/apple_golden_2/r0_66.jpg,apple_golden_2,train
Images/Training/apple_golden_2/r0_68.jpg,apple_golden_2,train
Images/Training/apple_golden_2/r0_70.jpg,apple_golden_2,train
Images/Training/apple_golden_2/r0_72.jpg,apple_golden_2,train
Images/Training/apple_golden_2/r0_74.jpg,apple_golden_2,train
Images/Training/apple_golden_2/r0_76.jpg,apple_golden_2,train
Images/Training/apple_golden_2/r0_78.jpg,apple_golden_2,train
Images/Training/apple_golden_2/r0_8.jpg,apple_golden_2,train
Images/Training/apple_golden_2/r0_80.jpg,apple_golden_2,train
Images/Training/apple_golden_2/r0_82.jpg,apple_golden_2,train
Images/Training/apple_golden_2/r0_84.jpg,apple_golden_2,train
Images/Training/apple_golden_2/r0_86.jpg,apple_golden_2,train
Images/Training/apple_golden_2/r0_88.jpg,apple_golden_2,train
Images/Training/apple_golden_2/r0_90.jpg,apple_golden_2,train
Images/Training/apple_golden_2/r0_92.jpg,apple_golden_2,train
Images/Training/apple_golden_2/r0_94.jpg,apple_golden_2,train
Images/Training/apple_golden_2/r0_96.jpg,apple_golden_2,train
Images/Training/apple_golden_2/r0_98.jpg,apple_golden_2,train
Images/Training/apple_golden_2/r1_0.jpg,apple_golden_2,train
Images/Training/apple_golden_2/r1_10.jpg,apple_golden_2,train
Images/Training/apple_golden_2/r1_100.jpg,apple_golden_2,train
Images/Training/apple_golden_2/r1_102.jpg,apple_golden_2,train
Images/Training/apple_golden_2/r1_104.jpg,apple_golden_2,train
Images/Training/apple_golden_2/r1_106.jpg,apple_golden_2,train
Images/Training/apple_golden_2/r1_108.jpg,apple_golden_2,train
Images/Training/apple_golden_2/r1_110.jpg,apple_golden_2,train
Images/Training/apple_golden_2/r1_112.jpg,apple_golden_2,train
Images/Training/apple_golden_2/r1_114.jpg,apple_golden_2,train
Images/Training/apple_golden_2/r1_116.jpg,apple_golden_2,train
Images/Training/apple_golden_2/r1_118.jpg,apple_golden_2,train
Images/Training/apple_golden_2/r1_12.jpg,apple_golden_2,train
Images/Training/apple_golden_2/r1_120.jpg,apple_golden_2,train
Images/Training/apple_golden_2/r1_122.jpg,apple_golden_2,train
Images/Training/apple_golden_2/r1_124.jpg,apple_golden_2,train
Images/Training/apple_golden_2/r1_126.jpg,apple_golden_2,train
Images/Training/apple_golden_2/r1_128.jpg,apple_golden_2,train
Images/Training/apple_golden_2/r1_130.jpg,apple_golden_2,train
Images/Training/apple_golden_2/r1_132.jpg,apple_golden_2,train
Images/Training/apple_golden_2/r1_134.jpg,apple_golden_2,train
Images/Training/apple_golden_2/r1_136.jpg,apple_golden_2,train
Images/Training/apple_golden_2/r1_138.jpg,apple_golden_2,train
Images/Training/apple_golden_2/r1_14.jpg,apple_golden_2,train
Images/Training/apple_golden_2/r1_140.jpg,apple_golden_2,train
Images/Training/apple_golden_2/r1_142.jpg,apple_golden_2,train
Images/Training/apple_golden_2/r1_144.jpg,apple_golden_2,train
Images/Training/apple_golden_2/r1_146.jpg,apple_golden_2,train
Images/Training/apple_golden_2/r1_148.jpg,apple_golden_2,train
Images/Training/apple_golden_2/r1_150.jpg,apple_golden_2,train
Images/Training/apple_golden_2/r1_152.jpg,apple_golden_2,train
Images/Training/apple_golden_2/r1_154.jpg,apple_golden_2,train
Images/Training/apple_golden_2/r1_156.jpg,apple_golden_2,train
Images/Training/apple_golden_2/r1_158.jpg,apple_golden_2,train
Images/Training/apple_golden_2/r1_16.jpg,apple_golden_2,train
Images/Training/apple_golden_2/r1_160.jpg,apple_golden_2,train
Images/Training/apple_golden_2/r1_162.jpg,apple_golden_2,train
Images/Training/apple_golden_2/r1_164.jpg,apple_golden_2,train
Images/Training/apple_golden_2/r1_166.jpg,apple_golden_2,train
Images/Training/apple_golden_2/r1_168.jpg,apple_golden_2,train
Images/Training/apple_golden_2/r1_170.jpg,apple_golden_2,train
Images/Training/apple_golden_2/r1_172.jpg,apple_golden_2,train
Images/Training/apple_golden_2/r1_174.jpg,apple_golden_2,train
Images/Training/apple_golden_2/r1_176.jpg,apple_golden_2,train
Images/Training/apple_golden_2/r1_178.jpg,apple_golden_2,train
Images/Training/apple_golden_2/r1_18.jpg,apple_golden_2,train
Images/Training/apple_golden_2/r1_180.jpg,apple_golden_2,train
Images/Training/apple_golden_2/r1_182.jpg,apple_golden_2,train
Images/Training/apple_golden_2/r1_184.jpg,apple_golden_2,train
Images/Training/apple_golden_2/r1_186.jpg,apple_golden_2,train
Images/Training/apple_golden_2/r1_188.jpg,apple_golden_2,train
Images/Training/apple_golden_2/r1_190.jpg,apple_golden_2,train
Images/Training/apple_golden_2/r1_192.jpg,apple_golden_2,train
Images/Training/apple_golden_2/r1_194.jpg,apple_golden_2,train
Images/Training/apple_golden_2/r1_196.jpg,apple_golden_2,train
Images/Training/apple_golden_2/r1_198.jpg,apple_golden_2,train
Images/Training/apple_golden_2/r1_2.jpg,apple_golden_2,train
Images/Training/apple_golden_2/r1_20.jpg,apple_golden_2,train
Images/Training/apple_golden_2/r1_200.jpg,apple_golden_2,train
Images/Training/apple_golden_2/r1_202.jpg,apple_golden_2,train
Images/Training/apple_golden_2/r1_204.jpg,apple_golden_2,train
Images/Training/apple_golden_2/r1_206.jpg,apple_golden_2,train
Images/Training/apple_golden_2/r1_208.jpg,apple_golden_2,train
Images/Training/apple_golden_2/r1_210.jpg,apple_golden_2,train
Images/Training/apple_golden_2/r1_212.jpg,apple_golden_2,train
Images/Training/apple_golden_2/r1_214.jpg,apple_golden_2,train
Images/Training/apple_golden_2/r1_216.jpg,apple_golden_2,val
Images/Training/apple_golden_2/r1_218.jpg,apple_golden_2,val
Images/Training/apple_golden_2/r1_22.jpg,apple_golden_2,train
Images/Training/apple_golden_2/r1_220.jpg,apple_golden_2,val
Images/Training/apple_golden_2/r1_222.jpg,apple_golden_2,val
Images/Training/apple_golden_2/r1_224.jpg,apple_golden_2,val
Images/Training/apple_golden_2/r1_226.jpg,apple_golden_2,val
Images/Training/apple_golden_2/r1_228.jpg,apple_golden_2,val
Images/Training/apple_golden_2/r1_230.jpg,apple_golden_2,val
Images/Training/apple_golden_2/r1_232.jpg,apple_golden_2,val
Images/Training/apple_golden_2/r1_234.jpg,apple_golden_2,val
Images/Training/apple_golden_2/r1_236.jpg,apple_golden_2,val
Images/Training/apple_golden_2/r1_238.jpg,apple_golden_2,val
Images/Training/apple_golden_2/r1_24.jpg,apple_golden_2,train
Images/Training/apple_golden_2/r1_240.jpg,apple_golden_2,val
Images/Training/apple_golden_2/r1_242.jpg,apple_golden_2,val
Images/Training/apple_golden_2/r1_244.jpg,apple_golden_2,val
Images/Training/apple_golden_2/r1_246.jpg,apple_golden_2,val
Images/Training/apple_golden_2/r1_248.jpg,apple_golden_2,val
Images/Training/apple_golden_2/r1_250.jpg,apple_golden_2,val
Images/Training/apple_golden_2/r1_252.jpg,apple_golden_2,val
Images/Training/apple_golden_2/r1_254.jpg,apple_golden_2,val
Images/Training/apple_golden_2/r1_256.jpg,apple_golden_2,val
Images/Training/apple_golden_2/r1_258.jpg,apple_golden_2,val
Images/Training/apple_golden_2/r1_26.jpg,apple_golden_2,train
Images/Training/apple_golden_2/r1_260.jpg,apple_golden_2,val
Images/Training/apple_golden_2/r1_262.jpg,apple_golden_2,test
Images/Training/apple_golden_2/r1_264.jpg,apple_golden_2,test
Images/Training/apple_golden_2/r1_266.jpg,apple_golden_2,test
Images/Training/apple_golden_2/r1_268.jpg,apple_golden_2,test
Images/Training/apple_golden_2/r1_270.jpg,apple_golden_2,test
Images/Training/apple_golden_2/r1_272.jpg,apple_golden_2,test
Images/Training/apple_golden_2/r1_274.jpg,apple_golden_2,test
Images/Training/apple_golden_2/r1_276.jpg,apple_golden_2,test
Images/Training/apple_golden_2/r1_278.jpg,apple_golden_2,test
Images/Training/apple_golden_2/r1_28.jpg,apple_golden_2,train
Images/Training/apple_golden_2/r1_280.jpg,apple_golden_2,test
Images/Training/apple_golden_2/r1_282.jpg,apple_golden_2,test
Images/Training/apple_golden_2/r1_284.jpg,apple_golden_2,test
Images/Training/apple_golden_2/r1_286.jpg,apple_golden_2,test
Images/Training/apple_golden_2/r1_288.jpg,apple_golden_2,test
Images/Training/apple_golden_2/r1_290.jpg,apple_golden_2,test
Images/Training/apple_golden_2/r1_292.jpg,apple_golden_2,test
Images/Training/apple_golden_2/r1_294.jpg,apple_golden_2,test
Images/Training/apple_golden_2/r1_296.jpg,apple_golden_2,test
Images/Training/apple_golden_2/r1_298.jpg,apple_golden_2,test
Images/Training/apple_golden_2/r1_30.jpg,apple_golden_2,train
Images/Training/apple_golden_2/r1_300.jpg,apple_golden_2,test
Images/Training/apple_golden_2/r1_302.jpg,apple_golden_2,test
Images/Training/apple_golden_2/r1_304.jpg,apple_golden_2,test
Images/Training/apple_golden_2/r1_306.jpg,apple_golden_2,test
Images/Training/apple_golden_2/r1_32.jpg,apple_golden_2,train
Images/Training/apple_golden_2/r1_34.jpg,apple_golden_2,train
Images/Training/apple_golden_2/r1_36.jpg,apple_golden_2,train
Images/Training/apple_golden_2/r1_38.jpg,apple_golden_2,train
Images/Training/apple_golden_2/r1_4.jpg,apple_golden_2,train
Images/Training/apple_golden_2/r1_40.jpg,apple_golden_2,train
Images/Training/apple_golden_2/r1_42.jpg,apple_golden_2,train
Images/Training/apple_golden_2/r1_44.jpg,apple_golden_2,train
Images/Training/apple_golden_2/r1_46.jpg,apple_golden_2,train
Images/Training/apple_golden_2/r1_48.jpg,apple_golden_2,train
Images/Training/apple_golden_2/r1_50.jpg,apple_golden_2,train
Images/Training/apple_golden_2/r1_52.jpg,apple_golden_2,train
Images/Training/apple_golden_2/r1_54.jpg,apple_golden_2,train
Images/Training/apple_golden_2/r1_56.jpg,apple_golden_2,train
Images/Training/apple_golden_2/r1_58.jpg,apple_golden_2,train
Images/Training/apple_golden_2/r1_6.jpg,apple_golden_2,train
Images/Training/apple_golden_2/r1_60.jpg,apple_golden_2,train
Images/Training/apple_golden_2/r1_62.jpg,apple_golden_2,train
Images/Training/apple_golden_2/r1_64.jpg,apple_golden_2,train
Images/Training/apple_golden_2/r1_66.jpg,apple_golden_2,train
Images/Training/apple_golden_2/r1_68.jpg,apple_golden_2,train
Images/Training/apple_golden_2/r1_70.jpg,apple_golden_2,train
Images/Training/apple_golden_2/r1_72.jpg,apple_golden_2,train
Images/Training/apple_golden_2/r1_74.jpg,apple_golden_2,train
Images/Training/apple_golden_2/r1_76.jpg,apple_golden_2,train
Images/Training/apple_golden_2/r1_78.jpg,apple_golden_2,train
Images/Training/apple_golden_2/r1_8.jpg,apple_golden_2,train
Images/Training/apple_golden_2/r1_80.jpg,apple_golden_2,train
Images/Training/apple_golden_2/r1_82.jpg,apple_golden_2,train
Images/Training/apple_golden_2/r1_84.jpg,apple_golden_2,train
Images/Training/apple_golden_2/r1_86.jpg,apple_golden_2,train
Images/Training/apple_golden_2/r1_88.jpg,apple_golden_2,train
Images/Training/apple_golden_2/r1_90.jpg,apple_golden_2,train
Images/Training/apple_golden_2/r1_92.jpg,apple_golden_2,train
Images/Training/apple_golden_2/r1_94.jpg,apple_golden_2,train
Images/Training/apple_golden_2/r1_96.jpg,apple_golden_2,train
Images/Training/apple_golden_2/r1_98.jpg,apple_golden_2,train
Images/Training/apple_golden_3/r0_0.jpg,apple_golden_3,train
Images/Training/apple_golden_3/r0_10.jpg,apple_golden_3,train
Images/Training/apple_golden_3/r0_100.jpg,apple_golden_3,train
Images/Training/apple_golden_3/r0_102.jpg,apple_golden_3,train
Images/Training/apple_golden_3/r0_104.jpg,apple_golden_3,train
Images/Training/apple_golden_3/r0_106.jpg,apple_golden_3,train
Images/Training/apple_golden_3/r0_108.jpg,apple_golden_3,train
Images/Training/apple_golden_3/r0_110.jpg,apple_golden_3,train
Images/Training/apple_golden_3/r0_112.jpg,apple_golden_3,train
Images/Training/apple_golden_3/r0_114.jpg,apple_golden_3,train
Images/Training/apple_golden_3/r0_116.jpg,apple_golden_3,train
Images/Training/apple_golden_3/r0_118.jpg,apple_golden_3,train
Images/Training/apple_golden_3/r0_12.jpg,apple_golden_3,train
Images/Training/apple_golden_3/r0_120.jpg,apple_golden_3,train
Images/Training/apple_golden_3/r0_122.jpg,apple_golden_3,train
Images/Training/apple_golden_3/r0_124.jpg,apple_golden_3,train
Images/Training/apple_golden_3/r0_126.jpg,apple_golden_3,train
Images/Training/apple_golden_3/r0_128.jpg,apple_golden_3,train
Images/Training/apple_golden_3/r0_130.jpg,apple_golden_3,train
Images/Training/apple_golden_3/r0_132.jpg,apple_golden_3,train
Images/Training/apple_golden_3/r0_134.jpg,apple_golden_3,train
Images/Training/apple_golden_3/r0_136.jpg,apple_golden_3,train
Images/Training/apple_golden_3/r0_138.jpg,apple_golden_3,train
Images/Training/apple_golden_3/r0_14.jpg,apple_golden_3,train
Images/Training/apple_golden_3/r0_140.jpg,apple_golden_3,train
Images/Training/apple_golden_3/r0_142.jpg,apple_golden_3,train
Images/Training/apple_golden_3/r0_144.jpg,apple_golden_3,train
Images/Training/apple_golden_3/r0_146.jpg,apple_golden_3,train
Images/Training/apple_golden_3/r0_148.jpg,apple_golden_3,train
Images/Training/apple_golden_3/r0_150.jpg,apple_golden_3,train
Images/Training/apple_golden_3/r0_152.jpg,apple_golden_3,train
Images/Training/apple_golden_3/r0_154.jpg,apple_golden_3,train
Images/Training/apple_golden_3/r0_156.jpg,apple_golden_3,train
Images/Training/apple_golden_3/r0_158.jpg,apple_golden_3,train
Images/Training/apple_golden_3/r0_16.jpg,apple_golden_3,train
Images/Training/apple_golden_3/r0_160.jpg,apple_golden_3,train
Images/Training/apple_golden_3/r0_162.jpg,apple_golden_3,train
Images/Training/apple_golden_3/r0_164.jpg,apple_golden_3,train
Images/Training/apple_golden_3/r0_166.jpg,apple_golden_3,train
Images/Training/apple_golden_3/r0_168.jpg,apple_golden_3,train
Images/Training/apple_golden_3/r0_170.jpg,apple_golden_3,train
Images/Training/apple_golden_3/r0_172.jpg,apple_golden_3,train
Images/Training/apple_golden_3/r0_174.jpg,apple_golden_3,train
Images/Training/apple_golden_3/r0_176.jpg,apple_golden_3,train
Images/Training/apple_golden_3/r0_178.jpg,apple_golden_3,train
Images/Training/apple_golden_3/r0_18.jpg,apple_golden_3,train
Images/Training/apple_golden_3/r0_180.jpg,apple_golden_3,train
Images/Training/apple_golden_3/r0_182.jpg,apple_golden_3,train
Images/Training/apple_golden_3/r0_184.jpg,apple_golden_3,train
Images/Training/apple_golden_3/r0_186.jpg,apple_golden_3,train
Images/Training/apple_golden_3/r0_188.jpg,apple_golden_3,train
Images/Training/apple_golden_3/r0_190.jpg,apple_golden_3,train
Images/Training/apple_golden_3/r0_192.jpg,apple_golden_3,train
Images/Training/apple_golden_3/r0_194.jpg,apple_golden_3,train
Images/Training/apple_golden_3/r0_196.jpg,apple_golden_3,train
Images/Training/apple_golden_3/r0_198.jpg,apple_golden_3,train
Images/Training/apple_golden_3/r0_2.jpg,apple_golden_3,train
Images/Training/apple_golden_3/r0_20.jpg,apple_golden_3,train
Images/Training/apple_golden_3/r0_200.jpg,apple_golden_3,train
Images/Training/apple_golden_3/r0_202.jpg,apple_golden_3,train
Images/Training/apple_golden_3/r0_204.jpg,apple_golden_3,train
Images/Training/apple_golden_3/r0_206.jpg,apple_golden_3,train
Images/Training/apple_golden_3/r0_208.jpg,apple_golden_3,train
Images/Training/apple_golden_3/r0_210.jpg,apple_golden_3,train
Images/Training/apple_golden_3/r0_212.jpg,apple_golden_3,train
Images/Training/apple_golden_3/r0_214.jpg,apple_golden_3,train
Images/Training/apple_golden_3/r0_216.jpg,apple_golden_3,train
Images/Training/apple_golden_3/r0_218.jpg,apple_golden_3,val
Images/Training/apple_golden_3/r0_22.jpg,apple_golden_3,train
Images/Training/apple_golden_3/r0_220.jpg,apple_golden_3,val
Images/Training/apple_golden_3/r0_222.jpg,apple_golden_3,val
Images/Training/apple_golden_3/r0_224.jpg,apple_golden_3,val
Images/Training/apple_golden_3/r0_226.jpg,apple_golden_3,val
Images/Training/apple_golden_3/r0_228.jpg,apple_golden_3,val
Images/Training/apple_golden_3/r0_230.jpg,apple_golden_3,val
Images/Training/apple_golden_3/r0_232.jpg,apple_golden_3,val
Images/Training/apple_golden_3/r0_234.jpg,apple_golden_3,val
Images/Training/apple_golden_3/r0_236.jpg,apple_golden_3,val
Images/Training/apple_golden_3/r0_238.jpg,apple_golden_3,val
Images/Training/apple_golden_3/r0_24.jpg,apple_golden_3,train
Images/Training/apple_golden_3/r0_240.jpg,apple_golden_3,val
Images/Training/apple_golden_3/r0_242.jpg,apple_golden_3,val
Images/Training/apple_golden_3/r0_244.jpg,apple_golden_3,val
Images/Training/apple_golden_3/r0_246.jpg,apple_golden_3,val
Images/Training/apple_golden_3/r0_248.jpg,apple_golden_3,val
Images/Training/apple_golden_3/r0_250.jpg,apple_golden_3,val
Images/Training/apple_golden_3/r0_252.jpg,apple_golden_3,val
Images/Training/apple_golden_3/r0_254.jpg,apple_golden_3,val
Images/Training/apple_golden_3/r0_256.jpg,apple_golden_3,val
Images/Training/apple_golden_3/r0_258.jpg,apple_golden_3,val
Images/Training/apple_golden_3/r0_26.jpg,apple_golden_3,train
Images/Training/apple_golden_3/r0_260.jpg,apple_golden_3,val
Images/Training/apple_golden_3/r0_262.jpg,apple_golden_3,val
Images/Training/apple_golden_3/r0_264.jpg,apple_golden_3,val
Images/Training/apple_golden_3/r0_266.jpg,apple_golden_3,test
Images/Training/apple_golden_3/r0_268.jpg,apple_golden_3,test
Images/Training/apple_golden_3/r0_270.jpg,apple_golden_3,test
Images/Training/apple_golden_3/r0_272.jpg,apple_golden_3,test
Images/Training/apple_golden_3/r0_274.jpg,apple_golden_3,test
Images/Training/apple_golden_3/r0_276.jpg,apple_golden_3,test
Images/Training/apple_golden_3/r0_278.jpg,apple_golden_3,test
Images/Training/apple_golden_3/r0_28.jpg,apple_golden_3,train
Images/Training/apple_golden_3/r0_280.jpg,apple_golden_3,test
Images/Training/apple_golden_3/r0_282.jpg,apple_golden_3,test
Images/Training/apple_golden_3/r0_284.jpg,apple_golden_3,test
Images/Training/apple_golden_3/r0_286.jpg,apple_golden_3,test
Images/Training/apple_golden_3/r0_288.jpg,apple_golden_3,test
Images/Training/apple_golden_3/r0_290.jpg,apple_golden_3,test
Images/Training/apple_golden_3/r0_292.jpg,apple_golden_3,test
Images/Training/apple_golden_3/r0_294.jpg,apple_golden_3,test
Images/Training/apple_golden_3/r0_296.jpg,apple_golden_3,test
Images/Training/apple_golden_3/r0_298.jpg,apple_golden_3,test
Images/Training/apple_golden_3/r0_30.jpg,apple_golden_3,train
Images/Training/apple_golden_3/r0_300.jpg,apple_golden_3,test
Images/Training/apple_golden_3/r0_302.jpg,apple_golden_3,test
Images/Training/apple_golden_3/r0_304.jpg,apple_golden_3,test
Images/Training/apple_golden_3/r0_306.jpg,apple_golden_3,test
Images/Training/apple_golden_3/r0_308.jpg,apple_golden_3,test
Images/Training/apple_golden_3/r0_310.jpg,apple_golden_3,test
Images/Training/apple_golden_3/r0_32.jpg,apple_golden_3,train
Images/Training/apple_golden_3/r0_34.jpg,apple_golden_3,train
Images/Training/apple_golden_3/r0_36.jpg,apple_golden_3,train
Images/Training/apple_golden_3/r0_38.jpg,apple_golden_3,train
Images/Training/apple_golden_3/r0_4.jpg,apple_golden_3,train
Images/Training/apple_golden_3/r0_40.jpg,apple_golden_3,train
Images/Training/apple_golden_3/r0_42.jpg,apple_golden_3,train
Images/Training/apple_golden_3/r0_44.jpg,apple_golden_3,train
Images/Training/apple_golden_3/r0_46.jpg,apple_golden_3,train
Images/Training/apple_golden_3/r0_48.jpg,apple_golden_3,train
Images/Training/apple_golden_3/r0_50.jpg,apple_golden_3,train
Images/Training/apple_golden_3/r0_52.jpg,apple_golden_3,train
Images/Training/apple_golden_3/r0_54.jpg,apple_golden_3,train
Images/Training/apple_golden_3/r0_56.jpg,apple_golden_3,train
Images/Training/apple_golden_3/r0_58.jpg,apple_golden_3,train
Images/Training/apple_golden_3/r0_6.jpg,apple_golden_3,train
Images/Training/apple_golden_3/r0_60.jpg,apple_golden_3,train
Images/Training/apple_golden_3/r0_62.jpg,apple_golden_3,train
Images/Training/apple_golden_3/r0_64.jpg,apple_golden_3,train
Images/Training/apple_golden_3/r0_66.jpg,apple_golden_3,train
Images/Training/apple_golden_3/r0_68.jpg,apple_golden_3,train
Images/Training/apple_golden_3/r0_70.jpg,apple_golden_3,train
Images/Training/apple_golden_3/r0_72.jpg,apple_golden_3,train
Images/Training/apple_golden_3/r0_74.jpg,apple_golden_3,train
Images/Training/apple_golden_3/r0_76.jpg,apple_golden_3,train
Images/Training/apple_golden_3/r0_78.jpg,apple_golden_3,train
Images/Training/apple_golden_3/r0_8.jpg,apple_golden_3,train
Images/Training/apple_golden_3/r0_80.jpg,apple_golden_3,train
Images/Training/apple_golden_3/r0_82.jpg,apple_golden_3,train
Images/Training/apple_golden_3/r0_84.jpg,apple_golden_3,train
Images/Training/apple_golden_3/r0_86.jpg,apple_golden_3,train
Images/Training/apple_golden_3/r0_88.jpg,apple_golden_3,train
Images/Training/apple_golden_3/r0_90.jpg,apple_golden_3,train
Images/Training/apple_golden_3/r0_92.jpg,apple_golden_3,train
Images/Training/apple_golden_3/r0_94.jpg,apple_golden_3,train
Images/Training/apple_golden_3/r0_96.jpg,apple_golden_3,train
Images/Training/apple_golden_3/r0_98.jpg,apple_golden_3,train
Images/Training/apple_golden_3/r1_0.jpg,apple_golden_3,train
Images/Training/apple_golden_3/r1_10.jpg,apple_golden_3,train
Images/Training/apple_golden_3/r1_100.jpg,apple_golden_3,train
Images/Training/apple_golden_3/r1_102.jpg,apple_golden_3,train
Images/Training/apple_golden_3/r1_104.jpg,apple_golden_3,train
Images/Training/apple_golden_3/r1_106.jpg,apple_golden_3,train
Images/Training/apple_golden_3/r1_108.jpg,apple_golden_3,train
Images/Training/apple_golden_3/r1_110.jpg,apple_golden_3,train
Images/Training/apple_golden_3/r1_112.jpg,apple_golden_3,train
Images/Training/apple_golden_3/r1_114.jpg,apple_golden_3,train
Images/Training/apple_golden_3/r1_116.jpg,apple_golden_3,train
Images/Training/apple_golden_3/r1_118.jpg,apple_golden_3,train
Images/Training/apple_golden_3/r1_12.jpg,apple_golden_3,train
Images/Training/apple_golden_3/r1_120.jpg,apple_golden_3,train
Images/Training/apple_golden_3/r1_122.jpg,apple_golden_3,train
Images/Training/apple_golden_3/r1_124.jpg,apple_golden_3,train
Images/Training/apple_golden_3/r1_126.jpg,apple_golden_3,train
Images/Training/apple_golden_3/r1_128.jpg,apple_golden_3,train
Images/Training/apple_golden_3/r1_130.jpg,apple_golden_3,train
Images/Training/apple_golden_3/r1_132.jpg,apple_golden_3,train
Images/Training/apple_golden_3/r1_134.jpg,apple_golden_3,train
Images/Training/apple_golden_3/r1_136.jpg,apple_golden_3,train
Images/Training/apple_golden_3/r1_138.jpg,apple_golden_3,train
Images/Training/apple_golden_3/r1_14.jpg,apple_golden_3,train
Images/Training/apple_golden_3/r1_140.jpg,apple_golden_3,train
Images/Training/apple_golden_3/r1_142.jpg,apple_golden_3,train
Images/Training/apple_golden_3/r1_144.jpg,apple_golden_3,train
Images/Training/apple_golden_3/r1_146.jpg,apple_golden_3,train
Images/Training/apple_golden_3/r1_148.jpg,apple_golden_3,train
Images/Training/apple_golden_3/r1_150.jpg,apple_golden_3,train
Images/Training/apple_golden_3/r1_152.jpg,apple_golden_3,train
Images/Training/apple_golden_3/r1_154.jpg,apple_golden_3,train
Images/Training/apple_golden_3/r1_156.jpg,apple_golden_3,train
Images/Training/apple_golden_3/r1_158.jpg,apple_golden_3,train
Images/Training/apple_golden_3/r1_16.jpg,apple_golden_3,train
Images/Training/apple_golden_3/r1_160.jpg,apple_golden_3,train
Images/Training/apple_golden_3/r1_162.jpg,apple_golden_3,train
Images/Training/apple_golden_3/r1_164.jpg,apple_golden_3,train
Images/Training/apple_golden_3/r1_166.jpg,apple_golden_3,train
Images/Training/apple_golden_3/r1_168.jpg,apple_golden_3,train
Images/Training/apple_golden_3/r1_170.jpg,apple_golden_3,train
Images/Training/apple_golden_3/r1_172.jpg,apple_golden_3,train
Images/Training/apple_golden_3/r1_174.jpg,apple_golden_3,train
Images/Training/apple_golden_3/r1_176.jpg,apple_golden_3,train
Images/Training/apple_golden_3/r1_178.jpg,apple_golden_3,train
Images/Training/apple_golden_3/r1_18.jpg,apple_golden_3,train
Images/Training/apple_golden_3/r1_180.jpg,apple_golden_3,train
Images/Training/apple_golden_3/r1_182.jpg,apple_golden_3,train
Images/Training/apple_golden_3/r1_184.jpg,apple_golden_3,train
Images/Training/apple_golden_3/r1_186.jpg,apple_golden_3,train
Images/Training/apple_golden_3/r1_188.jpg,apple_golden_3,train
Images/Training/apple_golden_3/r1_190.jpg,apple_golden_3,train
Images/Training/apple_golden_3/r1_192.jpg,apple_golden_3,train
Images/Training/apple_golden_3/r1_194.jpg,apple_golden_3,train
Images/Training/apple_golden_3/r1_196.jpg,apple_golden_3,train
Images/Training/apple_golden_3/r1_198.jpg,apple_golden_3,train
Images/Training/apple_golden_3/r1_2.jpg,apple_golden_3,train
Images/Training/apple_golden_3/r1_20.jpg,apple_golden_3,train
Images/Training/apple_golden_3/r1_200.jpg,apple_golden_3,train
Images/Training/apple_golden_3/r1_202.jpg,apple_golden_3,train
Images/Training/apple_golden_3/r1_204.jpg,apple_golden_3,train
Images/Training/apple_golden_3/r1_206.jpg,apple_golden_3,train
Images/Training/apple_golden_3/r1_208.jpg,apple_golden_3,train
Images/Training/apple_golden_3/r1_210.jpg,apple_golden_3,train
Images/Training/apple_golden_3/r1_212.jpg,apple_golden_3,train
Images/Training/apple_golden_3/r1_214.jpg,apple_golden_3,train
Images/Training/apple_golden_3/r1_216.jpg,apple_golden_3,train
Images/Training/apple_golden_3/r1_218.jpg,apple_golden_3,train
Images/Training/apple_golden_3/r1_22.jpg,apple_golden_3,train
Images/Training/apple_golden_3/r1_220.jpg,apple_golden_3,train
Images/Training/apple_golden_3/r1_222.jpg,apple_golden_3,train
Images/Training/apple_golden_3/r1_224.jpg,apple_golden_3,val
Images/Training/apple_golden_3/r1_226.jpg,apple_golden_3,val
Images/Training/apple_golden_3/r1_228.jpg,apple_golden_3,val
Images/Training/apple_golden_3/r1_230.jpg,apple_golden_3,val
Images/Training/apple_golden_3/r1_232.jpg,apple_golden_3,val
Images/Training/apple_golden_3/r1_234.jpg,apple_golden_3,val
Images/Training/apple_golden_3/r1_236.jpg,apple_golden_3,val
Images/Training/apple_golden_3/r1_238.jpg,apple_golden_3,val
Images/Training/apple_golden_3/r1_24.jpg,apple_golden_3,train
Images/Training/apple_golden_3/r1_240.jpg,apple_golden_3,val
Images/Training/apple_golden_3/r1_242.jpg,apple_golden_3,val
Images/Training/apple_golden_3/r1_244.jpg,apple_golden_3,val
Images/Training/apple_golden_3/r1_246.jpg,apple_golden_3,val
Images/Training/apple_golden_3/r1_248.jpg,apple_golden_3,val
Images/Training/apple_golden_3/r1_250.jpg,apple_golden_3,val
Images/Training/apple_golden_3/r1_252.jpg,apple_golden_3,val
Images/Training/apple_golden_3/r1_254.jpg,apple_golden_3,val
Images/Training/apple_golden_3/r1_256.jpg,apple_golden_3,val
Images/Training/apple_golden_3/r1_258.jpg,apple_golden_3,val
Images/Training/apple_golden_3/r1_26.jpg,apple_golden_3,train
Images/Training/apple_golden_3/r1_260.jpg,apple_golden_3,val
Images/Training/apple_golden_3/r1_262.jpg,apple_golden_3,val
Images/Training/apple_golden_3/r1_264.jpg,apple_golden_3,val
Images/Training/apple_golden_3/r1_266.jpg,apple_golden_3,val
Images/Training/apple_golden_3/r1_268.jpg,apple_golden_3,val
Images/Training/apple_golden_3/r1_270.jpg,apple_golden_3,val
Images/Training/apple_golden_3/r1_272.jpg,apple_golden_3,test
Images/Training/apple_golden_3/r1_274.jpg,apple_golden_3,test
Images/Training/apple_golden_3/r1_276.jpg,apple_golden_3,test
Images/Training/apple_golden_3/r1_278.jpg,apple_golden_3,test
Images/Training/apple_golden_3/r1_28.jpg,apple_golden_3,train
Images/Training/apple_golden_3/r1_280.jpg,apple_golden_3,test
Images/Training/apple_golden_3/r1_282.jpg,apple_golden_3,test
Images/Training/apple_golden_3/r1_284.jpg,apple_golden_3,test
Images/Training/apple_golden_3/r1_286.jpg,apple_golden_3,test
Images/Training/apple_golden_3/r1_288.jpg,apple_golden_3,test
Images/Training/apple_golden_3/r1_290.jpg,apple_golden_3,test
Images/Training/apple_golden_3/r1_292.jpg,apple_golden_3,test
Images/Training/apple_golden_3/r1_294.jpg,apple_golden_3,test
Images/Training/apple_golden_3/r1_296.jpg,apple_golden_3,test
Images/Training/apple_golden_3/r1_298.jpg,apple_golden_3,test
Images/Training/apple_golden_3/r1_30.jpg,apple_golden_3,train
Images/Training/apple_golden_3/r1_300.jpg,apple_golden_3,test
Images/Training/apple_golden_3/r1_302.jpg,apple_golden_3,test
Images/Training/apple_golden_3/r1_304.jpg,apple_golden_3,test
Images/Training/apple_golden_3/r1_306.jpg,apple_golden_3,test
Images/Training/apple_golden_3/r1_308.jpg,apple_golden_3,test
Images/Training/apple_golden_3/r1_310.jpg,apple_golden_3,test
Images/Training/apple_golden_3/r1_312.jpg,apple_golden_3,test
Images/Training/apple_golden_3/r1_314.jpg,apple_golden_3,test
Images/Training/apple_golden_3/r1_316.jpg,apple_golden_3,test
Images/Training/apple_golden_3/r1_318.jpg,apple_golden_3,test
Images/Training/apple_golden_3/r1_32.jpg,apple_golden_3,train
Images/Training/apple_golden_3/r1_34.jpg,apple_golden_3,train
Images/Training/apple_golden_3/r1_36.jpg,apple_golden_3,train
Images/Training/apple_golden_3/r1_38.jpg,apple_golden_3,train
Images/Training/apple_golden_3/r1_4.jpg,apple_golden_3,train
Images/Training/apple_golden_3/r1_40.jpg,apple_golden_3,train
Images/Training/apple_golden_3/r1_42.jpg,apple_golden_3,train
Images/Training/apple_golden_3/r1_44.jpg,apple_golden_3,train
Images/Training/apple_golden_3/r1_46.jpg,apple_golden_3,train
Images/Training/apple_golden_3/r1_48.jpg,apple_golden_3,train
Images/Training/apple_golden_3/r1_50.jpg,apple_golden_3,train
Images/Training/apple_golden_3/r1_52.jpg,apple_golden_3,train
Images/Training/apple_golden_3/r1_54.jpg,apple_golden_3,train
Images/Training/apple_golden_3/r1_56.jpg,apple_golden_3,train
Images/Training/apple_golden_3/r1_58.jpg,apple_golden_3,train
Images/Training/apple_golden_3/r1_6.jpg,apple_golden_3,train
Images/Training/apple_golden_3/r1_60.jpg,apple_golden_3,train
Images/Training/apple_golden_3/r1_62.jpg,apple_golden_3,train
Images/Training/apple_golden_3/r1_64.jpg,apple_golden_3,train
Images/Training/apple_golden_3/r1_66.jpg,apple_golden_3,train
Images/Training/apple_golden_3/r1_68.jpg,apple_golden_3,train
Images/Training/apple_golden_3/r1_70.jpg,apple_golden_3,train
Images/Training/apple_golden_3/r1_72.jpg,apple_golden_3,train
Images/Training/apple_golden_3/r1_74.jpg,apple_golden_3,train
Images/Training/apple_golden_3/r1_76.jpg,apple_golden_3,train
Images/Training/apple_golden_3/r1_78.jpg,apple_golden_3,train
Images/Training/apple_golden_3/r1_8.jpg,apple_golden_3,train
Images/Training/apple_golden_3/r1_80.jpg,apple_golden_3,train
Images/Training/apple_golden_3/r1_82.jpg,apple_golden_3,train
Images/Training/apple_golden_3/r1_84.jpg,apple_golden_3,train
Images/Training/apple_golden_3/r1_86.jpg,apple_golden_3,train
Images/Training/apple_golden_3/r1_88.jpg,apple_golden_3,train
Images/Training/apple_golden_3/r1_90.jpg,apple_golden_3,train
Images/Training/apple_golden_3/r1_92.jpg,apple_golden_3,train
Images/Training/apple_golden_3/r1_94.jpg,apple_golden_3,train
Images/Training/apple_golden_3/r1_96.jpg,apple_golden_3,train
Images/Training/apple_golden_3/r1_98.jpg,apple_golden_3,train
Images/Training/apple_granny_smith_1/r0_0.jpg,apple_granny_smith_1,train
Images/Training/apple_granny_smith_1/r0_10.jpg,apple_granny_smith_1,train
Images/Training/apple_granny_smith_1/r0_100.jpg,apple_granny_smith_1,train
Images/Training/apple_granny_smith_1/r0_102.jpg,apple_granny_smith_1,train
Images/Training/apple_granny_smith_1/r0_104.jpg,apple_granny_smith_1,train
Images/Training/apple_granny_smith_1/r0_106.jpg,apple_granny_smith_1,train
Images/Training/apple_granny_smith_1/r0_108.jpg,apple_granny_smith_1,train
Images/Training/apple_granny_smith_1/r0_110.jpg,apple_granny_smith_1,train
Images/Training/apple_granny_smith_1/r0_112.jpg,apple_granny_smith_1,train
Images/Training/apple_granny_smith_1/r0_114.jpg,apple_granny_smith_1,train
Images/Training/apple_granny_smith_1/r0_116.jpg,apple_granny_smith_1,train
Images/Training/apple_granny_smith_1/r0_118.jpg,apple_granny_smith_1,train
Images/Training/apple_granny_smith_1/r0_12.jpg,apple_granny_smith_1,train
Images/Training/apple_granny_smith_1/r0_120.jpg,apple_granny_smith_1,train
Images/Training/apple_granny_smith_1/r0_122.jpg,apple_granny_smith_1,train
Images/Training/apple_granny_smith_1/r0_124.jpg,apple_granny_smith_1,train
Images/Training/apple_granny_smith_1/r0_126.jpg,apple_granny_smith_1,train
Images/Training/apple_granny_smith_1/r0_128.jpg,apple_granny_smith_1,train
Images/Training/apple_granny_smith_1/r0_130.jpg,apple_granny_smith_1,train
Images/Training/apple_granny_smith_1/r0_132.jpg,apple_granny_smith_1,train
Images/Training/apple_granny_smith_1/r0_134.jpg,apple_granny_smith_1,train
Images/Training/apple_granny_smith_1/r0_136.jpg,apple_granny_smith_1,train
Images/Training/apple_granny_smith_1/r0_138.jpg,apple_granny_smith_1,train
Images/Training/apple_granny_smith_1/r0_14.jpg,apple_granny_smith_1,train
Images/Training/apple_granny_smith_1/r0_140.jpg,apple_granny_smith_1,train
Images/Training/apple_granny_smith_1/r0_142.jpg,apple_granny_smith_1,train
Images/Training/apple_granny_smith_1/r0_144.jpg,apple_granny_smith_1,train
Images/Training/apple_granny_smith_1/r0_146.jpg,apple_granny_smith_1,train
Images/Training/apple_granny_smith_1/r0_148.jpg,apple_granny_smith_1,train
Images/Training/apple_granny_smith_1/r0_150.jpg,apple_granny_smith_1,train
Images/Training/apple_granny_smith_1/r0_152.jpg,apple_granny_smith_1,train
Images/Training/apple_granny_smith_1/r0_154.jpg,apple_granny_smith_1,train
Images/Training/apple_granny_smith_1/r0_156.jpg,apple_granny_smith_1,train
Images/Training/apple_granny_smith_1/r0_158.jpg,apple_granny_smith_1,train
Images/Training/apple_granny_smith_1/r0_16.jpg,apple_granny_smith_1,train
Images/Training/apple_granny_smith_1/r0_160.jpg,apple_granny_smith_1,train
Images/Training/apple_granny_smith_1/r0_162.jpg,apple_granny_smith_1,train
Images/Training/apple_granny_smith_1/r0_164.jpg,apple_granny_smith_1,train
Images/Training/apple_granny_smith_1/r0_166.jpg,apple_granny_smith_1,train
Images/Training/apple_granny_smith_1/r0_168.jpg,apple_granny_smith_1,train
Images/Training/apple_granny_smith_1/r0_170.jpg,apple_granny_smith_1,train
Images/Training/apple_granny_smith_1/r0_172.jpg,apple_granny_smith_1,train
Images/Training/apple_granny_smith_1/r0_174.jpg,apple_granny_smith_1,train
Images/Training/apple_granny_smith_1/r0_176.jpg,apple_granny_smith_1,train
Images/Training/apple_granny_smith_1/r0_178.jpg,apple_granny_smith_1,train
Images/Training/apple_granny_smith_1/r0_18.jpg,apple_granny_smith_1,train
Images/Training/apple_granny_smith_1/r0_180.jpg,apple_granny_smith_1,train
Images/Training/apple_granny_smith_1/r0_182.jpg,apple_granny_smith_1,train
Images/Training/apple_granny_smith_1/r0_184.jpg,apple_granny_smith_1,train
Images/Training/apple_granny_smith_1/r0_186.jpg,apple_granny_smith_1,train
Images/Training/apple_granny_smith_1/r0_188.jpg,apple_granny_smith_1,train
Images/Training/apple_granny_smith_1/r0_190.jpg,apple_granny_smith_1,train
Images/Training/apple_granny_smith_1/r0_192.jpg,apple_granny_smith_1,train
Images/Training/apple_granny_smith_1/r0_194.jpg,apple_granny_smith_1,train
Images/Training/apple_granny_smith_1/r0_196.jpg,apple_granny_smith_1,train
Images/Training/apple_granny_smith_1/r0_198.jpg,apple_granny_smith_1,train
Images/Training/apple_granny_smith_1/r0_2.jpg,apple_granny_smith_1,train
Images/Training/apple_granny_smith_1/r0_20.jpg,apple_granny_smith_1,train
Images/Training/apple_granny_smith_1/r0_200.jpg,apple_granny_smith_1,train
Images/Training/apple_granny_smith_1/r0_202.jpg,apple_granny_smith_1,train
Images/Training/apple_granny_smith_1/r0_204.jpg,apple_granny_smith_1,train
Images/Training/apple_granny_smith_1/r0_206.jpg,apple_granny_smith_1,train
Images/Training/apple_granny_smith_1/r0_208.jpg,apple_granny_smith_1,train
Images/Training/apple_granny_smith_1/r0_210.jpg,apple_granny_smith_1,train
Images/Training/apple_granny_smith_1/r0_212.jpg,apple_granny_smith_1,train
Images/Training/apple_granny_smith_1/r0_214.jpg,apple_granny_smith_1,train
Images/Training/apple_granny_smith_1/r0_216.jpg,apple_granny_smith_1,train
Images/Training/apple_granny_smith_1/r0_218.jpg,apple_granny_smith_1,train
Images/Training/apple_granny_smith_1/r0_22.jpg,apple_granny_smith_1,train
Images/Training/apple_granny_smith_1/r0_220.jpg,apple_granny_smith_1,train
Images/Training/apple_granny_smith_1/r0_222.jpg,apple_granny_smith_1,train
Images/Training/apple_granny_smith_1/r0_224.jpg,apple_granny_smith_1,val
Images/Training/apple_granny_smith_1/r0_226.jpg,apple_granny_smith_1,val
Images/Training/apple_granny_smith_1/r0_228.jpg,apple_granny_smith_1,val
Images/Training/apple_granny_smith_1/r0_230.jpg,apple_granny_smith_1,val
Images/Training/apple_granny_smith_1/r0_232.jpg,apple_granny_smith_1,val
Images/Training/apple_granny_smith_1/r0_234.jpg,apple_granny_smith_1,val
Images/Training/apple_granny_smith_1/r0_236.jpg,apple_granny_smith_1,val
Images/Training/apple_granny_smith_1/r0_238.jpg,apple_granny_smith_1,val
Images/Training/apple_granny_smith_1/r0_24.jpg,apple_granny_smith_1,train
Images/Training/apple_granny_smith_1/r0_240.jpg,apple_granny_smith_1,val
Images/Training/apple_granny_smith_1/r0_242.jpg,apple_granny_smith_1,val
Images/Training/apple_granny_smith_1/r0_244.jpg,apple_granny_smith_1,val
Images/Training/apple_granny_smith_1/r0_246.jpg,apple_granny_smith_1,val
Images/Training/apple_granny_smith_1/r0_248.jpg,apple_granny_smith_1,val
Images/Training/apple_granny_smith_1/r0_250.jpg,apple_granny_smith_1,val
Images/Training/apple_granny_smith_1/r0_252.jpg,apple_granny_smith_1,val
Images/Training/apple_granny_smith_1/r0_254.jpg,apple_granny_smith_1,val
Images/Training/apple_granny_smith_1/r0_256.jpg,apple_granny_smith_1,val
Images/Training/apple_granny_smith_1/r0_258.jpg,apple_granny_smith_1,val
Images/Training/apple_granny_smith_1/r0_26.jpg,apple_granny_smith_1,train
Images/Training/apple_granny_smith_1/r0_260.jpg,apple_granny_smith_1,val
Images/Training/apple_granny_smith_1/r0_262.jpg,apple_granny_smith_1,val
Images/Training/apple_granny_smith_1/r0_264.jpg,apple_granny_smith_1,val
Images/Training/apple_granny_smith_1/r0_266.jpg,apple_granny_smith_1,val
Images/Training/apple_granny_smith_1/r0_268.jpg,apple_granny_smith_1,val
Images/Training/apple_granny_smith_1/r0_270.jpg,apple_granny_smith_1,val
Images/Training/apple_granny_smith_1/r0_272.jpg,apple_granny_smith_1,test
Images/Training/apple_granny_smith_1/r0_274.jpg,apple_granny_smith_1,test
Images/Training/apple_granny_smith_1/r0_276.jpg,apple_granny_smith_1,test
Images/Training/apple_granny_smith_1/r0_278.jpg,apple_granny_smith_1,test
Images/Training/apple_granny_smith_1/r0_28.jpg,apple_granny_smith_1,train
Images/Training/apple_granny_smith_1/r0_280.jpg,apple_granny_smith_1,test
Images/Training/apple_granny_smith_1/r0_282.jpg,apple_granny_smith_1,test
Images/Training/apple_granny_smith_1/r0_284.jpg,apple_granny_smith_1,test
Images/Training/apple_granny_smith_1/r0_286.jpg,apple_granny_smith_1,test
Images/Training/apple_granny_smith_1/r0_288.jpg,apple_granny_smith_1,test
Images/Training/apple_granny_smith_1/r0_290.jpg,apple_granny_smith_1,test
Images/Training/apple_granny_smith_1/r0_292.jpg,apple_granny_smith_1,test
Images/Training/apple_granny_smith_1/r0_294.jpg,apple_granny_smith_1,test
Images/Training/apple_granny_smith_1/r0_296.jpg,apple_granny_smith_1,test
Images/Training/apple_granny_smith_1/r0_298.jpg,apple_granny_smith_1,test
Images/Training/apple_granny_smith_1/r0_30.jpg,apple_granny_smith_1,train
Images/Training/apple_granny_smith_1/r0_300.jpg,apple_granny_smith_1,test
Images/Training/apple_granny_smith_1/r0_302.jpg,apple_granny_smith_1,test
Images/Training/apple_granny_smith_1/r0_304.jpg,apple_granny_smith_1,test
Images/Training/apple_granny_smith_1/r0_306.jpg,apple_granny_smith_1,test
Images/Training/apple_granny_smith_1/r0_308.jpg,apple_granny_smith_1,test
Images/Training/apple_granny_smith_1/r0_310.jpg,apple_granny_smith_1,test
Images/Training/apple_granny_smith_1/r0_312.jpg,apple_granny_smith_1,test
Images/Training/apple_granny_smith_1/r0_314.jpg,apple_granny_smith_1,test
Images/Training/apple_granny_smith_1/r0_316.jpg,apple_granny_smith_1,test
Images/Training/apple_granny_smith_1/r0_318.jpg,apple_granny_smith_1,test
Images/Training/apple_granny_smith_1/r0_32.jpg,apple_granny_smith_1,train
Images/Training/apple_granny_smith_1/r0_34.jpg,apple_granny_smith_1,train
Images/Training/apple_granny_smith_1/r0_36.jpg,apple_granny_smith_1,train
Images/Training/apple_granny_smith_1/r0_38.jpg,apple_granny_smith_1,train
Images/Training/apple_granny_smith_1/r0_4.jpg,apple_granny_smith_1,train
Images/Training/apple_granny_smith_1/r0_40.jpg,apple_granny_smith_1,train
Images/Training/apple_granny_smith_1/r0_42.jpg,apple_granny_smith_1,train
Images/Training/apple_granny_smith_1/r0_44.jpg,apple_granny_smith_1,train
Images/Training/apple_granny_smith_1/r0_46.jpg,apple_granny_smith_1,train
Images/Training/apple_granny_smith_1/r0_48.jpg,apple_granny_smith_1,train
Images/Training/apple_granny_smith_1/r0_50.jpg,apple_granny_smith_1,train
Images/Training/apple_granny_smith_1/r0_52.jpg,apple_granny_smith_1,train
Images/Training/apple_granny_smith_1/r0_54.jpg,apple_granny_smith_1,train
Images/Training/apple_granny_smith_1/r0_56.jpg,apple_granny_smith_1,train
Images/Training/apple_granny_smith_1/r0_58.jpg,apple_granny_smith_1,train
Images/Training/apple_granny_smith_1/r0_6.jpg,apple_granny_smith_1,train
Images/Training/apple_granny_smith_1/r0_60.jpg,apple_granny_smith_1,train
Images/Training/apple_granny_smith_1/r0_62.jpg,apple_granny_smith_1,train
Images/Training/apple_granny_smith_1/r0_64.jpg,apple_granny_smith_1,train
Images/Training/apple_granny_smith_1/r0_66.jpg,apple_granny_smith_1,train
Images/Training/apple_granny_smith_1/r0_68.jpg,apple_granny_smith_1,train
Images/Training/apple_granny_smith_1/r0_70.jpg,apple_granny_smith_1,train
Images/Training/apple_granny_smith_1/r0_72.jpg,apple_granny_smith_1,train
Images/Training/apple_granny_smith_1/r0_74.jpg,apple_granny_smith_1,train
Images/Training/apple_granny_smith_1/r0_76.jpg,apple_granny_smith_1,train
Images/Training/apple_granny_smith_1/r0_78.jpg,apple_granny_smith_1,train
Images/Training/apple_granny_smith_1/r0_8.jpg,apple_granny_smith_1,train
Images/Training/apple_granny_smith_1/r0_80.jpg,apple_granny_smith_1,train
Images/Training/apple_granny_smith_1/r0_82.jpg,apple_granny_smith_1,train
Images/Training/apple_granny_smith_1/r0_84.jpg,apple_granny_smith_1,train
Images/Training/apple_granny_smith_1/r0_86.jpg,apple_granny_smith_1,train
Images/Training/apple_granny_smith_1/r0_88.jpg,apple_granny_smith_1,train
Images/Training/apple_granny_smith_1/r0_90.jpg,apple_granny_smith_1,train
Images/Training/apple_granny_smith_1/r0_92.jpg,apple_granny_smith_1,train
Images/Training/apple_granny_smith_1/r0_94.jpg,apple_granny_smith_1,train
Images/Training/apple_granny_smith_1/r0_96.jpg,apple_granny_smith_1,train
Images/Training/apple_granny_smith_1/r0_98.jpg,apple_granny_smith_1,train
Images/Training/apple_granny_smith_1/r1_0.jpg,apple_granny_smith_1,train
Images/Training/apple_granny_smith_1/r1_10.jpg,apple_granny_smith_1,train
Images/Training/apple_granny_smith_1/r1_100.jpg,apple_granny_smith_1,train
Images/Training/apple_granny_smith_1/r1_102.jpg,apple_granny_smith_1,train
Images/Training/apple_granny_smith_1/r1_104.jpg,apple_granny_smith_1,train
Images/Training/apple_granny_smith_1/r1_106.jpg,apple_granny_smith_1,train
Images/Training/apple_granny_smith_1/r1_108.jpg,apple_granny_smith_1,train
Images/Training/apple_granny_smith_1/r1_110.jpg,apple_granny_smith_1,train
Images/Training/apple_granny_smith_1/r1_112.jpg,apple_granny_smith_1,train
Images/Training/apple_granny_smith_1/r1_114.jpg,apple_granny_smith_1,train
Images/Training/apple_granny_smith_1/r1_116.jpg,apple_granny_smith_1,train
Images/Training/apple_granny_smith_1/r1_118.jpg,apple_granny_smith_1,train
Images/Training/apple_granny_smith_1/r1_12.jpg,apple_granny_smith_1,train
Images/Training/apple_granny_smith_1/r1_120.jpg,apple_granny_smith_1,train
Images/Training/apple_granny_smith_1/r1_122.jpg,apple_granny_smith_1,train
Images/Training/apple_granny_smith_1/r1_124.jpg,apple_granny_smith_1,train
Images/Training/apple_granny_smith_1/r1_126.jpg,apple_granny_smith_1,train
Images/Training/apple_granny_smith_1/r1_128.jpg,apple_granny_smith_1,train
Images/Training/apple_granny_smith_1/r1_130.jpg,apple_granny_smith_1,train
Images/Training/apple_granny_smith_1/r1_132.jpg,apple_granny_smith_1,train
Images/Training/apple_granny_smith_1/r1_134.jpg,apple_granny_smith_1,train
Images/Training/apple_granny_smith_1/r1_136.jpg,apple_granny_smith_1,train
Images/Training/apple_granny_smith_1/r1_138.jpg,apple_granny_smith_1,train
Images/Training/apple_granny_smith_1/r1_14.jpg,apple_granny_smith_1,train
Images/Training/apple_granny_smith_1/r1_140.jpg,apple_granny_smith_1,train
Images/Training/apple_granny_smith_1/r1_142.jpg,apple_granny_smith_1,train
Images/Training/apple_granny_smith_1/r1_144.jpg,apple_granny_smith_1,train
Images/Training/apple_granny_smith_1/r1_146.jpg,apple_granny_smith_1,train
Images/Training/apple_granny_smith_1/r1_148.jpg,apple_granny_smith_1,train
Images/Training/apple_granny_smith_1/r1_150.jpg,apple_granny_smith_1,train
Images/Training/apple_granny_smith_1/r1_152.jpg,apple_granny_smith_1,train
Images/Training/apple_granny_smith_1/r1_154.jpg,apple_granny_smith_1,train
Images/Training/apple_granny_smith_1/r1_156.jpg,apple_granny_smith_1,train
Images/Training/apple_granny_smith_1/r1_158.jpg,apple_granny_smith_1,train
Images/Training/apple_granny_smith_1/r1_16.jpg,apple_granny_smith_1,train
Images/Training/apple_granny_smith_1/r1_160.jpg,apple_granny_smith_1,train
Images/Training/apple_granny_smith_1/r1_162.jpg,apple_granny_smith_1,train
Images/Training/apple_granny_smith_1/r1_164.jpg,apple_granny_smith_1,train
Images/Training/apple_granny_smith_1/r1_166.jpg,apple_granny_smith_1,train
Images/Training/apple_granny_smith_1/r1_168.jpg,apple_granny_smith_1,train
Images/Training/apple_granny_smith_1/r1_170.jpg,apple_granny_smith_1,train
Images/Training/apple_granny_smith_1/r1_172.jpg,apple_granny_smith_1,train
Images/Training/apple_granny_smith_1/r1_174.jpg,apple_granny_smith_1,train
Images/Training/apple_granny_smith_1/r1_176.jpg,apple_granny_smith_1,train
Images/Training/apple_granny_smith_1/r1_178.jpg,apple_granny_smith_1,train
Images/Training/apple_granny_smith_1/r1_18.jpg,apple_granny_smith_1,train
Images/Training/apple_granny_smith_1/r1_180.jpg,apple_granny_smith_1,train
Images/Training/apple_granny_smith_1/r1_182.jpg,apple_granny_smith_1,train
Images/Training/apple_granny_smith_1/r1_184.jpg,apple_granny_smith_1,train
Images/Training/apple_granny_smith_1/r1_186.jpg,apple_granny_smith_1,train
Images/Training/apple_granny_smith_1/r1_188.jpg,apple_granny_smith_1,train
Images/Training/apple_granny_smith_1/r1_190.jpg,apple_granny_smith_1,train
Images/Training/apple_granny_smith_1/r1_192.jpg,apple_granny_smith_1,train
Images/Training/apple_granny_smith_1/r1_194.jpg,apple_granny_smith_1,train
Images/Training/apple_granny_smith_1/r1_196.jpg,apple_granny_smith_1,train
Images/Training/apple_granny_smith_1/r1_198.jpg,apple_granny_smith_1,train
Images/Training/apple_granny_smith_1/r1_2.jpg,apple_granny_smith_1,train
Images/Training/apple_granny_smith_1/r1_20.jpg,apple_granny_smith_1,train
Images/Training/apple_granny_smith_1/r1_200.jpg,apple_granny_smith_1,train
Images/Training/apple_granny_smith_1/r1_202.jpg,apple_granny_smith_1,train
Images/Training/apple_granny_smith_1/r1_204.jpg,apple_granny_smith_1,train
Images/Training/apple_granny_smith_1/r1_206.jpg,apple_granny_smith_1,train
Images/Training/apple_granny_smith_1/r1_208.jpg,apple_granny_smith_1,train
Images/Training/apple_granny_smith_1/r1_210.jpg,apple_granny_smith_1,train
Images/Training/apple_granny_smith_1/r1_212.jpg,apple_granny_smith_1,train
Images/Training/apple_granny_smith_1/r1_214.jpg,apple_granny_smith_1,train
Images/Training/apple_granny_smith_1/r1_216.jpg,apple_granny_smith_1,train
Images/Training/apple_granny_smith_1/r1_218.jpg,apple_granny_smith_1,train
Images/Training/apple_granny_smith_1/r1_22.jpg,apple_granny_smith_1,train
Images/Training/apple_granny_smith_1/r1_220.jpg,apple_granny_smith_1,train
Images/Training/apple_granny_smith_1/r1_222.jpg,apple_granny_smith_1,train
Images/Training/apple_granny_smith_1/r1_224.jpg,apple_granny_smith_1,val
Images/Training/apple_granny_smith_1/r1_226.jpg,apple_granny_smith_1,val
Images/Training/apple_granny_smith_1/r1_228.jpg,apple_granny_smith_1,val
Images/Training/apple_granny_smith_1/r1_230.jpg,apple_granny_smith_1,val
Images/Training/apple_granny_smith_1/r1_232.jpg,apple_granny_smith_1,val
Images/Training/apple_granny_smith_1/r1_234.jpg,apple_granny_smith_1,val
Images/Training/apple_granny_smith_1/r1_236.jpg,apple_granny_smith_1,val
Images/Training/apple_granny_smith_1/r1_238.jpg,apple_granny_smith_1,val
Images/Training/apple_granny_smith_1/r1_24.jpg,apple_granny_smith_1,train
Images/Training/apple_granny_smith_1/r1_240.jpg,apple_granny_smith_1,val
Images/Training/apple_granny_smith_1/r1_242.jpg,apple_granny_smith_1,val
Images/Training/apple_granny_smith_1/r1_244.jpg,apple_granny_smith_1,val
Images/Training/apple_granny_smith_1/r1_246.jpg,apple_granny_smith_1,val
Images/Training/apple_granny_smith_1/r1_248.jpg,apple_granny_smith_1,val
Images/Training/apple_granny_smith_1/r1_250.jpg,apple_granny_smith_1,val
Images/Training/apple_granny_smith_1/r1_252.jpg,apple_granny_smith_1,val
Images/Training/apple_granny_smith_1/r1_254.jpg,apple_granny_smith_1,val
Images/Training/apple_granny_smith_1/r1_256.jpg,apple_granny_smith_1,val
Images/Training/apple_granny_smith_1/r1_258.jpg,apple_granny_smith_1,val
Images/Training/apple_granny_smith_1/r1_26.jpg,apple_granny_smith_1,train
Images/Training/apple_granny_smith_1/r1_260.jpg,apple_granny_smith_1,val
Images/Training/apple_granny_smith_1/r1_262.jpg,apple_granny_smith_1,val
Images/Training/apple_granny_smith_1/r1_264.jpg,apple_granny_smith_1,val
Images/Training/apple_granny_smith_1/r1_266.jpg,apple_granny_smith_1,val
Images/Training/apple_granny_smith_1/r1_268.jpg,apple_granny_smith_1,val
Images/Training/apple_granny_smith_1/r1_270.jpg,apple_granny_smith_1,val
Images/Training/apple_granny_smith_1/r1_272.jpg,apple_granny_smith_1,test
Images/Training/apple_granny_smith_1/r1_274.jpg,apple_granny_smith_1,test
Images/Training/apple_granny_smith_1/r1_276.jpg,apple_granny_smith_1,test
Images/Training/apple_granny_smith_1/r1_278.jpg,apple_granny_smith_1,test
Images/Training/apple_granny_smith_1/r1_28.jpg,apple_granny_smith_1,train
Images/Training/apple_granny_smith_1/r1_280.jpg,apple_granny_smith_1,test
Images/Training/apple_granny_smith_1/r1_282.jpg,apple_granny_smith_1,test
Images/Training/apple_granny_smith_1/r1_284.jpg,apple_granny_smith_1,test
Images/Training/apple_granny_smith_1/r1_286.jpg,apple_granny_smith_1,test
Images/Training/apple_granny_smith_1/r1_288.jpg,apple_granny_smith_1,test
Images/Training/apple_granny_smith_1/r1_290.jpg,apple_granny_smith_1,test
Images/Training/apple_granny_smith_1/r1_292.jpg,apple_granny_smith_1,test
Images/Training/apple_granny_smith_1/r1_294.jpg,apple_granny_smith_1,test
Images/Training/apple_granny_smith_1/r1_296.jpg,apple_granny_smith_1,test
Images/Training/apple_granny_smith_1/r1_298.jpg,apple_granny_smith_1,test
Images/Training/apple_granny_smith_1/r1_30.jpg,apple_granny_smith_1,train
Images/Training/apple_granny_smith_1/r1_300.jpg,apple_granny_smith_1,test
Images/Training/apple_granny_smith_1/r1_302.jpg,apple_granny_smith_1,test
Images/Training/apple_granny_smith_1/r1_304.jpg,apple_granny_smith_1,test
Images/Training/apple_granny_smith_1/r1_306.jpg,apple_granny_smith_1,test
Images/Training/apple_granny_smith_1/r1_308.jpg,apple_granny_smith_1,test
Images/Training/apple_granny_smith_1/r1_310.jpg,apple_granny_smith_1,test
Images/Training/apple_granny_smith_1/r1_312.jpg,apple_granny_smith_1,test
Images/Training/apple_granny_smith_1/r1_314.jpg,apple_granny_smith_1,test
Images/Training/apple_granny_smith_1/r1_316.jpg,apple_granny_smith_1,test
Images/Training/apple_granny_smith_1/r1_318.jpg,apple_granny_smith_1,test
Images/Training/apple_granny_smith_1/r1_32.jpg,apple_granny_smith_1,train
Images/Training/apple_granny_smith_1/r1_34.jpg,apple_granny_smith_1,train
Images/Training/apple_granny_smith_1/r1_36.jpg,apple_granny_smith_1,train
Images/Training/apple_granny_smith_1/r1_38.jpg,apple_granny_smith_1,train
Images/Training/apple_granny_smith_1/r1_4.jpg,apple_granny_smith_1,train
Images/Training/apple_granny_smith_1/r1_40.jpg,apple_granny_smith_1,train
Images/Training/apple_granny_smith_1/r1_42.jpg,apple_granny_smith_1,train
Images/Training/apple_granny_smith_1/r1_44.jpg,apple_granny_smith_1,train
Images/Training/apple_granny_smith_1/r1_46.jpg,apple_granny_smith_1,train
Images/Training/apple_granny_smith_1/r1_48.jpg,apple_granny_smith_1,train
Images/Training/apple_granny_smith_1/r1_50.jpg,apple_granny_smith_1,train
Images/Training/apple_granny_smith_1/r1_52.jpg,apple_granny_smith_1,train
Images/Training/apple_granny_smith_1/r1_54.jpg,apple_granny_smith_1,train
Images/Training/apple_granny_smith_1/r1_56.jpg,apple_granny_smith_1,train
Images/Training/apple_granny_smith_1/r1_58.jpg,apple_granny_smith_1,train
Images/Training/apple_granny_smith_1/r1_6.jpg,apple_granny_smith_1,train
Images/Training/apple_granny_smith_1/r1_60.jpg,apple_granny_smith_1,train
Images/Training/apple_granny_smith_1/r1_62.jpg,apple_granny_smith_1,train
Images/Training/apple_granny_smith_1/r1_64.jpg,apple_granny_smith_1,train
Images/Training/apple_granny_smith_1/r1_66.jpg,apple_granny_smith_1,train
Images/Training/apple_granny_smith_1/r1_68.jpg,apple_granny_smith_1,train
Images/Training/apple_granny_smith_1/r1_70.jpg,apple_granny_smith_1,train
Images/Training/apple_granny_smith_1/r1_72.jpg,apple_granny_smith_1,train
Images/Training/apple_granny_smith_1/r1_74.jpg,apple_granny_smith_1,train
Images/Training/apple_granny_smith_1/r1_76.jpg,apple_granny_smith_1,train
Images/Training/apple_granny_smith_1/r1_78.jpg,apple_granny_smith_1,train
Images/Training/apple_granny_smith_1/r1_8.jpg,apple_granny_smith_1,train
Images/Training/apple_granny_smith_1/r1_80.jpg,apple_granny_smith_1,train
Images/Training/apple_granny_smith_1/r1_82.jpg,apple_granny_smith_1,train
Images/Training/apple_granny_smith_1/r1_84.jpg,apple_granny_smith_1,train
Images/Training/apple_granny_smith_1/r1_86.jpg,apple_granny_smith_1,train
Images/Training/apple_granny_smith_1/r1_88.jpg,apple_granny_smith_1,train
Images/Training/apple_granny_smith_1/r1_90.jpg,apple_granny_smith_1,train
Images/Training/apple_granny_smith_1/r1_92.jpg,apple_granny_smith_1,train
Images/Training/apple_granny_smith_1/r1_94.jpg,apple_granny_smith_1,train
Images/Training/apple_granny_smith_1/r1_96.jpg,apple_granny_smith_1,train
Images/Training/apple_granny_smith_1/r1_98.jpg,apple_granny_smith_1,train
Images/Training/apple_hit_1/r0_0.jpg,apple_hit_1,train
Images/Training/apple_hit_1/r0_10.jpg,apple_hit_1,train
Images/Training/apple_hit_1/r0_100.jpg,apple_hit_1,train
Images/Training/apple_hit_1/r0_102.jpg,apple_hit_1,train
Images/Training/apple_hit_1/r0_104.jpg,apple_hit_1,train
Images/Training/apple_hit_1/r0_106.jpg,apple_hit_1,train
Images/Training/apple_hit_1/r0_108.jpg,apple_hit_1,train
Images/Training/apple_hit_1/r0_110.jpg,apple_hit_1,train
Images/Training/apple_hit_1/r0_112.jpg,apple_hit_1,train
Images/Training/apple_hit_1/r0_114.jpg,apple_hit_1,train
Images/Training/apple_hit_1/r0_116.jpg,apple_hit_1,train
Images/Training/apple_hit_1/r0_118.jpg,apple_hit_1,train
Images/Training/apple_hit_1/r0_12.jpg,apple_hit_1,train
Images/Training/apple_hit_1/r0_120.jpg,apple_hit_1,train
Images/Training/apple_hit_1/r0_122.jpg,apple_hit_1,train
Images/Training/apple_hit_1/r0_124.jpg,apple_hit_1,train
Images/Training/apple_hit_1/r0_126.jpg,apple_hit_1,train
Images/Training/apple_hit_1/r0_128.jpg,apple_hit_1,train
Images/Training/apple_hit_1/r0_130.jpg,apple_hit_1,train
Images/Training/apple_hit_1/r0_132.jpg,apple_hit_1,train
Images/Training/apple_hit_1/r0_134.jpg,apple_hit_1,train
Images/Training/apple_hit_1/r0_136.jpg,apple_hit_1,train
Images/Training/apple_hit_1/r0_138.jpg,apple_hit_1,train
Images/Training/apple_hit_1/r0_14.jpg,apple_hit_1,train
Images/Training/apple_hit_1/r0_140.jpg,apple_hit_1,train
Images/Training/apple_hit_1/r0_142.jpg,apple_hit_1,train
Images/Training/apple_hit_1/r0_144.jpg,apple_hit_1,train
Images/Training/apple_hit_1/r0_146.jpg,apple_hit_1,train
Images/Training/apple_hit_1/r0_148.jpg,apple_hit_1,train
Images/Training/apple_hit_1/r0_150.jpg,apple_hit_1,train
Images/Training/apple_hit_1/r0_152.jpg,apple_hit_1,train
Images/Training/apple_hit_1/r0_154.jpg,apple_hit_1,train
Images/Training/apple_hit_1/r0_156.jpg,apple_hit_1,train
Images/Training/apple_hit_1/r0_158.jpg,apple_hit_1,train
Images/Training/apple_hit_1/r0_16.jpg,apple_hit_1,train
Images/Training/apple_hit_1/r0_160.jpg,apple_hit_1,train
Images/Training/apple_hit_1/r0_162.jpg,apple_hit_1,train
Images/Training/apple_hit_1/r0_164.jpg,apple_hit_1,train
Images/Training/apple_hit_1/r0_166.jpg,apple_hit_1,train
Images/Training/apple_hit_1/r0_168.jpg,apple_hit_1,train
Images/Training/apple_hit_1/r0_170.jpg,apple_hit_1,train
Images/Training/apple_hit_1/r0_172.jpg,apple_hit_1,train
Images/Training/apple_hit_1/r0_174.jpg,apple_hit_1,train
Images/Training/apple_hit_1/r0_176.jpg,apple_hit_1,train
Images/Training/apple_hit_1/r0_178.jpg,apple_hit_1,train
Images/Training/apple_hit_1/r0_18.jpg,apple_hit_1,train
Images/Training/apple_hit_1/r0_180.jpg,apple_hit_1,train
Images/Training/apple_hit_1/r0_182.jpg,apple_hit_1,train
Images/Training/apple_hit_1/r0_184.jpg,apple_hit_1,train
Images/Training/apple_hit_1/r0_186.jpg,apple_hit_1,train
Images/Training/apple_hit_1/r0_188.jpg,apple_hit_1,train
Images/Training/apple_hit_1/r0_190.jpg,apple_hit_1,train
Images/Training/apple_hit_1/r0_192.jpg,apple_hit_1,train
Images/Training/apple_hit_1/r0_194.jpg,apple_hit_1,train
Images/Training/apple_hit_1/r0_196.jpg,apple_hit_1,train
Images/Training/apple_hit_1/r0_198.jpg,apple_hit_1,train
Images/Training/apple_hit_1/r0_2.jpg,apple_hit_1,train
Images/Training/apple_hit_1/r0_20.jpg,apple_hit_1,train
Images/Training/apple_hit_1/r0_200.jpg,apple_hit_1,train
Images/Training/apple_hit_1/r0_202.jpg,apple_hit_1,train
Images/Training/apple_hit_1/r0_204.jpg,apple_hit_1,train
Images/Training/apple_hit_1/r0_206.jpg,apple_hit_1,train
Images/Training/apple_hit_1/r0_208.jpg,apple_hit_1,train
Images/Training/apple_hit_1/r0_210.jpg,apple_hit_1,train
Images/Training/apple_hit_1/r0_212.jpg,apple_hit_1,train
Images/Training/apple_hit_1/r0_214.jpg,apple_hit_1,train
Images/Training/apple_hit_1/r0_216.jpg,apple_hit_1,train
Images/Training/apple_hit_1/r0_218.jpg,apple_hit_1,train
Images/Training/apple_hit_1/r0_22.jpg,apple_hit_1,train
Images/Training/apple_hit_1/r0_220.jpg,apple_hit_1,train
Images/Training/apple_hit_1/r0_222.jpg,apple_hit_1,train
Images/Training/apple_hit_1/r0_224.jpg,apple_hit_1,val
Images/Training/apple_hit_1/r0_226.jpg,apple_hit_1,val
Images/Training/apple_hit_1/r0_228.jpg,apple_hit_1,val
Images/Training/apple_hit_1/r0_230.jpg,apple_hit_1,val
Images/Training/apple_hit_1/r0_232.jpg,apple_hit_1,val
Images/Training/apple_hit_1/r0_234.jpg,apple_hit_1,val
Images/Training/apple_hit_1/r0_236.jpg,apple_hit_1,val
Images/Training/apple_hit_1/r0_238.jpg,apple_hit_1,val
Images/Training/apple_hit_1/r0_24.jpg,apple_hit_1,train
Images/Training/apple_hit_1/r0_240.jpg,apple_hit_1,val
Images/Training/apple_hit_1/r0_242.jpg,apple_hit_1,val
Images/Training/apple_hit_1/r0_244.jpg,apple_hit_1,val
Images/Training/apple_hit_1/r0_246.jpg,apple_hit_1,val
Images/Training/apple_hit_1/r0_248.jpg,apple_hit_1,val
Images/Training/apple_hit_1/r0_250.jpg,apple_hit_1,val
Images/Training/apple_hit_1/r0_252.jpg,apple_hit_1,val
Images/Training/apple_hit_1/r0_254.jpg,apple_hit_1,val
Images/Training/apple_hit_1/r0_256.jpg,apple_hit_1,val
Images/Training/apple_hit_1/r0_258.jpg,apple_hit_1,val
Images/Training/apple_hit_1/r0_26.jpg,apple_hit_1,train
Images/Training/apple_hit_1/r0_260.jpg,apple_hit_1,val
Images/Training/apple_hit_1/r0_262.jpg,apple_hit_1,val
Images/Training/apple_hit_1/r0_264.jpg,apple_hit_1,val
Images/Training/apple_hit_1/r0_266.jpg,apple_hit_1,val
Images/Training/apple_hit_1/r0_268.jpg,apple_hit_1,val
Images/Training/apple_hit_1/r0_270.jpg,apple_hit_1,val
Images/Training/apple_hit_1/r0_272.jpg,apple_hit_1,test
Images/Training/apple_hit_1/r0_274.jpg,apple_hit_1,test
Images/Training/apple_hit_1/r0_276.jpg,apple_hit_1,test
Images/Training/apple_hit_1/r0_278.jpg,apple_hit_1,test
Images/Training/apple_hit_1/r0_28.jpg,apple_hit_1,train
Images/Training/apple_hit_1/r0_280.jpg,apple_hit_1,test
Images/Training/apple_hit_1/r0_282.jpg,apple_hit_1,test
Images/Training/apple_hit_1/r0_284.jpg,apple_hit_1,test
Images/Training/apple_hit_1/r0_286.jpg,apple_hit_1,test
Images/Training/apple_hit_1/r0_288.jpg,apple_hit_1,test
Images/Training/apple_hit_1/r0_290.jpg,apple_hit_1,test
Images/Training/apple_hit_1/r0_292.jpg,apple_hit_1,test
Images/Training/apple_hit_1/r0_294.jpg,apple_hit_1,test
Images/Training/apple_hit_1/r0_296.jpg,apple_hit_1,test
Images/Training/apple_hit_1/r0_298.jpg,apple_hit_1,test
Images/Training/apple_hit_1/r0_30.jpg,apple_hit_1,train
Images/Training/apple_hit_1/r0_300.jpg,apple_hit_1,test
Images/Training/apple_hit_1/r0_302.jpg,apple_hit_1,test
Images/Training/apple_hit_1/r0_304.jpg,apple_hit_1,test
Images/Training/apple_hit_1/r0_306.jpg,apple_hit_1,test
Images/Training/apple_hit_1/r0_308.jpg,apple_hit_1,test
Images/Training/apple_hit_1/r0_310.jpg,apple_hit_1,test
Images/Training/apple_hit_1/r0_312.jpg,apple_hit_1,test
Images/Training/apple_hit_1/r0_314.jpg,apple_hit_1,test
Images/Training/apple_hit_1/r0_316.jpg,apple_hit_1,test
Images/Training/apple_hit_1/r0_318.jpg,apple_hit_1,test
Images/Training/apple_hit_1/r0_32.jpg,apple_hit_1,train
Images/Training/apple_hit_1/r0_34.jpg,apple_hit_1,train
Images/Training/apple_hit_1/r0_36.jpg,apple_hit_1,train
Images/Training/apple_hit_1/r0_38.jpg,apple_hit_1,train
Images/Training/apple_hit_1/r0_4.jpg,apple_hit_1,train
Images/Training/apple_hit_1/r0_40.jpg,apple_hit_1,train
Images/Training/apple_hit_1/r0_42.jpg,apple_hit_1,train
Images/Training/apple_hit_1/r0_44.jpg,apple_hit_1,train
Images/Training/apple_hit_1/r0_46.jpg,apple_hit_1,train
Images/Training/apple_hit_1/r0_48.jpg,apple_hit_1,train
Images/Training/apple_hit_1/r0_50.jpg,apple_hit_1,train
Images/Training/apple_hit_1/r0_52.jpg,apple_hit_1,train
Images/Training/apple_hit_1/r0_54.jpg,apple_hit_1,train
Images/Training/apple_hit_1/r0_56.jpg,apple_hit_1,train
Images/Training/apple_hit_1/r0_58.jpg,apple_hit_1,train
Images/Training/apple_hit_1/r0_6.jpg,apple_hit_1,train
Images/Training/apple_hit_1/r0_60.jpg,apple_hit_1,train
Images/Training/apple_hit_1/r0_62.jpg,apple_hit_1,train
Images/Training/apple_hit_1/r0_64.jpg,apple_hit_1,train
Images/Training/apple_hit_1/r0_66.jpg,apple_hit_1,train
Images/Training/apple_hit_1/r0_68.jpg,apple_hit_1,train
Images/Training/apple_hit_1/r0_70.jpg,apple_hit_1,train
Images/Training/apple_hit_1/r0_72.jpg,apple_hit_1,train
Images/Training/apple_hit_1/r0_74.jpg,apple_hit_1,train
Images/Training/apple_hit_1/r0_76.jpg,apple_hit_1,train
Images/Training/apple_hit_1/r0_78.jpg,apple_hit_1,train
Images/Training/apple_hit_1/r0_8.jpg,apple_hit_1,train
Images/Training/apple_hit_1/r0_80.jpg,apple_hit_1,train
Images/Training/apple_hit_1/r0_82.jpg,apple_hit_1,train
Images/Training/apple_hit_1/r0_84.jpg,apple_hit_1,train
Images/Training/apple_hit_1/r0_86.jpg,apple_hit_1,train
Images/Training/apple_hit_1/r0_88.jpg,apple_hit_1,train
Images/Training/apple_hit_1/r0_90.jpg,apple_hit_1,train
Images/Training/apple_hit_1/r0_92.jpg,apple_hit_1,train
Images/Training/apple_hit_1/r0_94.jpg,apple_hit_1,train
Images/Training/apple_hit_1/r0_96.jpg,apple_hit_1,train
Images/Training/apple_hit_1/r0_98.jpg,apple_hit_1,train
Images/Training/apple_hit_1/r1_0.jpg,apple_hit_1,train
Images/Training/apple_hit_1/r1_10.jpg,apple_hit_1,train
Images/Training/apple_hit_1/r1_100.jpg,apple_hit_1,train
Images/Training/apple_hit_1/r1_102.jpg,apple_hit_1,train
Images/Training/apple_hit_1/r1_104.jpg,apple_hit_1,train
Images/Training/apple_hit_1/r1_106.jpg,apple_hit_1,train
Images/Training/apple_hit_1/r1_108.jpg,apple_hit_1,train
Images/Training/apple_hit_1/r1_110.jpg,apple_hit_1,train
Images/Training/apple_hit_1/r1_112.jpg,apple_hit_1,train
Images/Training/apple_hit_1/r1_114.jpg,apple_hit_1,train
Images/Training/apple_hit_1/r1_116.jpg,apple_hit_1,train
Images/Training/apple_hit_1/r1_118.jpg,apple_hit_1,train
Images/Training/apple_hit_1/r1_12.jpg,apple_hit_1,train
Images/Training/apple_hit_1/r1_120.jpg,apple_hit_1,train
Images/Training/apple_hit_1/r1_122.jpg,apple_hit_1,train
Images/Training/apple_hit_1/r1_124.jpg,apple_hit_1,train
Images/Training/apple_hit_1/r1_126.jpg,apple_hit_1,train
Images/Training/apple_hit_1/r1_128.jpg,apple_hit_1,train
Images/Training/apple_hit_1/r1_130.jpg,apple_hit_1,train
Images/Training/apple_hit_1/r1_132.jpg,apple_hit_1,train
Images/Training/apple_hit_1/r1_134.jpg,apple_hit_1,train
Images/Training/apple_hit_1/r1_136.jpg,apple_hit_1,train
Images/Training/apple_hit_1/r1_138.jpg,apple_hit_1,train
Images/Training/apple_hit_1/r1_14.jpg,apple_hit_1,train
Images/Training/apple_hit_1/r1_140.jpg,apple_hit_1,train
Images/Training/apple_hit_1/r1_142.jpg,apple_hit_1,train
Images/Training/apple_hit_1/r1_144.jpg,apple_hit_1,train
Images/Training/apple_hit_1/r1_146.jpg,apple_hit_1,train
Images/Training/apple_hit_1/r1_148.jpg,apple_hit_1,train
Images/Training/apple_hit_1/r1_150.jpg,apple_hit_1,train
Images/Training/apple_hit_1/r1_152.jpg,apple_hit_1,train
Images/Training/apple_hit_1/r1_154.jpg,apple_hit_1,train
Images/Training/apple_hit_1/r1_156.jpg,apple_hit_1,train
Images/Training/apple_hit_1/r1_158.jpg,apple_hit_1,train
Images/Training/apple_hit_1/r1_16.jpg,apple_hit_1,train
Images/Training/apple_hit_1/r1_160.jpg,apple_hit_1,train
Images/Training/apple_hit_1/r1_162.jpg,apple_hit_1,train
Images/Training/apple_hit_1/r1_164.jpg,apple_hit_1,train
Images/Training/apple_hit_1/r1_166.jpg,apple_hit_1,train
Images/Training/apple_hit_1/r1_168.jpg,apple_hit_1,train
Images/Training/apple_hit_1/r1_170.jpg,apple_hit_1,train
Images/Training/apple_hit_1/r1_172.jpg,apple_hit_1,train
Images/Training/apple_hit_1/r1_174.jpg,apple_hit_1,train
Images/Training/apple_hit_1/r1_176.jpg,apple_hit_1,train
Images/Training/apple_hit_1/r1_178.jpg,apple_hit_1,train
Images/Training/apple_hit_1/r1_18.jpg,apple_hit_1,train
Images/Training/apple_hit_1/r1_180.jpg,apple_hit_1,train
Images/Training/apple_hit_1/r1_182.jpg,apple_hit_1,train
Images/Training/apple_hit_1/r1_184.jpg,apple_hit_1,train
Images/Training/apple_hit_1/r1_186.jpg,apple_hit_1,train
Images/Training/apple_hit_1/r1_188.jpg,apple_hit_1,train
Images/Training/apple_hit_1/r1_190.jpg,apple_hit_1,train
Images/Training/apple_hit_1/r1_192.jpg,apple_hit_1,train
Images/Training/apple_hit_1/r1_194.jpg,apple_hit_1,train
Images/Training/apple_hit_1/r1_196.jpg,apple_hit_1,train
Images/Training/apple_hit_1/r1_198.jpg,apple_hit_1,train
Images/Training/apple_hit_1/r1_2.jpg,apple_hit_1,train
Images/Training/apple_hit_1/r1_20.jpg,apple_hit_1,train
Images/Training/apple_hit_1/r1_200.jpg,apple_hit_1,train
Images/Training/apple_hit_1/r1_202.jpg,apple_hit_1,train
Images/Training/apple_hit_1/r1_204.jpg,apple_hit_1,train
Images/Training/apple_hit_1/r1_206.jpg,apple_hit_1,train
Images/Training/apple_hit_1/r1_208.jpg,apple_hit_1,train
Images/Training/apple_hit_1/r1_210.jpg,apple_hit_1,train
Images/Training/apple_hit_1/r1_212.jpg,apple_hit_1,train
Images/Training/apple_hit_1/r1_214.jpg,apple_hit_1,train
Images/Training/apple_hit_1/r1_216.jpg,apple_hit_1,val
Images/Training/apple_hit_1/r1_218.jpg,apple_hit_1,val
Images/Training/apple_hit_1/r1_22.jpg,apple_hit_1,train
Images/Training/apple_hit_1/r1_220.jpg,apple_hit_1,val
Images/Training/apple_hit_1/r1_222.jpg,apple_hit_1,val
Images/Training/apple_hit_1/r1_224.jpg,apple_hit_1,val
Images/Training/apple_hit_1/r1_226.jpg,apple_hit_1,val
Images/Training/apple_hit_1/r1_228.jpg,apple_hit_1,val
Images/Training/apple_hit_1/r1_230.jpg,apple_hit_1,val
Images/Training/apple_hit_1/r1_232.jpg,apple_hit_1,val
Images/Training/apple_hit_1/r1_234.jpg,apple_hit_1,val
Images/Training/apple_hit_1/r1_236.jpg,apple_hit_1,val
Images/Training/apple_hit_1/r1_238.jpg,apple_hit_1,val
Images/Training/apple_hit_1/r1_24.jpg,apple_hit_1,train
Images/Training/apple_hit_1/r1_240.jpg,apple_hit_1,val
Images/Training/apple_hit_1/r1_242.jpg,apple_hit_1,val
Images/Training/apple_hit_1/r1_244.jpg,apple_hit_1,val
Images/Training/apple_hit_1/r1_246.jpg,apple_hit_1,val
Images/Training/apple_hit_1/r1_248.jpg,apple_hit_1,val
Images/Training/apple_hit_1/r1_250.jpg,apple_hit_1,val
Images/Training/apple_hit_1/r1_252.jpg,apple_hit_1,val
Images/Training/apple_hit_1/r1_254.jpg,apple_hit_1,val
Images/Training/apple_hit_1/r1_256.jpg,apple_hit_1,val
Images/Training/apple_hit_1/r1_258.jpg,apple_hit_1,val
Images/Training/apple_hit_1/r1_26.jpg,apple_hit_1,train
Images/Training/apple_hit_1/r1_260.jpg,apple_hit_1,val
Images/Training/apple_hit_1/r1_262.jpg,apple_hit_1,test
Images/Training/apple_hit_1/r1_264.jpg,apple_hit_1,test
Images/Training/apple_hit_1/r1_266.jpg,apple_hit_1,test
Images/Training/apple_hit_1/r1_268.jpg,apple_hit_1,test
Images/Training/apple_hit_1/r1_270.jpg,apple_hit_1,test
Images/Training/apple_hit_1/r1_272.jpg,apple_hit_1,test
Images/Training/apple_hit_1/r1_274.jpg,apple_hit_1,test
Images/Training/apple_hit_1/r1_276.jpg,apple_hit_1,test
Images/Training/apple_hit_1/r1_278.jpg,apple_hit_1,test
Images/Training/apple_hit_1/r1_28.jpg,apple_hit_1,train
Images/Training/apple_hit_1/r1_280.jpg,apple_hit_1,test
Images/Training/apple_hit_1/r1_282.jpg,apple_hit_1,test
Images/Training/apple_hit_1/r1_284.jpg,apple_hit_1,test
Images/Training/apple_hit_1/r1_286.jpg,apple_hit_1,test
Images/Training/apple_hit_1/r1_288.jpg,apple_hit_1,test
Images/Training/apple_hit_1/r1_290.jpg,apple_hit_1,test
Images/Training/apple_hit_1/r1_292.jpg,apple_hit_1,test
Images/Training/apple_hit_1/r1_294.jpg,apple_hit_1,test
Images/Training/apple_hit_1/r1_296.jpg,apple_hit_1,test
Images/Training/apple_hit_1/r1_298.jpg,apple_hit_1,test
Images/Training/apple_hit_1/r1_30.jpg,apple_hit_1,train
Images/Training/apple_hit_1/r1_300.jpg,apple_hit_1,test
Images/Training/apple_hit_1/r1_302.jpg,apple_hit_1,test
Images/Training/apple_hit_1/r1_304.jpg,apple_hit_1,test
Images/Training/apple_hit_1/r1_306.jpg,apple_hit_1,test
Images/Training/apple_hit_1/r1_32.jpg,apple_hit_1,train
Images/Training/apple_hit_1/r1_34.jpg,apple_hit_1,train
Images/Training/apple_hit_1/r1_36.jpg,apple_hit_1,train
Images/Training/apple_hit_1/r1_38.jpg,apple_hit_1,train
Images/Training/apple_hit_1/r1_4.jpg,apple_hit_1,train
Images/Training/apple_hit_1/r1_40.jpg,apple_hit_1,train
Images/Training/apple_hit_1/r1_42.jpg,apple_hit_1,train
Images/Training/apple_hit_1/r1_44.jpg,apple_hit_1,train
Images/Training/apple_hit_1/r1_46.jpg,apple_hit_1,train
Images/Training/apple_hit_1/r1_48.jpg,apple_hit_1,train
Images/Training/apple_hit_1/r1_50.jpg,apple_hit_1,train
Images/Training/apple_hit_1/r1_52.jpg,apple_hit_1,train
Images/Training/apple_hit_1/r1_54.jpg,apple_hit_1,train
Images/Training/apple_hit_1/r1_56.jpg,apple_hit_1,train
Images/Training/apple_hit_1/r1_58.jpg,apple_hit_1,train
Images/Training/apple_hit_1/r1_6.jpg,apple_hit_1,train
Images/Training/apple_hit_1/r1_60.jpg,apple_hit_1,train
Images/Training/apple_hit_1/r1_62.jpg,apple_hit_1,train
Images/Training/apple_hit_1/r1_64.jpg,apple_hit_1,train
Images/Training/apple_hit_1/r1_66.jpg,apple_hit_1,train
Images/Training/apple_hit_1/r1_68.jpg,apple_hit_1,train
Images/Training/apple_hit_1/r1_70.jpg,apple_hit_1,train
Images/Training/apple_hit_1/r1_72.jpg,apple_hit_1,train
Images/Training/apple_hit_1/r1_74.jpg,apple_hit_1,train
Images/Training/apple_hit_1/r1_76.jpg,apple_hit_1,train
Images/Training/apple_hit_1/r1_78.jpg,apple_hit_1,train
Images/Training/apple_hit_1/r1_8.jpg,apple_hit_1,train
Images/Training/apple_hit_1/r1_80.jpg,apple_hit_1,train
Images/Training/apple_hit_1/r1_82.jpg,apple_hit_1,train
Images/Training/apple_hit_1/r1_84.jpg,apple_hit_1,train
Images/Training/apple_hit_1/r1_86.jpg,apple_hit_1,train
Images/Training/apple_hit_1/r1_88.jpg,apple_hit_1,train
Images/Training/apple_hit_1/r1_90.jpg,apple_hit_1,train
Images/Training/apple_hit_1/r1_92.jpg,apple_hit_1,train
Images/Training/apple_hit_1/r1_94.jpg,apple_hit_1,train
Images/Training/apple_hit_1/r1_96.jpg,apple_hit_1,train
Images/Training/apple_hit_1/r1_98.jpg,apple_hit_1,train
Images/Training/apple_hit_1/r2_0.jpg,apple_hit_1,train
Images/Training/apple_hit_1/r2_10.jpg,apple_hit_1,train
Images/Training/apple_hit_1/r2_100.jpg,apple_hit_1,train
Images/Training/apple_hit_1/r2_102.jpg,apple_hit_1,train
Images/Training/apple_hit_1/r2_104.jpg,apple_hit_1,train
Images/Training/apple_hit_1/r2_106.jpg,apple_hit_1,train
Images/Training/apple_hit_1/r2_108.jpg,apple_hit_1,train
Images/Training/apple_hit_1/r2_110.jpg,apple_hit_1,train
Images/Training/apple_hit_1/r2_112.jpg,apple_hit_1,train
Images/Training/apple_hit_1/r2_114.jpg,apple_hit_1,train
Images/Training/apple_hit_1/r2_116.jpg,apple_hit_1,train
Images/Training/apple_hit_1/r2_118.jpg,apple_hit_1,train
Images/Training/apple_hit_1/r2_12.jpg,apple_hit_1,train
Images/Training/apple_hit_1/r2_120.jpg,apple_hit_1,train
Images/Training/apple_hit_1/r2_122.jpg,apple_hit_1,train
Images/Training/apple_hit_1/r2_124.jpg,apple_hit_1,train
Images/Training/apple_hit_1/r2_126.jpg,apple_hit_1,train
Images/Training/apple_hit_1/r2_128.jpg,apple_hit_1,train
Images/Training/apple_hit_1/r2_130.jpg,apple_hit_1,train
Images/Training/apple_hit_1/r2_132.jpg,apple_hit_1,train
Images/Training/apple_hit_1/r2_134.jpg,apple_hit_1,train
Images/Training/apple_hit_1/r2_136.jpg,apple_hit_1,train
Images/Training/apple_hit_1/r2_138.jpg,apple_hit_1,train
Images/Training/apple_hit_1/r2_14.jpg,apple_hit_1,train
Images/Training/apple_hit_1/r2_140.jpg,apple_hit_1,train
Images/Training/apple_hit_1/r2_142.jpg,apple_hit_1,train
Images/Training/apple_hit_1/r2_144.jpg,apple_hit_1,train
Images/Training/apple_hit_1/r2_146.jpg,apple_hit_1,train
Images/Training/apple_hit_1/r2_148.jpg,apple_hit_1,train
Images/Training/apple_hit_1/r2_150.jpg,apple_hit_1,train
Images/Training/apple_hit_1/r2_152.jpg,apple_hit_1,train
Images/Training/apple_hit_1/r2_154.jpg,apple_hit_1,train
Images/Training/apple_hit_1/r2_156.jpg,apple_hit_1,train
Images/Training/apple_hit_1/r2_158.jpg,apple_hit_1,train
Images/Training/apple_hit_1/r2_16.jpg,apple_hit_1,train
Images/Training/apple_hit_1/r2_160.jpg,apple_hit_1,train
Images/Training/apple_hit_1/r2_162.jpg,apple_hit_1,train
Images/Training/apple_hit_1/r2_164.jpg,apple_hit_1,train
Images/Training/apple_hit_1/r2_166.jpg,apple_hit_1,train
Images/Training/apple_hit_1/r2_168.jpg,apple_hit_1,train
Images/Training/apple_hit_1/r2_170.jpg,apple_hit_1,train
Images/Training/apple_hit_1/r2_172.jpg,apple_hit_1,train
Images/Training/apple_hit_1/r2_174.jpg,apple_hit_1,train
Images/Training/apple_hit_1/r2_176.jpg,apple_hit_1,train
Images/Training/apple_hit_1/r2_178.jpg,apple_hit_1,train
Images/Training/apple_hit_1/r2_18.jpg,apple_hit_1,train
Images/Training/apple_hit_1/r2_180.jpg,apple_hit_1,train
Images/Training/apple_hit_1/r2_182.jpg,apple_hit_1,train
Images/Training/apple_hit_1/r2_184.jpg,apple_hit_1,train
Images/Training/apple_hit_1/r2_186.jpg,apple_hit_1,train
Images/Training/apple_hit_1/r2_188.jpg,apple_hit_1,train
Images/Training/apple_hit_1/r2_190.jpg,apple_hit_1,train
Images/Training/apple_hit_1/r2_192.jpg,apple_hit_1,train
Images/Training/apple_hit_1/r2_194.jpg,apple_hit_1,train
Images/Training/apple_hit_1/r2_196.jpg,apple_hit_1,train
Images/Training/apple_hit_1/r2_198.jpg,apple_hit_1,train
Images/Training/apple_hit_1/r2_2.jpg,apple_hit_1,train
Images/Training/apple_hit_1/r2_20.jpg,apple_hit_1,train
Images/Training/apple_hit_1/r2_200.jpg,apple_hit_1,train
Images/Training/apple_hit_1/r2_202.jpg,apple_hit_1,train
Images/Training/apple_hit_1/r2_204.jpg,apple_hit_1,train
Images/Training/apple_hit_1/r2_206.jpg,apple_hit_1,train
Images/Training/apple_hit_1/r2_208.jpg,apple_hit_1,train
Images/Training/apple_hit_1/r2_210.jpg,apple_hit_1,train
Images/Training/apple_hit_1/r2_212.jpg,apple_hit_1,train
Images/Training/apple_hit_1/r2_214.jpg,apple_hit_1,train
Images/Training/apple_hit_1/r2_216.jpg,apple_hit_1,val
Images/Training/apple_hit_1/r2_218.jpg,apple_hit_1,val
Images/Training/apple_hit_1/r2_22.jpg,apple_hit_1,train
Images/Training/apple_hit_1/r2_220.jpg,apple_hit_1,val
Images/Training/apple_hit_1/r2_222.jpg,apple_hit_1,val
Images/Training/apple_hit_1/r2_224.jpg,apple_hit_1,val
Images/Training/apple_hit_1/r2_226.jpg,apple_hit_1,val
Images/Training/apple_hit_1/r2_228.jpg,apple_hit_1,val
Images/Training/apple_hit_1/r2_230.jpg,apple_hit_1,val
Images/Training/apple_hit_1/r2_232.jpg,apple_hit_1,val
Images/Training/apple_hit_1/r2_234.jpg,apple_hit_1,val
Images/Training/apple_hit_1/r2_236.jpg,apple_hit_1,val
Images/Training/apple_hit_1/r2_238.jpg,apple_hit_1,val
Images/Training/apple_hit_1/r2_24.jpg,apple_hit_1,train
Images/Training/apple_hit_1/r2_240.jpg,apple_hit_1,val
Images/Training/apple_hit_1/r2_242.jpg,apple_hit_1,val
Images/Training/apple_hit_1/r2_244.jpg,apple_hit_1,val
Images/Training/apple_hit_1/r2_246.jpg,apple_hit_1,val
Images/Training/apple_hit_1/r2_248.jpg,apple_hit_1,val
Images/Training/apple_hit_1/r2_250.jpg,apple_hit_1,val
Images/Training/apple_hit_1/r2_252.jpg,apple_hit_1,val
Images/Training/apple_hit_1/r2_254.jpg,apple_hit_1,val
Images/Training/apple_hit_1/r2_256.jpg,apple_hit_1,val
Images/Training/apple_hit_1/r2_258.jpg,apple_hit_1,val
Images/Training/apple_hit_1/r2_26.jpg,apple_hit_1,train
Images/Training/apple_hit_1/r2_260.jpg,apple_hit_1,val
Images/Training/apple_hit_1/r2_262.jpg,apple_hit_1,test
Images/Training/apple_hit_1/r2_264.jpg,apple_hit_1,test
Images/Training/apple_hit_1/r2_266.jpg,apple_hit_1,test
Images/Training/apple_hit_1/r2_268.jpg,apple_hit_1,test
Images/Training/apple_hit_1/r2_270.jpg,apple_hit_1,test
Images/Training/apple_hit_1/r2_272.jpg,apple_hit_1,test
Images/Training/apple_hit_1/r2_274.jpg,apple_hit_1,test
Images/Training/apple_hit_1/r2_276.jpg,apple_hit_1,test
Images/Training/apple_hit_1/r2_278.jpg,apple_hit_1,test
Images/Training/apple_hit_1/r2_28.jpg,apple_hit_1,train
Images/Training/apple_hit_1/r2_280.jpg,apple_hit_1,test
Images/Training/apple_hit_1/r2_282.jpg,apple_hit_1,test
Images/Training/apple_hit_1/r2_284.jpg,apple_hit_1,test
Images/Training/apple_hit_1/r2_286.jpg,apple_hit_1,test
Images/Training/apple_hit_1/r2_288.jpg,apple_hit_1,test
Images/Training/apple_hit_1/r2_290.jpg,apple_hit_1,test
Images/Training/apple_hit_1/r2_292.jpg,apple_hit_1,test
Images/Training/apple_hit_1/r2_294.jpg,apple_hit_1,test
Images/Training/apple_hit_1/r2_296.jpg,apple_hit_1,test
Images/Training/apple_hit_1/r2_298.jpg,apple_hit_1,test
Images/Training/apple_hit_1/r2_30.jpg,apple_hit_1,train
Images/Training/apple_hit_1/r2_300.jpg,apple_hit_1,test
Images/Training/apple_hit_1/r2_302.jpg,apple_hit_1,test
Images/Training/apple_hit_1/r2_304.jpg,apple_hit_1,test
Images/Training/apple_hit_1/r2_306.jpg,apple_hit_1,test
Images/Training/apple_hit_1/r2_32.jpg,apple_hit_1,train
Images/Training/apple_hit_1/r2_34.jpg,apple_hit_1,train
Images/Training/apple_hit_1/r2_36.jpg,apple_hit_1,train
Images/Training/apple_hit_1/r2_38.jpg,apple_hit_1,train
Images/Training/apple_hit_1/r2_4.jpg,apple_hit_1,train
Images/Training/apple_hit_1/r2_40.jpg,apple_hit_1,train
Images/Training/apple_hit_1/r2_42.jpg,apple_hit_1,train
Images/Training/apple_hit_1/r2_44.jpg,apple_hit_1,train
Images/Training/apple_hit_1/r2_46.jpg,apple_hit_1,train
Images/Training/apple_hit_1/r2_48.jpg,apple_hit_1,train
Images/Training/apple_hit_1/r2_50.jpg,apple_hit_1,train
Images/Training/apple_hit_1/r2_52.jpg,apple_hit_1,train
Images/Training/apple_hit_1/r2_54.jpg,apple_hit_1,train
Images/Training/apple_hit_1/r2_56.jpg,apple_hit_1,train
Images/Training/apple_hit_1/r2_58.jpg,apple_hit_1,train
Images/Training/apple_hit_1/r2_6.jpg,apple_hit_1,train
Images/Training/apple_hit_1/r2_60.jpg,apple_hit_1,train
Images/Training/apple_hit_1/r2_62.jpg,apple_hit_1,train
Images/Training/apple_hit_1/r2_64.jpg,apple_hit_1,train
Images/Training/apple_hit_1/r2_66.jpg,apple_hit_1,train
Images/Training/apple_hit_1/r2_68.jpg,apple_hit_1,train
Images/Training/apple_hit_1/r2_70.jpg,apple_hit_1,train
Images/Training/apple_hit_1/r2_72.jpg,apple_hit_1,train
Images/Training/apple_hit_1/r2_74.jpg,apple_hit_1,train
Images/Training/apple_hit_1/r2_76.jpg,apple_hit_1,train
Images/Training/apple_hit_1/r2_78.jpg,apple_hit_1,train
Images/Training/apple_hit_1/r2_8.jpg,apple_hit_1,train
Images/Training/apple_hit_1/r2_80.jpg,apple_hit_1,train
Images/Training/apple_hit_1/r2_82.jpg,apple_hit_1,train
Images/Training/apple_hit_1/r2_84.jpg,apple_hit_1,train
Images/Training/apple_hit_1/r2_86.jpg,apple_hit_1,train
Images/Training/apple_hit_1/r2_88.jpg,apple_hit_1,train
Images/Training/apple_hit_1/r2_90.jpg,apple_hit_1,train
Images/Training/apple_hit_1/r2_92.jpg,apple_hit_1,train
Images/Training/apple_hit_1/r2_94.jpg,apple_hit_1,train
Images/Training/apple_hit_1/r2_96.jpg,apple_hit_1,train
Images/Training/apple_hit_1/r2_98.jpg,apple_hit_1,train
Images/Training/apple_pink_lady_1/r0_0.jpg,apple_pink_lady_1,train
Images/Training/apple_pink_lady_1/r0_10.jpg,apple_pink_lady_1,train
Images/Training/apple_pink_lady_1/r0_100.jpg,apple_pink_lady_1,train
Images/Training/apple_pink_lady_1/r0_102.jpg,apple_pink_lady_1,train
Images/Training/apple_pink_lady_1/r0_104.jpg,apple_pink_lady_1,train
Images/Training/apple_pink_lady_1/r0_106.jpg,apple_pink_lady_1,train
Images/Training/apple_pink_lady_1/r0_108.jpg,apple_pink_lady_1,train
Images/Training/apple_pink_lady_1/r0_110.jpg,apple_pink_lady_1,train
Images/Training/apple_pink_lady_1/r0_112.jpg,apple_pink_lady_1,train
Images/Training/apple_pink_lady_1/r0_114.jpg,apple_pink_lady_1,train
Images/Training/apple_pink_lady_1/r0_116.jpg,apple_pink_lady_1,train
Images/Training/apple_pink_lady_1/r0_118.jpg,apple_pink_lady_1,train
Images/Training/apple_pink_lady_1/r0_12.jpg,apple_pink_lady_1,train
Images/Training/apple_pink_lady_1/r0_120.jpg,apple_pink_lady_1,train
Images/Training/apple_pink_lady_1/r0_122.jpg,apple_pink_lady_1,train
Images/Training/apple_pink_lady_1/r0_124.jpg,apple_pink_lady_1,train
Images/Training/apple_pink_lady_1/r0_126.jpg,apple_pink_lady_1,train
Images/Training/apple_pink_lady_1/r0_128.jpg,apple_pink_lady_1,train
Images/Training/apple_pink_lady_1/r0_130.jpg,apple_pink_lady_1,train
Images/Training/apple_pink_lady_1/r0_132.jpg,apple_pink_lady_1,train
Images/Training/apple_pink_lady_1/r0_134.jpg,apple_pink_lady_1,train
Images/Training/apple_pink_lady_1/r0_136.jpg,apple_pink_lady_1,train
Images/Training/apple_pink_lady_1/r0_138.jpg,apple_pink_lady_1,train
Images/Training/apple_pink_lady_1/r0_14.jpg,apple_pink_lady_1,train
Images/Training/apple_pink_lady_1/r0_140.jpg,apple_pink_lady_1,train
Images/Training/apple_pink_lady_1/r0_142.jpg,apple_pink_lady_1,train
Images/Training/apple_pink_lady_1/r0_144.jpg,apple_pink_lady_1,train
Images/Training/apple_pink_lady_1/r0_146.jpg,apple_pink_lady_1,train
Images/Training/apple_pink_lady_1/r0_148.jpg,apple_pink_lady_1,train
Images/Training/apple_pink_lady_1/r0_150.jpg,apple_pink_lady_1,train
Images/Training/apple_pink_lady_1/r0_152.jpg,apple_pink_lady_1,train
Images/Training/apple_pink_lady_1/r0_154.jpg,apple_pink_lady_1,train
Images/Training/apple_pink_lady_1/r0_156.jpg,apple_pink_lady_1,train
Images/Training/apple_pink_lady_1/r0_158.jpg,apple_pink_lady_1,train
Images/Training/apple_pink_lady_1/r0_16.jpg,apple_pink_lady_1,train
Images/Training/apple_pink_lady_1/r0_160.jpg,apple_pink_lady_1,train
Images/Training/apple_pink_lady_1/r0_162.jpg,apple_pink_lady_1,train
Images/Training/apple_pink_lady_1/r0_164.jpg,apple_pink_lady_1,train
Images/Training/apple_pink_lady_1/r0_166.jpg,apple_pink_lady_1,train
Images/Training/apple_pink_lady_1/r0_168.jpg,apple_pink_lady_1,train
Images/Training/apple_pink_lady_1/r0_170.jpg,apple_pink_lady_1,train
Images/Training/apple_pink_lady_1/r0_172.jpg,apple_pink_lady_1,train
Images/Training/apple_pink_lady_1/r0_174.jpg,apple_pink_lady_1,train
Images/Training/apple_pink_lady_1/r0_176.jpg,apple_pink_lady_1,train
Images/Training/apple_pink_lady_1/r0_178.jpg,apple_pink_lady_1,train
Images/Training/apple_pink_lady_1/r0_18.jpg,apple_pink_lady_1,train
Images/Training/apple_pink_lady_1/r0_180.jpg,apple_pink_lady_1,train
Images/Training/apple_pink_lady_1/r0_182.jpg,apple_pink_lady_1,train
Images/Training/apple_pink_lady_1/r0_184.jpg,apple_pink_lady_1,train
Images/Training/apple_pink_lady_1/r0_186.jpg,apple_pink_lady_1,train
Images/Training/apple_pink_lady_1/r0_188.jpg,apple_pink_lady_1,train
Images/Training/apple_pink_lady_1/r0_190.jpg,apple_pink_lady_1,train
Images/Training/apple_pink_lady_1/r0_192.jpg,apple_pink_lady_1,train
Images/Training/apple_pink_lady_1/r0_194.jpg,apple_pink_lady_1,train
Images/Training/apple_pink_lady_1/r0_196.jpg,apple_pink_lady_1,train
Images/Training/apple_pink_lady_1/r0_198.jpg,apple_pink_lady_1,train
Images/Training/apple_pink_lady_1/r0_2.jpg,apple_pink_lady_1,train
Images/Training/apple_pink_lady_1/r0_20.jpg,apple_pink_lady_1,train
Images/Training/apple_pink_lady_1/r0_200.jpg,apple_pink_lady_1,train
Images/Training/apple_pink_lady_1/r0_202.jpg,apple_pink_lady_1,train
Images/Training/apple_pink_lady_1/r0_204.jpg,apple_pink_lady_1,train
Images/Training/apple_pink_lady_1/r0_206.jpg,apple_pink_lady_1,train
Images/Training/apple_pink_lady_1/r0_208.jpg,apple_pink_lady_1,train
Images/Training/apple_pink_lady_1/r0_210.jpg,apple_pink_lady_1,train
Images/Training/apple_pink_lady_1/r0_212.jpg,apple_pink_lady_1,train
Images/Training/apple_pink_lady_1/r0_214.jpg,apple_pink_lady_1,val
Images/Training/apple_pink_lady_1/r0_216.jpg,apple_pink_lady_1,val
Images/Training/apple_pink_lady_1/r0_218.jpg,apple_pink_lady_1,val
Images/Training/apple_pink_lady_1/r0_22.jpg,apple_pink_lady_1,train
Images/Training/apple_pink_lady_1/r0_220.jpg,apple_pink_lady_1,val
Images/Training/apple_pink_lady_1/r0_222.jpg,apple_pink_lady_1,val
Images/Training/apple_pink_lady_1/r0_224.jpg,apple_pink_lady_1,val
Images/Training/apple_pink_lady_1/r0_226.jpg,apple_pink_lady_1,val
Images/Training/apple_pink_lady_1/r0_228.jpg,apple_pink_lady_1,val
Images/Training/apple_pink_lady_1/r0_230.jpg,apple_pink_lady_1,val
Images/Training/apple_pink_lady_1/r0_232.jpg,apple_pink_lady_1,val
Images/Training/apple_pink_lady_1/r0_234.jpg,apple_pink_lady_1,val
Images/Training/apple_pink_lady_1/r0_236.jpg,apple_pink_lady_1,val
Images/Training/apple_pink_lady_1/r0_238.jpg,apple_pink_lady_1,val
Images/Training/apple_pink_lady_1/r0_24.jpg,apple_pink_lady_1,train
Images/Training/apple_pink_lady_1/r0_240.jpg,apple_pink_lady_1,val
Images/Training/apple_pink_lady_1/r0_242.jpg,apple_pink_lady_1,val
Images/Training/apple_pink_lady_1/r0_244.jpg,apple_pink_lady_1,val
Images/Training/apple_pink_lady_1/r0_246.jpg,apple_pink_lady_1,val
Images/Training/apple_pink_lady_1/r0_248.jpg,apple_pink_lady_1,val
Images/Training/apple_pink_lady_1/r0_250.jpg,apple_pink_lady_1,val
Images/Training/apple_pink_lady_1/r0_252.jpg,apple_pink_lady_1,val
Images/Training/apple_pink_lady_1/r0_254.jpg,apple_pink_lady_1,val
Images/Training/apple_pink_lady_1/r0_256.jpg,apple_pink_lady_1,val
Images/Training/apple_pink_lady_1/r0_258.jpg,apple_pink_lady_1,val
Images/Training/apple_pink_lady_1/r0_26.jpg,apple_pink_lady_1,train
Images/Training/apple_pink_lady_1/r0_260.jpg,apple_pink_lady_1,test
Images/Training/apple_pink_lady_1/r0_262.jpg,apple_pink_lady_1,test
Images/Training/apple_pink_lady_1/r0_264.jpg,apple_pink_lady_1,test
Images/Training/apple_pink_lady_1/r0_266.jpg,apple_pink_lady_1,test
Images/Training/apple_pink_lady_1/r0_268.jpg,apple_pink_lady_1,test
Images/Training/apple_pink_lady_1/r0_270.jpg,apple_pink_lady_1,test
Images/Training/apple_pink_lady_1/r0_272.jpg,apple_pink_lady_1,test
Images/Training/apple_pink_lady_1/r0_274.jpg,apple_pink_lady_1,test
Images/Training/apple_pink_lady_1/r0_276.jpg,apple_pink_lady_1,test
Images/Training/apple_pink_lady_1/r0_278.jpg,apple_pink_lady_1,test
Images/Training/apple_pink_lady_1/r0_28.jpg,apple_pink_lady_1,train
Images/Training/apple_pink_lady_1/r0_280.jpg,apple_pink_lady_1,test
Images/Training/apple_pink_lady_1/r0_282.jpg,apple_pink_lady_1,test
Images/Training/apple_pink_lady_1/r0_284.jpg,apple_pink_lady_1,test
Images/Training/apple_pink_lady_1/r0_286.jpg,apple_pink_lady_1,test
Images/Training/apple_pink_lady_1/r0_288.jpg,apple_pink_lady_1,test
Images/Training/apple_pink_lady_1/r0_290.jpg,apple_pink_lady_1,test
Images/Training/apple_pink_lady_1/r0_292.jpg,apple_pink_lady_1,test
Images/Training/apple_pink_lady_1/r0_294.jpg,apple_pink_lady_1,test
Images/Training/apple_pink_lady_1/r0_296.jpg,apple_pink_lady_1,test
Images/Training/apple_pink_lady_1/r0_298.jpg,apple_pink_lady_1,test
Images/Training/apple_pink_lady_1/r0_30.jpg,apple_pink_lady_1,train
Images/Training/apple_pink_lady_1/r0_300.jpg,apple_pink_lady_1,test
Images/Training/apple_pink_lady_1/r0_302.jpg,apple_pink_lady_1,test
Images/Training/apple_pink_lady_1/r0_304.jpg,apple_pink_lady_1,test
Images/Training/apple_pink_lady_1/r0_32.jpg,apple_pink_lady_1,train
Images/Training/apple_pink_lady_1/r0_34.jpg,apple_pink_lady_1,train
Images/Training/apple_pink_lady_1/r0_36.jpg,apple_pink_lady_1,train
Images/Training/apple_pink_lady_1/r0_38.jpg,apple_pink_lady_1,train
Images/Training/apple_pink_lady_1/r0_4.jpg,apple_pink_lady_1,train
Images/Training/apple_pink_lady_1/r0_40.jpg,apple_pink_lady_1,train
Images/Training/apple_pink_lady_1/r0_42.jpg,apple_pink_lady_1,train
Images/Training/apple_pink_lady_1/r0_44.jpg,apple_pink_lady_1,train
Images/Training/apple_pink_lady_1/r0_46.jpg,apple_pink_lady_1,train
Images/Training/apple_pink_lady_1/r0_48.jpg,apple_pink_lady_1,train
Images/Training/apple_pink_lady_1/r0_50.jpg,apple_pink_lady_1,train
Images/Training/apple_pink_lady_1/r0_52.jpg,apple_pink_lady_1,train
Images/Training/apple_pink_lady_1/r0_54.jpg,apple_pink_lady_1,train
Images/Training/apple_pink_lady_1/r0_56.jpg,apple_pink_lady_1,train
Images/Training/apple_pink_lady_1/r0_58.jpg,apple_pink_lady_1,train
Images/Training/apple_pink_lady_1/r0_6.jpg,apple_pink_lady_1,train
Images/Training/apple_pink_lady_1/r0_60.jpg,apple_pink_lady_1,train
Images/Training/apple_pink_lady_1/r0_62.jpg,apple_pink_lady_1,train
Images/Training/apple_pink_lady_1/r0_64.jpg,apple_pink_lady_1,train
Images/Training/apple_pink_lady_1/r0_66.jpg,apple_pink_lady_1,train
Images/Training/apple_pink_lady_1/r0_68.jpg,apple_pink_lady_1,train
Images/Training/apple_pink_lady_1/r0_70.jpg,apple_pink_lady_1,train
Images/Training/apple_pink_lady_1/r0_72.jpg,apple_pink_lady_1,train
Images/Training/apple_pink_lady_1/r0_74.jpg,apple_pink_lady_1,train
Images/Training/apple_pink_lady_1/r0_76.jpg,apple_pink_lady_1,train
Images/Training/apple_pink_lady_1/r0_78.jpg,apple_pink_lady_1,train
Images/Training/apple_pink_lady_1/r0_8.jpg,apple_pink_lady_1,train
Images/Training/apple_pink_lady_1/r0_80.jpg,apple_pink_lady_1,train
Images/Training/apple_pink_lady_1/r0_82.jpg,apple_pink_lady_1,train
Images/Training/apple_pink_lady_1/r0_84.jpg,apple_pink_lady_1,train
Images/Training/apple_pink_lady_1/r0_86.jpg,apple_pink_lady_1,train
Images/Training/apple_pink_lady_1/r0_88.jpg,apple_pink_lady_1,train
Images/Training/apple_pink_lady_1/r0_90.jpg,apple_pink_lady_1,train
Images/Training/apple_pink_lady_1/r0_92.jpg,apple_pink_lady_1,train
Images/Training/apple_pink_lady_1/r0_94.jpg,apple_pink_lady_1,train
Images/Training/apple_pink_lady_1/r0_96.jpg,apple_pink_lady_1,train
Images/Training/apple_pink_lady_1/r0_98.jpg,apple_pink_lady_1,train
Images/Training/apple_pink_lady_1/r1_0.jpg,apple_pink_lady_1,train
Images/Training/apple_pink_lady_1/r1_10.jpg,apple_pink_lady_1,train
Images/Training/apple_pink_lady_1/r1_100.jpg,apple_pink_lady_1,train
Images/Training/apple_pink_lady_1/r1_102.jpg,apple_pink_lady_1,train
Images/Training/apple_pink_lady_1/r1_104.jpg,apple_pink_lady_1,train
Images/Training/apple_pink_lady_1/r1_106.jpg,apple_pink_lady_1,train
Images/Training/apple_pink_lady_1/r1_108.jpg,apple_pink_lady_1,train
Images/Training/apple_pink_lady_1/r1_110.jpg,apple_pink_lady_1,train
Images/Training/apple_pink_lady_1/r1_112.jpg,apple_pink_lady_1,train
Images/Training/apple_pink_lady_1/r1_114.jpg,apple_pink_lady_1,train
Images/Training/apple_pink_lady_1/r1_116.jpg,apple_pink_lady_1,train
Images/Training/apple_pink_lady_1/r1_118.jpg,apple_pink_lady_1,train
Images/Training/apple_pink_lady_1/r1_12.jpg,apple_pink_lady_1,train
Images/Training/apple_pink_lady_1/r1_120.jpg,apple_pink_lady_1,train
Images/Training/apple_pink_lady_1/r1_122.jpg,apple_pink_lady_1,train
Images/Training/apple_pink_lady_1/r1_124.jpg,apple_pink_lady_1,train
Images/Training/apple_pink_lady_1/r1_126.jpg,apple_pink_lady_1,train
Images/Training/apple_pink_lady_1/r1_128.jpg,apple_pink_lady_1,train
Images/Training/apple_pink_lady_1/r1_130.jpg,apple_pink_lady_1,train
Images/Training/apple_pink_lady_1/r1_132.jpg,apple_pink_lady_1,train
Images/Training/apple_pink_lady_1/r1_134.jpg,apple_pink_lady_1,train
Images/Training/apple_pink_lady_1/r1_136.jpg,apple_pink_lady_1,train
Images/Training/apple_pink_lady_1/r1_138.jpg,apple_pink_lady_1,train
Images/Training/apple_pink_lady_1/r1_14.jpg,apple_pink_lady_1,train
Images/Training/apple_pink_lady_1/r1_140.jpg,apple_pink_lady_1,train
Images/Training/apple_pink_lady_1/r1_142.jpg,apple_pink_lady_1,train
Images/Training/apple_pink_lady_1/r1_144.jpg,apple_pink_lady_1,train
Images/Training/apple_pink_lady_1/r1_146.jpg,apple_pink_lady_1,train
Images/Training/apple_pink_lady_1/r1_148.jpg,apple_pink_lady_1,train
Images/Training/apple_pink_lady_1/r1_150.jpg,apple_pink_lady_1,train
Images/Training/apple_pink_lady_1/r1_152.jpg,apple_pink_lady_1,train
Images/Training/apple_pink_lady_1/r1_154.jpg,apple_pink_lady_1,train
Images/Training/apple_pink_lady_1/r1_156.jpg,apple_pink_lady_1,train
Images/Training/apple_pink_lady_1/r1_158.jpg,apple_pink_lady_1,train
Images/Training/apple_pink_lady_1/r1_16.jpg,apple_pink_lady_1,train
Images/Training/apple_pink_lady_1/r1_160.jpg,apple_pink_lady_1,train
Images/Training/apple_pink_lady_1/r1_162.jpg,apple_pink_lady_1,train
Images/Training/apple_pink_lady_1/r1_164.jpg,apple_pink_lady_1,train
Images/Training/apple_pink_lady_1/r1_166.jpg,apple_pink_lady_1,train
Images/Training/apple_pink_lady_1/r1_168.jpg,apple_pink_lady_1,train
Images/Training/apple_pink_lady_1/r1_170.jpg,apple_pink_lady_1,train
Images/Training/apple_pink_lady_1/r1_172.jpg,apple_pink_lady_1,train
Images/Training/apple_pink_lady_1/r1_174.jpg,apple_pink_lady_1,train
Images/Training/apple_pink_lady_1/r1_176.jpg,apple_pink_lady_1,train
Images/Training/apple_pink_lady_1/r1_178.jpg,apple_pink_lady_1,train
Images/Training/apple_pink_lady_1/r1_18.jpg,apple_pink_lady_1,train
Images/Training/apple_pink_lady_1/r1_180.jpg,apple_pink_lady_1,train
Images/Training/apple_pink_lady_1/r1_182.jpg,apple_pink_lady_1,train
Images/Training/apple_pink_lady_1/r1_184.jpg,apple_pink_lady_1,train
Images/Training/apple_pink_lady_1/r1_186.jpg,apple_pink_lady_1,train
Images/Training/apple_pink_lady_1/r1_188.jpg,apple_pink_lady_1,train
Images/Training/apple_pink_lady_1/r1_190.jpg,apple_pink_lady_1,train
Images/Training/apple_pink_lady_1/r1_192.jpg,apple_pink_lady_1,train
Images/Training/apple_pink_lady_1/r1_194.jpg,apple_pink_lady_1,train
Images/Training/apple_pink_lady_1/r1_196.jpg,apple_pink_lady_1,train
Images/Training/apple_pink_lady_1/r1_198.jpg,apple_pink_lady_1,train
Images/Training/apple_pink_lady_1/r1_2.jpg,apple_pink_lady_1,train
Images/Training/apple_pink_lady_1/r1_20.jpg,apple_pink_lady_1,train
Images/Training/apple_pink_lady_1/r1_200.jpg,apple_pink_lady_1,train
Images/Training/apple_pink_lady_1/r1_202.jpg,apple_pink_lady_1,train
Images/Training/apple_pink_lady_1/r1_204.jpg,apple_pink_lady_1,train
Images/Training/apple_pink_lady_1/r1_206.jpg,apple_pink_lady_1,train
Images/Training/apple_pink_lady_1/r1_208.jpg,apple_pink_lady_1,train
Images/Training/apple_pink_lady_1/r1_210.jpg,apple_pink_lady_1,train
Images/Training/apple_pink_lady_1/r1_212.jpg,apple_pink_lady_1,train
Images/Training/apple_pink_lady_1/r1_214.jpg,apple_pink_lady_1,train
Images/Training/apple_pink_lady_1/r1_216.jpg,apple_pink_lady_1,train
Images/Training/apple_pink_lady_1/r1_218.jpg,apple_pink_lady_1,train
Images/Training/apple_pink_lady_1/r1_22.jpg,apple_pink_lady_1,train
Images/Training/apple_pink_lady_1/r1_220.jpg,apple_pink_lady_1,train
Images/Training/apple_pink_lady_1/r1_222.jpg,apple_pink_lady_1,train
Images/Training/apple_pink_lady_1/r1_224.jpg,apple_pink_lady_1,val
Images/Training/apple_pink_lady_1/r1_226.jpg,apple_pink_lady_1,val
Images/Training/apple_pink_lady_1/r1_228.jpg,apple_pink_lady_1,val
Images/Training/apple_pink_lady_1/r1_230.jpg,apple_pink_lady_1,val
Images/Training/apple_pink_lady_1/r1_232.jpg,apple_pink_lady_1,val
Images/Training/apple_pink_lady_1/r1_234.jpg,apple_pink_lady_1,val
Images/Training/apple_pink_lady_1/r1_236.jpg,apple_pink_lady_1,val
Images/Training/apple_pink_lady_1/r1_238.jpg,apple_pink_lady_1,val
Images/Training/apple_pink_lady_1/r1_24.jpg,apple_pink_lady_1,train
Images/Training/apple_pink_lady_1/r1_240.jpg,apple_pink_lady_1,val
Images/Training/apple_pink_lady_1/r1_242.jpg,apple_pink_lady_1,val
Images/Training/apple_pink_lady_1/r1_244.jpg,apple_pink_lady_1,val
Images/Training/apple_pink_lady_1/r1_246.jpg,apple_pink_lady_1,val
Images/Training/apple_pink_lady_1/r1_248.jpg,apple_pink_lady_1,val
Images/Training/apple_pink_lady_1/r1_250.jpg,apple_pink_lady_1,val
Images/Training/apple_pink_lady_1/r1_252.jpg,apple_pink_lady_1,val
Images/Training/apple_pink_lady_1/r1_254.jpg,apple_pink_lady_1,val
Images/Training/apple_pink_lady_1/r1_256.jpg,apple_pink_lady_1,val
Images/Training/apple_pink_lady_1/r1_258.jpg,apple_pink_lady_1,val
Images/Training/apple_pink_lady_1/r1_26.jpg,apple_pink_lady_1,train
Images/Training/apple_pink_lady_1/r1_260.jpg,apple_pink_lady_1,val
Images/Training/apple_pink_lady_1/r1_262.jpg,apple_pink_lady_1,val
Images/Training/apple_pink_lady_1/r1_264.jpg,apple_pink_lady_1,val
Images/Training/apple_pink_lady_1/r1_266.jpg,apple_pink_lady_1,val
Images/Training/apple_pink_lady_1/r1_268.jpg,apple_pink_lady_1,val
Images/Training/apple_pink_lady_1/r1_270.jpg,apple_pink_lady_1,val
Images/Training/apple_pink_lady_1/r1_272.jpg,apple_pink_lady_1,test
Images/Training/apple_pink_lady_1/r1_274.jpg,apple_pink_lady_1,test
Images/Training/apple_pink_lady_1/r1_276.jpg,apple_pink_lady_1,test
Images/Training/apple_pink_lady_1/r1_278.jpg,apple_pink_lady_1,test
Images/Training/apple_pink_lady_1/r1_28.jpg,apple_pink_lady_1,train
Images/Training/apple_pink_lady_1/r1_280.jpg,apple_pink_lady_1,test
Images/Training/apple_pink_lady_1/r1_282.jpg,apple_pink_lady_1,test
Images/Training/apple_pink_lady_1/r1_284.jpg,apple_pink_lady_1,test
Images/Training/apple_pink_lady_1/r1_286.jpg,apple_pink_lady_1,test
Images/Training/apple_pink_lady_1/r1_288.jpg,apple_pink_lady_1,test
Images/Training/apple_pink_lady_1/r1_290.jpg,apple_pink_lady_1,test
Images/Training/apple_pink_lady_1/r1_292.jpg,apple_pink_lady_1,test
Images/Training/apple_pink_lady_1/r1_294.jpg,apple_pink_lady_1,test
Images/Training/apple_pink_lady_1/r1_296.jpg,apple_pink_lady_1,test
Images/Training/apple_pink_lady_1/r1_298.jpg,apple_pink_lady_1,test
Images/Training/apple_pink_lady_1/r1_30.jpg,apple_pink_lady_1,train
Images/Training/apple_pink_lady_1/r1_300.jpg,apple_pink_lady_1,test
Images/Training/apple_pink_lady_1/r1_302.jpg,apple_pink_lady_1,test
Images/Training/apple_pink_lady_1/r1_304.jpg,apple_pink_lady_1,test
Images/Training/apple_pink_lady_1/r1_306.jpg,apple_pink_lady_1,test
Images/Training/apple_pink_lady_1/r1_308.jpg,apple_pink_lady_1,test
Images/Training/apple_pink_lady_1/r1_310.jpg,apple_pink_lady_1,test
Images/Training/apple_pink_lady_1/r1_312.jpg,apple_pink_lady_1,test
Images/Training/apple_pink_lady_1/r1_314.jpg,apple_pink_lady_1,test
Images/Training/apple_pink_lady_1/r1_316.jpg,apple_pink_lady_1,test
Images/Training/apple_pink_lady_1/r1_318.jpg,apple_pink_lady_1,test
Images/Training/apple_pink_lady_1/r1_32.jpg,apple_pink_lady_1,train
Images/Training/apple_pink_lady_1/r1_34.jpg,apple_pink_lady_1,train
Images/Training/apple_pink_lady_1/r1_36.jpg,apple_pink_lady_1,train
Images/Training/apple_pink_lady_1/r1_38.jpg,apple_pink_lady_1,train
Images/Training/apple_pink_lady_1/r1_4.jpg,apple_pink_lady_1,train
Images/Training/apple_pink_lady_1/r1_40.jpg,apple_pink_lady_1,train
Images/Training/apple_pink_lady_1/r1_42.jpg,apple_pink_lady_1,train
Images/Training/apple_pink_lady_1/r1_44.jpg,apple_pink_lady_1,train
Images/Training/apple_pink_lady_1/r1_46.jpg,apple_pink_lady_1,train
Images/Training/apple_pink_lady_1/r1_48.jpg,apple_pink_lady_1,train
Images/Training/apple_pink_lady_1/r1_50.jpg,apple_pink_lady_1,train
Images/Training/apple_pink_lady_1/r1_52.jpg,apple_pink_lady_1,train
Images/Training/apple_pink_lady_1/r1_54.jpg,apple_pink_lady_1,train
Images/Training/apple_pink_lady_1/r1_56.jpg,apple_pink_lady_1,train
Images/Training/apple_pink_lady_1/r1_58.jpg,apple_pink_lady_1,train
Images/Training/apple_pink_lady_1/r1_6.jpg,apple_pink_lady_1,train
Images/Training/apple_pink_lady_1/r1_60.jpg,apple_pink_lady_1,train
Images/Training/apple_pink_lady_1/r1_62.jpg,apple_pink_lady_1,train
Images/Training/apple_pink_lady_1/r1_64.jpg,apple_pink_lady_1,train
Images/Training/apple_pink_lady_1/r1_66.jpg,apple_pink_lady_1,train
Images/Training/apple_pink_lady_1/r1_68.jpg,apple_pink_lady_1,train
Images/Training/apple_pink_lady_1/r1_70.jpg,apple_pink_lady_1,train
Images/Training/apple_pink_lady_1/r1_72.jpg,apple_pink_lady_1,train
Images/Training/apple_pink_lady_1/r1_74.jpg,apple_pink_lady_1,train
Images/Training/apple_pink_lady_1/r1_76.jpg,apple_pink_lady_1,train
Images/Training/apple_pink_lady_1/r1_78.jpg,apple_pink_lady_1,train
Images/Training/apple_pink_lady_1/r1_8.jpg,apple_pink_lady_1,train
Images/Training/apple_pink_lady_1/r1_80.jpg,apple_pink_lady_1,train
Images/Training/apple_pink_lady_1/r1_82.jpg,apple_pink_lady_1,train
Images/Training/apple_pink_lady_1/r1_84.jpg,apple_pink_lady_1,train
Images/Training/apple_pink_lady_1/r1_86.jpg,apple_pink_lady_1,train
Images/Training/apple_pink_lady_1/r1_88.jpg,apple_pink_lady_1,train
Images/Training/apple_pink_lady_1/r1_90.jpg,apple_pink_lady_1,train
Images/Training/apple_pink_lady_1/r1_92.jpg,apple_pink_lady_1,train
Images/Training/apple_pink_lady_1/r1_94.jpg,apple_pink_lady_1,train
Images/Training/apple_pink_lady_1/r1_96.jpg,apple_pink_lady_1,train
Images/Training/apple_pink_lady_1/r1_98.jpg,apple_pink_lady_1,train
Images/Training/apple_red_1/r0_0.jpg,apple_red_1,train
Images/Training/apple_red_1/r0_10.jpg,apple_red_1,train
Images/Training/apple_red_1/r0_100.jpg,apple_red_1,train
Images/Training/apple_red_1/r0_102.jpg,apple_red_1,train
Images/Training/apple_red_1/r0_104.jpg,apple_red_1,train
Images/Training/apple_red_1/r0_106.jpg,apple_red_1,train
Images/Training/apple_red_1/r0_108.jpg,apple_red_1,train
Images/Training/apple_red_1/r0_110.jpg,apple_red_1,train
Images/Training/apple_red_1/r0_112.jpg,apple_red_1,train
Images/Training/apple_red_1/r0_114.jpg,apple_red_1,train
Images/Training/apple_red_1/r0_116.jpg,apple_red_1,train
Images/Training/apple_red_1/r0_118.jpg,apple_red_1,train
Images/Training/apple_red_1/r0_12.jpg,apple_red_1,train
Images/Training/apple_red_1/r0_120.jpg,apple_red_1,train
Images/Training/apple_red_1/r0_122.jpg,apple_red_1,train
Images/Training/apple_red_1/r0_124.jpg,apple_red_1,train
Images/Training/apple_red_1/r0_126.jpg,apple_red_1,train
Images/Training/apple_red_1/r0_128.jpg,apple_red_1,train
Images/Training/apple_red_1/r0_130.jpg,apple_red_1,train
Images/Training/apple_red_1/r0_132.jpg,apple_red_1,train
Images/Training/apple_red_1/r0_134.jpg,apple_red_1,train
Images/Training/apple_red_1/r0_136.jpg,apple_red_1,train
Images/Training/apple_red_1/r0_138.jpg,apple_red_1,train
Images/Training/apple_red_1/r0_14.jpg,apple_red_1,train
Images/Training/apple_red_1/r0_140.jpg,apple_red_1,train
Images/Training/apple_red_1/r0_142.jpg,apple_red_1,train
Images/Training/apple_red_1/r0_144.jpg,apple_red_1,train
Images/Training/apple_red_1/r0_146.jpg,apple_red_1,train
Images/Training/apple_red_1/r0_148.jpg,apple_red_1,train
Images/Training/apple_red_1/r0_150.jpg,apple_red_1,train
Images/Training/apple_red_1/r0_152.jpg,apple_red_1,train
Images/Training/apple_red_1/r0_154.jpg,apple_red_1,train
Images/Training/apple_red_1/r0_156.jpg,apple_red_1,train
Images/Training/apple_red_1/r0_158.jpg,apple_red_1,train
Images/Training/apple_red_1/r0_16.jpg,apple_red_1,train
Images/Training/apple_red_1/r0_160.jpg,apple_red_1,train
Images/Training/apple_red_1/r0_162.jpg,apple_red_1,train
Images/Training/apple_red_1/r0_164.jpg,apple_red_1,train
Images/Training/apple_red_1/r0_166.jpg,apple_red_1,train
Images/Training/apple_red_1/r0_168.jpg,apple_red_1,train
Images/Training/apple_red_1/r0_170.jpg,apple_red_1,train
Images/Training/apple_red_1/r0_172.jpg,apple_red_1,train
Images/Training/apple_red_1/r0_174.jpg,apple_red_1,train
Images/Training/apple_red_1/r0_176.jpg,apple_red_1,train
Images/Training/apple_red_1/r0_178.jpg,apple_red_1,train
Images/Training/apple_red_1/r0_18.jpg,apple_red_1,train
Images/Training/apple_red_1/r0_180.jpg,apple_red_1,train
Images/Training/apple_red_1/r0_182.jpg,apple_red_1,train
Images/Training/apple_red_1/r0_184.jpg,apple_red_1,train
Images/Training/apple_red_1/r0_186.jpg,apple_red_1,train
Images/Training/apple_red_1/r0_188.jpg,apple_red_1,train
Images/Training/apple_red_1/r0_190.jpg,apple_red_1,train
Images/Training/apple_red_1/r0_192.jpg,apple_red_1,train
Images/Training/apple_red_1/r0_194.jpg,apple_red_1,train
Images/Training/apple_red_1/r0_196.jpg,apple_red_1,train
Images/Training/apple_red_1/r0_198.jpg,apple_red_1,train
Images/Training/apple_red_1/r0_2.jpg,apple_red_1,train
Images/Training/apple_red_1/r0_20.jpg,apple_red_1,train
Images/Training/apple_red_1/r0_200.jpg,apple_red_1,train
Images/Training/apple_red_1/r0_202.jpg,apple_red_1,train
Images/Training/apple_red_1/r0_204.jpg,apple_red_1,train
Images/Training/apple_red_1/r0_206.jpg,apple_red_1,train
Images/Training/apple_red_1/r0_208.jpg,apple_red_1,train
Images/Training/apple_red_1/r0_210.jpg,apple_red_1,train
Images/Training/apple_red_1/r0_212.jpg,apple_red_1,train
Images/Training/apple_red_1/r0_214.jpg,apple_red_1,train
Images/Training/apple_red_1/r0_216.jpg,apple_red_1,val
Images/Training/apple_red_1/r0_218.jpg,apple_red_1,val
Images/Training/apple_red_1/r0_22.jpg,apple_red_1,train
Images/Training/apple_red_1/r0_220.jpg,apple_red_1,val
Images/Training/apple_red_1/r0_222.jpg,apple_red_1,val
Images/Training/apple_red_1/r0_224.jpg,apple_red_1,val
Images/Training/apple_red_1/r0_226.jpg,apple_red_1,val
Images/Training/apple_red_1/r0_228.jpg,apple_red_1,val
Images/Training/apple_red_1/r0_230.jpg,apple_red_1,val
Images/Training/apple_red_1/r0_232.jpg,apple_red_1,val
Images/Training/apple_red_1/r0_234.jpg,apple_red_1,val
Images/Training/apple_red_1/r0_236.jpg,apple_red_1,val
Images/Training/apple_red_1/r0_238.jpg,apple_red_1,val
Images/Training/apple_red_1/r0_24.jpg,apple_red_1,train
Images/Training/apple_red_1/r0_240.jpg,apple_red_1,val
Images/Training/apple_red_1/r0_242.jpg,apple_red_1,val
Images/Training/apple_red_1/r0_244.jpg,apple_red_1,val
Images/Training/apple_red_1/r0_246.jpg,apple_red_1,val
Images/Training/apple_red_1/r0_248.jpg,apple_red_1,val
Images/Training/apple_red_1/r0_250.jpg,apple_red_1,val
Images/Training/apple_red_1/r0_252.jpg,apple_red_1,val
Images/Training/apple_red_1/r0_254.jpg,apple_red_1,val
Images/Training/apple_red_1/r0_256.jpg,apple_red_1,val
Images/Training/apple_red_1/r0_258.jpg,apple_red_1,val
Images/Training/apple_red_1/r0_26.jpg,apple_red_1,train
Images/Training/apple_red_1/r0_260.jpg,apple_red_1,val
Images/Training/apple_red_1/r0_262.jpg,apple_red_1,test
Images/Training/apple_red_1/r0_264.jpg,apple_red_1,test
Images/Training/apple_red_1/r0_266.jpg,apple_red_1,test
Images/Training/apple_red_1/r0_268.jpg,apple_red_1,test
Images/Training/apple_red_1/r0_270.jpg,apple_red_1,test
Images/Training/apple_red_1/r0_272.jpg,apple_red_1,test
Images/Training/apple_red_1/r0_274.jpg,apple_red_1,test
Images/Training/apple_red_1/r0_276.jpg,apple_red_1,test
Images/Training/apple_red_1/r0_278.jpg,apple_red_1,test
Images/Training/apple_red_1/r0_28.jpg,apple_red_1,train
Images/Training/apple_red_1/r0_280.jpg,apple_red_1,test
Images/Training/apple_red_1/r0_282.jpg,apple_red_1,test
Images/Training/apple_red_1/r0_284.jpg,apple_red_1,test
Images/Training/apple_red_1/r0_286.jpg,apple_red_1,test
Images/Training/apple_red_1/r0_288.jpg,apple_red_1,test
Images/Training/apple_red_1/r0_290.jpg,apple_red_1,test
Images/Training/apple_red_1/r0_292.jpg,apple_red_1,test
Images/Training/apple_red_1/r0_294.jpg,apple_red_1,test
Images/Training/apple_red_1/r0_296.jpg,apple_red_1,test
Images/Training/apple_red_1/r0_298.jpg,apple_red_1,test
Images/Training/apple_red_1/r0_30.jpg,apple_red_1,train
Images/Training/apple_red_1/r0_300.jpg,apple_red_1,test
Images/Training/apple_red_1/r0_302.jpg,apple_red_1,test
Images/Training/apple_red_1/r0_304.jpg,apple_red_1,test
Images/Training/apple_red_1/r0_306.jpg,apple_red_1,test
Images/Training/apple_red_1/r0_32.jpg,apple_red_1,train
Images/Training/apple_red_1/r0_34.jpg,apple_red_1,train
Images/Training/apple_red_1/r0_36.jpg,apple_red_1,train
Images/Training/apple_red_1/r0_38.jpg,apple_red_1,train
Images/Training/apple_red_1/r0_4.jpg,apple_red_1,train
Images/Training/apple_red_1/r0_40.jpg,apple_red_1,train
Images/Training/apple_red_1/r0_42.jpg,apple_red_1,train
Images/Training/apple_red_1/r0_44.jpg,apple_red_1,train
Images/Training/apple_red_1/r0_46.jpg,apple_red_1,train
Images/Training/apple_red_1/r0_48.jpg,apple_red_1,train
Images/Training/apple_red_1/r0_50.jpg,apple_red_1,train
Images/Training/apple_red_1/r0_52.jpg,apple_red_1,train
Images/Training/apple_red_1/r0_54.jpg,apple_red_1,train
Images/Training/apple_red_1/r0_56.jpg,apple_red_1,train
Images/Training/apple_red_1/r0_58.jpg,apple_red_1,train
Images/Training/apple_red_1/r0_6.jpg,apple_red_1,train
Images/Training/apple_red_1/r0_60.jpg,apple_red_1,train
Images/Training/apple_red_1/r0_62.jpg,apple_red_1,train
Images/Training/apple_red_1/r0_64.jpg,apple_red_1,train
Images/Training/apple_red_1/r0_66.jpg,apple_red_1,train
Images/Training/apple_red_1/r0_68.jpg,apple_red_1,train
Images/Training/apple_red_1/r0_70.jpg,apple_red_1,train
Images/Training/apple_red_1/r0_72.jpg,apple_red_1,train
Images/Training/apple_red_1/r0_74.jpg,apple_red_1,train
Images/Training/apple_red_1/r0_76.jpg,apple_red_1,train
Images/Training/apple_red_1/r0_78.jpg,apple_red_1,train
Images/Training/apple_red_1/r0_8.jpg,apple_red_1,train
Images/Training/apple_red_1/r0_80.jpg,apple_red_1,train
Images/Training/apple_red_1/r0_82.jpg,apple_red_1,train
Images/Training/apple_red_1/r0_84.jpg,apple_red_1,train
Images/Training/apple_red_1/r0_86.jpg,apple_red_1,train
Images/Training/apple_red_1/r0_88.jpg,apple_red_1,train
Images/Training/apple_red_1/r0_90.jpg,apple_red_1,train
Images/Training/apple_red_1/r0_92.jpg,apple_red_1,train
Images/Training/apple_red_1/r0_94.jpg,apple_red_1,train
Images/Training/apple_red_1/r0_96.jpg,apple_red_1,train
Images/Training/apple_red_1/r0_98.jpg,apple_red_1,train
Images/Training/apple_red_1/r1_0.jpg,apple_red_1,train
Images/Training/apple_red_1/r1_10.jpg,apple_red_1,train
Images/Training/apple_red_1/r1_100.jpg,apple_red_1,train
Images/Training/apple_red_1/r1_102.jpg,apple_red_1,train
Images/Training/apple_red_1/r1_104.jpg,apple_red_1,train
Images/Training/apple_red_1/r1_106.jpg,apple_red_1,train
Images/Training/apple_red_1/r1_108.jpg,apple_red_1,train
Images/Training/apple_red_1/r1_110.jpg,apple_red_1,train
Images/Training/apple_red_1/r1_112.jpg,apple_red_1,train
Images/Training/apple_red_1/r1_114.jpg,apple_red_1,train
Images/Training/apple_red_1/r1_116.jpg,apple_red_1,train
Images/Training/apple_red_1/r1_118.jpg,apple_red_1,train
Images/Training/apple_red_1/r1_12.jpg,apple_red_1,train
Images/Training/apple_red_1/r1_120.jpg,apple_red_1,train
Images/Training/apple_red_1/r1_122.jpg,apple_red_1,train
Images/Training/apple_red_1/r1_124.jpg,apple_red_1,train
Images/Training/apple_red_1/r1_126.jpg,apple_red_1,train
Images/Training/apple_red_1/r1_128.jpg,apple_red_1,train
Images/Training/apple_red_1/r1_130.jpg,apple_red_1,train
Images/Training/apple_red_1/r1_132.jpg,apple_red_1,train
Images/Training/apple_red_1/r1_134.jpg,apple_red_1,train
Images/Training/apple_red_1/r1_136.jpg,apple_red_1,train
Images/Training/apple_red_1/r1_138.jpg,apple_red_1,train
Images/Training/apple_red_1/r1_14.jpg,apple_red_1,train
Images/Training/apple_red_1/r1_140.jpg,apple_red_1,train
Images/Training/apple_red_1/r1_142.jpg,apple_red_1,train
Images/Training/apple_red_1/r1_144.jpg,apple_red_1,train
Images/Training/apple_red_1/r1_146.jpg,apple_red_1,train
Images/Training/apple_red_1/r1_148.jpg,apple_red_1,train
Images/Training/apple_red_1/r1_150.jpg,apple_red_1,train
Images/Training/apple_red_1/r1_152.jpg,apple_red_1,train
Images/Training/apple_red_1/r1_154.jpg,apple_red_1,train
Images/Training/apple_red_1/r1_156.jpg,apple_red_1,train
Images/Training/apple_red_1/r1_158.jpg,apple_red_1,train
Images/Training/apple_red_1/r1_16.jpg,apple_red_1,train
Images/Training/apple_red_1/r1_160.jpg,apple_red_1,train
Images/Training/apple_red_1/r1_162.jpg,apple_red_1,train
Images/Training/apple_red_1/r1_164.jpg,apple_red_1,train
Images/Training/apple_red_1/r1_166.jpg,apple_red_1,train
Images/Training/apple_red_1/r1_168.jpg,apple_red_1,train
Images/Training/apple_red_1/r1_170.jpg,apple_red_1,train
Images/Training/apple_red_1/r1_172.jpg,apple_red_1,train
Images/Training/apple_red_1/r1_174.jpg,apple_red_1,train
Images/Training/apple_red_1/r1_176.jpg,apple_red_1,train
Images/Training/apple_red_1/r1_178.jpg,apple_red_1,train
Images/Training/apple_red_1/r1_18.jpg,apple_red_1,train
Images/Training/apple_red_1/r1_180.jpg,apple_red_1,train
Images/Training/apple_red_1/r1_182.jpg,apple_red_1,train
Images/Training/apple_red_1/r1_184.jpg,apple_red_1,train
Images/Training/apple_red_1/r1_186.jpg,apple_red_1,train
Images/Training/apple_red_1/r1_188.jpg,apple_red_1,train
Images/Training/apple_red_1/r1_190.jpg,apple_red_1,train
Images/Training/apple_red_1/r1_192.jpg,apple_red_1,train
Images/Training/apple_red_1/r1_194.jpg,apple_red_1,train
Images/Training/apple_red_1/r1_196.jpg,apple_red_1,train
Images/Training/apple_red_1/r1_198.jpg,apple_red_1,train
Images/Training/apple_red_1/r1_2.jpg,apple_red_1,train
Images/Training/apple_red_1/r1_20.jpg,apple_red_1,train
Images/Training/apple_red_1/r1_200.jpg,apple_red_1,train
Images/Training/apple_red_1/r1_202.jpg,apple_red_1,train
Images/Training/apple_red_1/r1_204.jpg,apple_red_1,train
Images/Training/apple_red_1/r1_206.jpg,apple_red_1,train
Images/Training/apple_red_1/r1_208.jpg,apple_red_1,train
Images/Training/apple_red_1/r1_210.jpg,apple_red_1,train
Images/Training/apple_red_1/r1_212.jpg,apple_red_1,train
Images/Training/apple_red_1/r1_214.jpg,apple_red_1,train
Images/Training/apple_red_1/r1_216.jpg,apple_red_1,train
Images/Training/apple_red_1/r1_218.jpg,apple_red_1,val
Images/Training/apple_red_1/r1_22.jpg,apple_red_1,train
Images/Training/apple_red_1/r1_220.jpg,apple_red_1,val
Images/Training/apple_red_1/r1_222.jpg,apple_red_1,val
Images/Training/apple_red_1/r1_224.jpg,apple_red_1,val
Images/Training/apple_red_1/r1_226.jpg,apple_red_1,val
Images/Training/apple_red_1/r1_228.jpg,apple_red_1,val
Images/Training/apple_red_1/r1_230.jpg,apple_red_1,val
Images/Training/apple_red_1/r1_232.jpg,apple_red_1,val
Images/Training/apple_red_1/r1_234.jpg,apple_red_1,val
Images/Training/apple_red_1/r1_236.jpg,apple_red_1,val
Images/Training/apple_red_1/r1_238.jpg,apple_red_1,val
Images/Training/apple_red_1/r1_24.jpg,apple_red_1,train
Images/Training/apple_red_1/r1_240.jpg,apple_red_1,val
Images/Training/apple_red_1/r1_242.jpg,apple_red_1,val
Images/Training/apple_red_1/r1_244.jpg,apple_red_1,val
Images/Training/apple_red_1/r1_246.jpg,apple_red_1,val
Images/Training/apple_red_1/r1_248.jpg,apple_red_1,val
Images/Training/apple_red_1/r1_250.jpg,apple_red_1,val
Images/Training/apple_red_1/r1_252.jpg,apple_red_1,val
Images/Training/apple_red_1/r1_254.jpg,apple_red_1,val
Images/Training/apple_red_1/r1_256.jpg,apple_red_1,val
Images/Training/apple_red_1/r1_258.jpg,apple_red_1,val
Images/Training/apple_red_1/r1_26.jpg,apple_red_1,train
Images/Training/apple_red_1/r1_260.jpg,apple_red_1,val
Images/Training/apple_red_1/r1_262.jpg,apple_red_1,val
Images/Training/apple_red_1/r1_264.jpg,apple_red_1,test
Images/Training/apple_red_1/r1_266.jpg,apple_red_1,test
Images/Training/apple_red_1/r1_268.jpg,apple_red_1,test
Images/Training/apple_red_1/r1_270.jpg,apple_red_1,test
Images/Training/apple_red_1/r1_272.jpg,apple_red_1,test
Images/Training/apple_red_1/r1_274.jpg,apple_red_1,test
Images/Training/apple_red_1/r1_276.jpg,apple_red_1,test
Images/Training/apple_red_1/r1_278.jpg,apple_red_1,test
Images/Training/apple_red_1/r1_28.jpg,apple_red_1,train
Images/Training/apple_red_1/r1_280.jpg,apple_red_1,test
Images/Training/apple_red_1/r1_282.jpg,apple_red_1,test
Images/Training/apple_red_1/r1_284.jpg,apple_red_1,test
Images/Training/apple_red_1/r1_286.jpg,apple_red_1,test
Images/Training/apple_red_1/r1_288.jpg,apple_red_1,test
Images/Training/apple_red_1/r1_290.jpg,apple_red_1,test
Images/Training/apple_red_1/r1_292.jpg,apple_red_1,test
Images/Training/apple_red_1/r1_294.jpg,apple_red_1,test
Images/Training/apple_red_1/r1_296.jpg,apple_red_1,test
Images/Training/apple_red_1/r1_298.jpg,apple_red_1,test
Images/Training/apple_red_1/r1_30.jpg,apple_red_1,train
Images/Training/apple_red_1/r1_300.jpg,apple_red_1,test
Images/Training/apple_red_1/r1_302.jpg,apple_red_1,test
Images/Training/apple_red_1/r1_304.jpg,apple_red_1,test
Images/Training/apple_red_1/r1_306.jpg,apple_red_1,test
Images/Training/apple_red_1/r1_308.jpg,apple_red_1,test
Images/Training/apple_red_1/r1_32.jpg,apple_red_1,train
Images/Training/apple_red_1/r1_34.jpg,apple_red_1,train
Images/Training/apple_red_1/r1_36.jpg,apple_red_1,train
Images/Training/apple_red_1/r1_38.jpg,apple_red_1,train
Images/Training/apple_red_1/r1_4.jpg,apple_red_1,train
Images/Training/apple_red_1/r1_40.jpg,apple_red_1,train
Images/Training/apple_red_1/r1_42.jpg,apple_red_1,train
Images/Training/apple_red_1/r1_44.jpg,apple_red_1,train
Images/Training/apple_red_1/r1_46.jpg,apple_red_1,train
Images/Training/apple_red_1/r1_48.jpg,apple_red_1,train
Images/Training/apple_red_1/r1_50.jpg,apple_red_1,train
Images/Training/apple_red_1/r1_52.jpg,apple_red_1,train
Images/Training/apple_red_1/r1_54.jpg,apple_red_1,train
Images/Training/apple_red_1/r1_56.jpg,apple_red_1,train
Images/Training/apple_red_1/r1_58.jpg,apple_red_1,train
Images/Training/apple_red_1/r1_6.jpg,apple_red_1,train
Images/Training/apple_red_1/r1_60.jpg,apple_red_1,train
Images/Training/apple_red_1/r1_62.jpg,apple_red_1,train
Images/Training/apple_red_1/r1_64.jpg,apple_red_1,train
Images/Training/apple_red_1/r1_66.jpg,apple_red_1,train
Images/Training/apple_red_1/r1_68.jpg,apple_red_1,train
Images/Training/apple_red_1/r1_70.jpg,apple_red_1,train
Images/Training/apple_red_1/r1_72.jpg,apple_red_1,train
Images/Training/apple_red_1/r1_74.jpg,apple_red_1,train
Images/Training/apple_red_1/r1_76.jpg,apple_red_1,train
Images/Training/apple_red_1/r1_78.jpg,apple_red_1,train
Images/Training/apple_red_1/r1_8.jpg,apple_red_1,train
Images/Training/apple_red_1/r1_80.jpg,apple_red_1,train
Images/Training/apple_red_1/r1_82.jpg,apple_red_1,train
Images/Training/apple_red_1/r1_84.jpg,apple_red_1,train
Images/Training/apple_red_1/r1_86.jpg,apple_red_1,train
Images/Training/apple_red_1/r1_88.jpg,apple_red_1,train
Images/Training/apple_red_1/r1_90.jpg,apple_red_1,train
Images/Training/apple_red_1/r1_92.jpg,apple_red_1,train
Images/Training/apple_red_1/r1_94.jpg,apple_red_1,train
Images/Training/apple_red_1/r1_96.jpg,apple_red_1,train
Images/Training/apple_red_1/r1_98.jpg,apple_red_1,train
Images/Training/apple_red_2/r0_0.jpg,apple_red_2,train
Images/Training/apple_red_2/r0_10.jpg,apple_red_2,train
Images/Training/apple_red_2/r0_100.jpg,apple_red_2,train
Images/Training/apple_red_2/r0_102.jpg,apple_red_2,train
Images/Training/apple_red_2/r0_104.jpg,apple_red_2,train
Images/Training/apple_red_2/r0_106.jpg,apple_red_2,train
Images/Training/apple_red_2/r0_108.jpg,apple_red_2,train
Images/Training/apple_red_2/r0_110.jpg,apple_red_2,train
Images/Training/apple_red_2/r0_112.jpg,apple_red_2,train
Images/Training/apple_red_2/r0_114.jpg,apple_red_2,train
Images/Training/apple_red_2/r0_116.jpg,apple_red_2,train
Images/Training/apple_red_2/r0_118.jpg,apple_red_2,train
Images/Training/apple_red_2/r0_12.jpg,apple_red_2,train
Images/Training/apple_red_2/r0_120.jpg,apple_red_2,train
Images/Training/apple_red_2/r0_122.jpg,apple_red_2,train
Images/Training/apple_red_2/r0_124.jpg,apple_red_2,train
Images/Training/apple_red_2/r0_126.jpg,apple_red_2,train
Images/Training/apple_red_2/r0_128.jpg,apple_red_2,train
Images/Training/apple_red_2/r0_130.jpg,apple_red_2,train
Images/Training/apple_red_2/r0_132.jpg,apple_red_2,train
Images/Training/apple_red_2/r0_134.jpg,apple_red_2,train
Images/Training/apple_red_2/r0_136.jpg,apple_red_2,train
Images/Training/apple_red_2/r0_138.jpg,apple_red_2,train
Images/Training/apple_red_2/r0_14.jpg,apple_red_2,train
Images/Training/apple_red_2/r0_140.jpg,apple_red_2,train
Images/Training/apple_red_2/r0_142.jpg,apple_red_2,train
Images/Training/apple_red_2/r0_144.jpg,apple_red_2,train
Images/Training/apple_red_2/r0_146.jpg,apple_red_2,train
Images/Training/apple_red_2/r0_148.jpg,apple_red_2,train
Images/Training/apple_red_2/r0_150.jpg,apple_red_2,train
Images/Training/apple_red_2/r0_152.jpg,apple_red_2,train
Images/Training/apple_red_2/r0_154.jpg,apple_red_2,train
Images/Training/apple_red_2/r0_156.jpg,apple_red_2,train
Images/Training/apple_red_2/r0_158.jpg,apple_red_2,train
Images/Training/apple_red_2/r0_16.jpg,apple_red_2,train
Images/Training/apple_red_2/r0_160.jpg,apple_red_2,train
Images/Training/apple_red_2/r0_162.jpg,apple_red_2,train
Images/Training/apple_red_2/r0_164.jpg,apple_red_2,train
Images/Training/apple_red_2/r0_166.jpg,apple_red_2,train
Images/Training/apple_red_2/r0_168.jpg,apple_red_2,train
Images/Training/apple_red_2/r0_170.jpg,apple_red_2,train
Images/Training/apple_red_2/r0_172.jpg,apple_red_2,train
Images/Training/apple_red_2/r0_174.jpg,apple_red_2,train
Images/Training/apple_red_2/r0_176.jpg,apple_red_2,train
Images/Training/apple_red_2/r0_178.jpg,apple_red_2,train
Images/Training/apple_red_2/r0_18.jpg,apple_red_2,train
Images/Training/apple_red_2/r0_180.jpg,apple_red_2,train
Images/Training/apple_red_2/r0_182.jpg,apple_red_2,train
Images/Training/apple_red_2/r0_184.jpg,apple_red_2,train
Images/Training/apple_red_2/r0_186.jpg,apple_red_2,train
Images/Training/apple_red_2/r0_188.jpg,apple_red_2,train
Images/Training/apple_red_2/r0_190.jpg,apple_red_2,train
Images/Training/apple_red_2/r0_192.jpg,apple_red_2,train
Images/Training/apple_red_2/r0_194.jpg,apple_red_2,train
Images/Training/apple_red_2/r0_196.jpg,apple_red_2,train
Images/Training/apple_red_2/r0_198.jpg,apple_red_2,train
Images/Training/apple_red_2/r0_2.jpg,apple_red_2,train
Images/Training/apple_red_2/r0_20.jpg,apple_red_2,train
Images/Training/apple_red_2/r0_200.jpg,apple_red_2,train
Images/Training/apple_red_2/r0_202.jpg,apple_red_2,train
Images/Training/apple_red_2/r0_204.jpg,apple_red_2,train
Images/Training/apple_red_2/r0_206.jpg,apple_red_2,train
Images/Training/apple_red_2/r0_208.jpg,apple_red_2,train
Images/Training/apple_red_2/r0_210.jpg,apple_red_2,train
Images/Training/apple_red_2/r0_212.jpg,apple_red_2,train
Images/Training/apple_red_2/r0_214.jpg,apple_red_2,train
Images/Training/apple_red_2/r0_216.jpg,apple_red_2,train
Images/Training/apple_red_2/r0_218.jpg,apple_red_2,train
Images/Training/apple_red_2/r0_22.jpg,apple_red_2,train
Images/Training/apple_red_2/r0_220.jpg,apple_red_2,train
Images/Training/apple_red_2/r0_222.jpg,apple_red_2,train
Images/Training/apple_red_2/r0_224.jpg,apple_red_2,val
Images/Training/apple_red_2/r0_226.jpg,apple_red_2,val
Images/Training/apple_red_2/r0_228.jpg,apple_red_2,val
Images/Training/apple_red_2/r0_230.jpg,apple_red_2,val
Images/Training/apple_red_2/r0_232.jpg,apple_red_2,val
Images/Training/apple_red_2/r0_234.jpg,apple_red_2,val
Images/Training/apple_red_2/r0_236.jpg,apple_red_2,val
Images/Training/apple_red_2/r0_238.jpg,apple_red_2,val
Images/Training/apple_red_2/r0_24.jpg,apple_red_2,train
Images/Training/apple_red_2/r0_240.jpg,apple_red_2,val
Images/Training/apple_red_2/r0_242.jpg,apple_red_2,val
Images/Training/apple_red_2/r0_244.jpg,apple_red_2,val
Images/Training/apple_red_2/r0_246.jpg,apple_red_2,val
Images/Training/apple_red_2/r0_248.jpg,apple_red_2,val
Images/Training/apple_red_2/r0_250.jpg,apple_red_2,val
Images/Training/apple_red_2/r0_252.jpg,apple_red_2,val
Images/Training/apple_red_2/r0_254.jpg,apple_red_2,val
Images/Training/apple_red_2/r0_256.jpg,apple_red_2,val
Images/Training/apple_red_2/r0_258.jpg,apple_red_2,val
Images/Training/apple_red_2/r0_26.jpg,apple_red_2,train
Images/Training/apple_red_2/r0_260.jpg,apple_red_2,val
Images/Training/apple_red_2/r0_262.jpg,apple_red_2,val
Images/Training/apple_red_2/r0_264.jpg,apple_red_2,val
Images/Training/apple_red_2/r0_266.jpg,apple_red_2,val
Images/Training/apple_red_2/r0_268.jpg,apple_red_2,val
Images/Training/apple_red_2/r0_270.jpg,apple_red_2,val
Images/Training/apple_red_2/r0_272.jpg,apple_red_2,test
Images/Training/apple_red_2/r0_274.jpg,apple_red_2,test
Images/Training/apple_red_2/r0_276.jpg,apple_red_2,test
Images/Training/apple_red_2/r0_278.jpg,apple_red_2,test
Images/Training/apple_red_2/r0_28.jpg,apple_red_2,train
Images/Training/apple_red_2/r0_280.jpg,apple_red_2,test
Images/Training/apple_red_2/r0_282.jpg,apple_red_2,test
Images/Training/apple_red_2/r0_284.jpg,apple_red_2,test
Images/Training/apple_red_2/r0_286.jpg,apple_red_2,test
Images/Training/apple_red_2/r0_288.jpg,apple_red_2,test
Images/Training/apple_red_2/r0_290.jpg,apple_red_2,test
Images/Training/apple_red_2/r0_292.jpg,apple_red_2,test
Images/Training/apple_red_2/r0_294.jpg,apple_red_2,test
Images/Training/apple_red_2/r0_296.jpg,apple_red_2,test
Images/Training/apple_red_2/r0_298.jpg,apple_red_2,test
Images/Training/apple_red_2/r0_30.jpg,apple_red_2,train
Images/Training/apple_red_2/r0_300.jpg,apple_red_2,test
Images/Training/apple_red_2/r0_302.jpg,apple_red_2,test
Images/Training/apple_red_2/r0_304.jpg,apple_red_2,test
Images/Training/apple_red_2/r0_306.jpg,apple_red_2,test
Images/Training/apple_red_2/r0_308.jpg,apple_red_2,test
Images/Training/apple_red_2/r0_310.jpg,apple_red_2,test
Images/Training/apple_red_2/r0_312.jpg,apple_red_2,test
Images/Training/apple_red_2/r0_314.jpg,apple_red_2,test
Images/Training/apple_red_2/r0_316.jpg,apple_red_2,test
Images/Training/apple_red_2/r0_318.jpg,apple_red_2,test
Images/Training/apple_red_2/r0_32.jpg,apple_red_2,train
Images/Training/apple_red_2/r0_34.jpg,apple_red_2,train
Images/Training/apple_red_2/r0_36.jpg,apple_red_2,train
Images/Training/apple_red_2/r0_38.jpg,apple_red_2,train
Images/Training/apple_red_2/r0_4.jpg,apple_red_2,train
Images/Training/apple_red_2/r0_40.jpg,apple_red_2,train
Images/Training/apple_red_2/r0_42.jpg,apple_red_2,train
Images/Training/apple_red_2/r0_44.jpg,apple_red_2,train
Images/Training/apple_red_2/r0_46.jpg,apple_red_2,train
Images/Training/apple_red_2/r0_48.jpg,apple_red_2,train
Images/Training/apple_red_2/r0_50.jpg,apple_red_2,train
Images/Training/apple_red_2/r0_52.jpg,apple_red_2,train
Images/Training/apple_red_2/r0_54.jpg,apple_red_2,train
Images/Training/apple_red_2/r0_56.jpg,apple_red_2,train
Images/Training/apple_red_2/r0_58.jpg,apple_red_2,train
Images/Training/apple_red_2/r0_6.jpg,apple_red_2,train
Images/Training/apple_red_2/r0_60.jpg,apple_red_2,train
Images/Training/apple_red_2/r0_62.jpg,apple_red_2,train
Images/Training/apple_red_2/r0_64.jpg,apple_red_2,train
Images/Training/apple_red_2/r0_66.jpg,apple_red_2,train
Images/Training/apple_red_2/r0_68.jpg,apple_red_2,train
Images/Training/apple_red_2/r0_70.jpg,apple_red_2,train
Images/Training/apple_red_2/r0_72.jpg,apple_red_2,train
Images/Training/apple_red_2/r0_74.jpg,apple_red_2,train
Images/Training/apple_red_2/r0_76.jpg,apple_red_2,train
Images/Training/apple_red_2/r0_78.jpg,apple_red_2,train
Images/Training/apple_red_2/r0_8.jpg,apple_red_2,train
Images/Training/apple_red_2/r0_80.jpg,apple_red_2,train
Images/Training/apple_red_2/r0_82.jpg,apple_red_2,train
Images/Training/apple_red_2/r0_84.jpg,apple_red_2,train
Images/Training/apple_red_2/r0_86.jpg,apple_red_2,train
Images/Training/apple_red_2/r0_88.jpg,apple_red_2,train
Images/Training/apple_red_2/r0_90.jpg,apple_red_2,train
Images/Training/apple_red_2/r0_92.jpg,apple_red_2,train
Images/Training/apple_red_2/r0_94.jpg,apple_red_2,train
Images/Training/apple_red_2/r0_96.jpg,apple_red_2,train
Images/Training/apple_red_2/r0_98.jpg,apple_red_2,train
Images/Training/apple_red_2/r1_0.jpg,apple_red_2,train
Images/Training/apple_red_2/r1_10.jpg,apple_red_2,train
Images/Training/apple_red_2/r1_100.jpg,apple_red_2,train
Images/Training/apple_red_2/r1_102.jpg,apple_red_2,train
Images/Training/apple_red_2/r1_104.jpg,apple_red_2,train
Images/Training/apple_red_2/r1_106.jpg,apple_red_2,train
Images/Training/apple_red_2/r1_108.jpg,apple_red_2,train
Images/Training/apple_red_2/r1_110.jpg,apple_red_2,train
Images/Training/apple_red_2/r1_112.jpg,apple_red_2,train
Images/Training/apple_red_2/r1_114.jpg,apple_red_2,train
Images/Training/apple_red_2/r1_116.jpg,apple_red_2,train
Images/Training/apple_red_2/r1_118.jpg,apple_red_2,train
Images/Training/apple_red_2/r1_12.jpg,apple_red_2,train
Images/Training/apple_red_2/r1_120.jpg,apple_red_2,train
Images/Training/apple_red_2/r1_122.jpg,apple_red_2,train
Images/Training/apple_red_2/r1_124.jpg,apple_red_2,train
Images/Training/apple_red_2/r1_126.jpg,apple_red_2,train
Images/Training/apple_red_2/r1_128.jpg,apple_red_2,train
Images/Training/apple_red_2/r1_130.jpg,apple_red_2,train
Images/Training/apple_red_2/r1_132.jpg,apple_red_2,train
Images/Training/apple_red_2/r1_134.jpg,apple_red_2,train
Images/Training/apple_red_2/r1_136.jpg,apple_red_2,train
Images/Training/apple_red_2/r1_138.jpg,apple_red_2,train
Images/Training/apple_red_2/r1_14.jpg,apple_red_2,train
Images/Training/apple_red_2/r1_140.jpg,apple_red_2,train
Images/Training/apple_red_2/r1_142.jpg,apple_red_2,train
Images/Training/apple_red_2/r1_144.jpg,apple_red_2,train
Images/Training/apple_red_2/r1_146.jpg,apple_red_2,train
Images/Training/apple_red_2/r1_148.jpg,apple_red_2,train
Images/Training/apple_red_2/r1_150.jpg,apple_red_2,train
Images/Training/apple_red_2/r1_152.jpg,apple_red_2,train
Images/Training/apple_red_2/r1_154.jpg,apple_red_2,train
Images/Training/apple_red_2/r1_156.jpg,apple_red_2,train
Images/Training/apple_red_2/r1_158.jpg,apple_red_2,train
Images/Training/apple_red_2/r1_16.jpg,apple_red_2,train
Images/Training/apple_red_2/r1_160.jpg,apple_red_2,train
Images/Training/apple_red_2/r1_162.jpg,apple_red_2,train
Images/Training/apple_red_2/r1_164.jpg,apple_red_2,train
Images/Training/apple_red_2/r1_166.jpg,apple_red_2,train
Images/Training/apple_red_2/r1_168.jpg,apple_red_2,train
Images/Training/apple_red_2/r1_170.jpg,apple_red_2,train
Images/Training/apple_red_2/r1_172.jpg,apple_red_2,train
Images/Training/apple_red_2/r1_174.jpg,apple_red_2,train
Images/Training/apple_red_2/r1_176.jpg,apple_red_2,train
Images/Training/apple_red_2/r1_178.jpg,apple_red_2,train
Images/Training/apple_red_2/r1_18.jpg,apple_red_2,train
Images/Training/apple_red_2/r1_180.jpg,apple_red_2,train
Images/Training/apple_red_2/r1_182.jpg,apple_red_2,train
Images/Training/apple_red_2/r1_184.jpg,apple_red_2,train
Images/Training/apple_red_2/r1_186.jpg,apple_red_2,train
Images/Training/apple_red_2/r1_188.jpg,apple_red_2,train
Images/Training/apple_red_2/r1_190.jpg,apple_red_2,train
Images/Training/apple_red_2/r1_192.jpg,apple_red_2,train
Images/Training/apple_red_2/r1_194.jpg,apple_red_2,train
Images/Training/apple_red_2/r1_196.jpg,apple_red_2,train
Images/Training/apple_red_2/r1_198.jpg,apple_red_2,train
Images/Training/apple_red_2/r1_2.jpg,apple_red_2,train
Images/Training/apple_red_2/r1_20.jpg,apple_red_2,train
Images/Training/apple_red_2/r1_200.jpg,apple_red_2,train
Images/Training/apple_red_2/r1_202.jpg,apple_red_2,train
Images/Training/apple_red_2/r1_204.jpg,apple_red_2,train
Images/Training/apple_red_2/r1_206.jpg,apple_red_2,train
Images/Training/apple_red_2/r1_208.jpg,apple_red_2,train
Images/Training/apple_red_2/r1_210.jpg,apple_red_2,train
Images/Training/apple_red_2/r1_212.jpg,apple_red_2,train
Images/Training/apple_red_2/r1_214.jpg,apple_red_2,train
Images/Training/apple_red_2/r1_216.jpg,apple_red_2,train
Images/Training/apple_red_2/r1_218.jpg,apple_red_2,train
Images/Training/apple_red_2/r1_22.jpg,apple_red_2,train
Images/Training/apple_red_2/r1_220.jpg,apple_red_2,train
Images/Training/apple_red_2/r1_222.jpg,apple_red_2,val
Images/Training/apple_red_2/r1_224.jpg,apple_red_2,val
Images/Training/apple_red_2/r1_226.jpg,apple_red_2,val
Images/Training/apple_red_2/r1_228.jpg,apple_red_2,val
Images/Training/apple_red_2/r1_230.jpg,apple_red_2,val
Images/Training/apple_red_2/r1_232.jpg,apple_red_2,val
Images/Training/apple_red_2/r1_234.jpg,apple_red_2,val
Images/Training/apple_red_2/r1_236.jpg,apple_red_2,val
Images/Training/apple_red_2/r1_238.jpg,apple_red_2,val
Images/Training/apple_red_2/r1_24.jpg,apple_red_2,train
Images/Training/apple_red_2/r1_240.jpg,apple_red_2,val
Images/Training/apple_red_2/r1_242.jpg,apple_red_2,val
Images/Training/apple_red_2/r1_244.jpg,apple_red_2,val
Images/Training/apple_red_2/r1_246.jpg,apple_red_2,val
Images/Training/apple_red_2/r1_248.jpg,apple_red_2,val
Images/Training/apple_red_2/r1_250.jpg,apple_red_2,val
Images/Training/apple_red_2/r1_252.jpg,apple_red_2,val
Images/Training/apple_red_2/r1_254.jpg,apple_red_2,val
Images/Training/apple_red_2/r1_256.jpg,apple_red_2,val
Images/Training/apple_red_2/r1_258.jpg,apple_red_2,val
Images/Training/apple_red_2/r1_26.jpg,apple_red_2,train
Images/Training/apple_red_2/r1_260.jpg,apple_red_2,val
Images/Training/apple_red_2/r1_262.jpg,apple_red_2,val
Images/Training/apple_red_2/r1_264.jpg,apple_red_2,val
Images/Training/apple_red_2/r1_266.jpg,apple_red_2,val
Images/Training/apple_red_2/r1_268.jpg,apple_red_2,test
Images/Training/apple_red_2/r1_270.jpg,apple_red_2,test
Images/Training/apple_red_2/r1_272.jpg,apple_red_2,test
Images/Training/apple_red_2/r1_274.jpg,apple_red_2,test
Images/Training/apple_red_2/r1_276.jpg,apple_red_2,test
Images/Training/apple_red_2/r1_278.jpg,apple_red_2,test
Images/Training/apple_red_2/r1_28.jpg,apple_red_2,train
Images/Training/apple_red_2/r1_280.jpg,apple_red_2,test
Images/Training/apple_red_2/r1_282.jpg,apple_red_2,test
Images/Training/apple_red_2/r1_284.jpg,apple_red_2,test
Images/Training/apple_red_2/r1_286.jpg,apple_red_2,test
Images/Training/apple_red_2/r1_288.jpg,apple_red_2,test
Images/Training/apple_red_2/r1_290.jpg,apple_red_2,test
Images/Training/apple_red_2/r1_292.jpg,apple_red_2,test
Images/Training/apple_red_2/r1_294.jpg,apple_red_2,test
Images/Training/apple_red_2/r1_296.jpg,apple_red_2,test
Images/Training/apple_red_2/r1_298.jpg,apple_red_2,test
Images/Training/apple_red_2/r1_30.jpg,apple_red_2,train
Images/Training/apple_red_2/r1_300.jpg,apple_red_2,test
Images/Training/apple_red_2/r1_302.jpg,apple_red_2,test
Images/Training/apple_red_2/r1_304.jpg,apple_red_2,test
Images/Training/apple_red_2/r1_306.jpg,apple_red_2,test
Images/Training/apple_red_2/r1_308.jpg,apple_red_2,test
Images/Training/apple_red_2/r1_310.jpg,apple_red_2,test
Images/Training/apple_red_2/r1_312.jpg,apple_red_2,test
Images/Training/apple_red_2/r1_314.jpg,apple_red_2,test
Images/Training/apple_red_2/r1_32.jpg,apple_red_2,train
Images/Training/apple_red_2/r1_34.jpg,apple_red_2,train
Images/Training/apple_red_2/r1_36.jpg,apple_red_2,train
Images/Training/apple_red_2/r1_38.jpg,apple_red_2,train
Images/Training/apple_red_2/r1_4.jpg,apple_red_2,train
Images/Training/apple_red_2/r1_40.jpg,apple_red_2,train
Images/Training/apple_red_2/r1_42.jpg,apple_red_2,train
Images/Training/apple_red_2/r1_44.jpg,apple_red_2,train
Images/Training/apple_red_2/r1_46.jpg,apple_red_2,train
Images/Training/apple_red_2/r1_48.jpg,apple_red_2,train
Images/Training/apple_red_2/r1_50.jpg,apple_red_2,train
Images/Training/apple_red_2/r1_52.jpg,apple_red_2,train
Images/Training/apple_red_2/r1_54.jpg,apple_red_2,train
Images/Training/apple_red_2/r1_56.jpg,apple_red_2,train
Images/Training/apple_red_2/r1_58.jpg,apple_red_2,train
Images/Training/apple_red_2/r1_6.jpg,apple_red_2,train
Images/Training/apple_red_2/r1_60.jpg,apple_red_2,train
Images/Training/apple_red_2/r1_62.jpg,apple_red_2,train
Images/Training/apple_red_2/r1_64.jpg,apple_red_2,train
Images/Training/apple_red_2/r1_66.jpg,apple_red_2,train
Images/Training/apple_red_2/r1_68.jpg,apple_red_2,train
Images/Training/apple_red_2/r1_70.jpg,apple_red_2,train
Images/Training/apple_red_2/r1_72.jpg,apple_red_2,train
Images/Training/apple_red_2/r1_74.jpg,apple_red_2,train
Images/Training/apple_red_2/r1_76.jpg,apple_red_2,train
Images/Training/apple_red_2/r1_78.jpg,apple_red_2,train
Images/Training/apple_red_2/r1_8.jpg,apple_red_2,train
Images/Training/apple_red_2/r1_80.jpg,apple_red_2,train
Images/Training/apple_red_2/r1_82.jpg,apple_red_2,train
Images/Training/apple_red_2/r1_84.jpg,apple_red_2,train
Images/Training/apple_red_2/r1_86.jpg,apple_red_2,train
Images/Training/apple_red_2/r1_88.jpg,apple_red_2,train
Images/Training/apple_red_2/r1_90.jpg,apple_red_2,train
Images/Training/apple_red_2/r1_92.jpg,apple_red_2,train
Images/Training/apple_red_2/r1_94.jpg,apple_red_2,train
Images/Training/apple_red_2/r1_96.jpg,apple_red_2,train
Images/Training/apple_red_2/r1_98.jpg,apple_red_2,train
Images/Training/apple_red_3/r0_0.jpg,apple_red_3,train
Images/Training/apple_red_3/r0_10.jpg,apple_red_3,train
Images/Training/apple_red_3/r0_100.jpg,apple_red_3,train
Images/Training/apple_red_3/r0_102.jpg,apple_red_3,train
Images/Training/apple_red_3/r0_104.jpg,apple_red_3,train
Images/Training/apple_red_3/r0_106.jpg,apple_red_3,train
Images/Training/apple_red_3/r0_108.jpg,apple_red_3,train
Images/Training/apple_red_3/r0_110.jpg,apple_red_3,train
Images/Training/apple_red_3/r0_112.jpg,apple_red_3,train
Images/Training/apple_red_3/r0_114.jpg,apple_red_3,train
Images/Training/apple_red_3/r0_116.jpg,apple_red_3,train
Images/Training/apple_red_3/r0_118.jpg,apple_red_3,train
Images/Training/apple_red_3/r0_12.jpg,apple_red_3,train
Images/Training/apple_red_3/r0_120.jpg,apple_red_3,train
Images/Training/apple_red_3/r0_122.jpg,apple_red_3,train
Images/Training/apple_red_3/r0_124.jpg,apple_red_3,train
Images/Training/apple_red_3/r0_126.jpg,apple_red_3,train
Images/Training/apple_red_3/r0_128.jpg,apple_red_3,train
Images/Training/apple_red_3/r0_130.jpg,apple_red_3,train
Images/Training/apple_red_3/r0_132.jpg,apple_red_3,train
Images/Training/apple_red_3/r0_134.jpg,apple_red_3,train
Images/Training/apple_red_3/r0_136.jpg,apple_red_3,train
Images/Training/apple_red_3/r0_138.jpg,apple_red_3,train
Images/Training/apple_red_3/r0_14.jpg,apple_red_3,train
Images/Training/apple_red_3/r0_140.jpg,apple_red_3,train
Images/Training/apple_red_3/r0_142.jpg,apple_red_3,train
Images/Training/apple_red_3/r0_144.jpg,apple_red_3,train
Images/Training/apple_red_3/r0_146.jpg,apple_red_3,train
Images/Training/apple_red_3/r0_148.jpg,apple_red_3,train
Images/Training/apple_red_3/r0_150.jpg,apple_red_3,train
Images/Training/apple_red_3/r0_152.jpg,apple_red_3,train
Images/Training/apple_red_3/r0_154.jpg,apple_red_3,train
Images/Training/apple_red_3/r0_156.jpg,apple_red_3,train
Images/Training/apple_red_3/r0_158.jpg,apple_red_3,train
Images/Training/apple_red_3/r0_16.jpg,apple_red_3,train
Images/Training/apple_red_3/r0_160.jpg,apple_red_3,train
Images/Training/apple_red_3/r0_162.jpg,apple_red_3,train
Images/Training/apple_red_3/r0_164.jpg,apple_red_3,train
Images/Training/apple_red_3/r0_166.jpg,apple_red_3,train
Images/Training/apple_red_3/r0_168.jpg,apple_red_3,train
Images/Training/apple_red_3/r0_170.jpg,apple_red_3,train
Images/Training/apple_red_3/r0_172.jpg,apple_red_3,val
Images/Training/apple_red_3/r0_174.jpg,apple_red_3,val
Images/Training/apple_red_3/r0_176.jpg,apple_red_3,val
Images/Training/apple_red_3/r0_178.jpg,apple_red_3,val
Images/Training/apple_red_3/r0_18.jpg,apple_red_3,train
Images/Training/apple_red_3/r0_180.jpg,apple_red_3,val
Images/Training/apple_red_3/r0_182.jpg,apple_red_3,val
Images/Training/apple_red_3/r0_184.jpg,apple_red_3,val
Images/Training/apple_red_3/r0_186.jpg,apple_red_3,val
Images/Training/apple_red_3/r0_188.jpg,apple_red_3,val
Images/Training/apple_red_3/r0_190.jpg,apple_red_3,val
Images/Training/apple_red_3/r0_192.jpg,apple_red_3,val
Images/Training/apple_red_3/r0_194.jpg,apple_red_3,val
Images/Training/apple_red_3/r0_196.jpg,apple_red_3,val
Images/Training/apple_red_3/r0_198.jpg,apple_red_3,val
Images/Training/apple_red_3/r0_2.jpg,apple_red_3,train
Images/Training/apple_red_3/r0_20.jpg,apple_red_3,train
Images/Training/apple_red_3/r0_200.jpg,apple_red_3,val
Images/Training/apple_red_3/r0_202.jpg,apple_red_3,val
Images/Training/apple_red_3/r0_204.jpg,apple_red_3,val
Images/Training/apple_red_3/r0_206.jpg,apple_red_3,val
Images/Training/apple_red_3/r0_208.jpg,apple_red_3,val
Images/Training/apple_red_3/r0_210.jpg,apple_red_3,test
Images/Training/apple_red_3/r0_212.jpg,apple_red_3,test
Images/Training/apple_red_3/r0_214.jpg,apple_red_3,test
Images/Training/apple_red_3/r0_216.jpg,apple_red_3,test
Images/Training/apple_red_3/r0_218.jpg,apple_red_3,test
Images/Training/apple_red_3/r0_22.jpg,apple_red_3,train
Images/Training/apple_red_3/r0_220.jpg,apple_red_3,test
Images/Training/apple_red_3/r0_222.jpg,apple_red_3,test
Images/Training/apple_red_3/r0_224.jpg,apple_red_3,test
Images/Training/apple_red_3/r0_226.jpg,apple_red_3,test
Images/Training/apple_red_3/r0_228.jpg,apple_red_3,test
Images/Training/apple_red_3/r0_230.jpg,apple_red_3,test
Images/Training/apple_red_3/r0_232.jpg,apple_red_3,test
Images/Training/apple_red_3/r0_234.jpg,apple_red_3,test
Images/Training/apple_red_3/r0_236.jpg,apple_red_3,test
Images/Training/apple_red_3/r0_238.jpg,apple_red_3,test
Images/Training/apple_red_3/r0_24.jpg,apple_red_3,train
Images/Training/apple_red_3/r0_240.jpg,apple_red_3,test
Images/Training/apple_red_3/r0_242.jpg,apple_red_3,test
Images/Training/apple_red_3/r0_244.jpg,apple_red_3,test
Images/Training/apple_red_3/r0_26.jpg,apple_red_3,train
Images/Training/apple_red_3/r0_28.jpg,apple_red_3,train
Images/Training/apple_red_3/r0_30.jpg,apple_red_3,train
Images/Training/apple_red_3/r0_32.jpg,apple_red_3,train
Images/Training/apple_red_3/r0_34.jpg,apple_red_3,train
Images/Training/apple_red_3/r0_36.jpg,apple_red_3,train
Images/Training/apple_red_3/r0_38.jpg,apple_red_3,train
Images/Training/apple_red_3/r0_4.jpg,apple_red_3,train
Images/Training/apple_red_3/r0_40.jpg,apple_red_3,train
Images/Training/apple_red_3/r0_42.jpg,apple_red_3,train
Images/Training/apple_red_3/r0_44.jpg,apple_red_3,train
Images/Training/apple_red_3/r0_46.jpg,apple_red_3,train
Images/Training/apple_red_3/r0_48.jpg,apple_red_3,train
Images/Training/apple_red_3/r0_50.jpg,apple_red_3,train
Images/Training/apple_red_3/r0_52.jpg,apple_red_3,train
Images/Training/apple_red_3/r0_54.jpg,apple_red_3,train
Images/Training/apple_red_3/r0_56.jpg,apple_red_3,train
Images/Training/apple_red_3/r0_58.jpg,apple_red_3,train
Images/Training/apple_red_3/r0_6.jpg,apple_red_3,train
Images/Training/apple_red_3/r0_60.jpg,apple_red_3,train
Images/Training/apple_red_3/r0_62.jpg,apple_red_3,train
Images/Training/apple_red_3/r0_64.jpg,apple_red_3,train
Images/Training/apple_red_3/r0_66.jpg,apple_red_3,train
Images/Training/apple_red_3/r0_68.jpg,apple_red_3,train
Images/Training/apple_red_3/r0_70.jpg,apple_red_3,train
Images/Training/apple_red_3/r0_72.jpg,apple_red_3,train
Images/Training/apple_red_3/r0_74.jpg,apple_red_3,train
Images/Training/apple_red_3/r0_76.jpg,apple_red_3,train
Images/Training/apple_red_3/r0_78.jpg,apple_red_3,train
Images/Training/apple_red_3/r0_8.jpg,apple_red_3,train
Images/Training/apple_red_3/r0_80.jpg,apple_red_3,train
Images/Training/apple_red_3/r0_82.jpg,apple_red_3,train
Images/Training/apple_red_3/r0_84.jpg,apple_red_3,train
Images/Training/apple_red_3/r0_86.jpg,apple_red_3,train
Images/Training/apple_red_3/r0_88.jpg,apple_red_3,train
Images/Training/apple_red_3/r0_90.jpg,apple_red_3,train
Images/Training/apple_red_3/r0_92.jpg,apple_red_3,train
Images/Training/apple_red_3/r0_94.jpg,apple_red_3,train
Images/Training/apple_red_3/r0_96.jpg,apple_red_3,train
Images/Training/apple_red_3/r0_98.jpg,apple_red_3,train
Images/Training/apple_red_3/r1_0.jpg,apple_red_3,train
Images/Training/apple_red_3/r1_10.jpg,apple_red_3,train
Images/Training/apple_red_3/r1_100.jpg,apple_red_3,train
Images/Training/apple_red_3/r1_102.jpg,apple_red_3,train
Images/Training/apple_red_3/r1_104.jpg,apple_red_3,train
Images/Training/apple_red_3/r1_106.jpg,apple_red_3,train
Images/Training/apple_red_3/r1_108.jpg,apple_red_3,train
Images/Training/apple_red_3/r1_110.jpg,apple_red_3,train
Images/Training/apple_red_3/r1_112.jpg,apple_red_3,train
Images/Training/apple_red_3/r1_114.jpg,apple_red_3,train
Images/Training/apple_red_3/r1_116.jpg,apple_red_3,train
Images/Training/apple_red_3/r1_118.jpg,apple_red_3,train
Images/Training/apple_red_3/r1_12.jpg,apple_red_3,train
Images/Training/apple_red_3/r1_120.jpg,apple_red_3,train
Images/Training/apple_red_3/r1_122.jpg,apple_red_3,train
Images/Training/apple_red_3/r1_124.jpg,apple_red_3,train
Images/Training/apple_red_3/r1_126.jpg,apple_red_3,train
Images/Training/apple_red_3/r1_128.jpg,apple_red_3,train
Images/Training/apple_red_3/r1_130.jpg,apple_red_3,train
Images/Training/apple_red_3/r1_132.jpg,apple_red_3,train
Images/Training/apple_red_3/r1_134.jpg,apple_red_3,train
Images/Training/apple_red_3/r1_136.jpg,apple_red_3,train
Images/Training/apple_red_3/r1_138.jpg,apple_red_3,train
Images/Training/apple_red_3/r1_14.jpg,apple_red_3,train
Images/Training/apple_red_3/r1_140.jpg,apple_red_3,train
Images/Training/apple_red_3/r1_142.jpg,apple_red_3,train
Images/Training/apple_red_3/r1_144.jpg,apple_red_3,train
Images/Training/apple_red_3/r1_146.jpg,apple_red_3,train
Images/Training/apple_red_3/r1_148.jpg,apple_red_3,train
Images/Training/apple_red_3/r1_150.jpg,apple_red_3,train
Images/Training/apple_red_3/r1_152.jpg,apple_red_3,train
Images/Training/apple_red_3/r1_154.jpg,apple_red_3,train
Images/Training/apple_red_3/r1_156.jpg,apple_red_3,train
Images/Training/apple_red_3/r1_158.jpg,apple_red_3,train
Images/Training/apple_red_3/r1_16.jpg,apple_red_3,train
Images/Training/apple_red_3/r1_160.jpg,apple_red_3,train
Images/Training/apple_red_3/r1_162.jpg,apple_red_3,train
Images/Training/apple_red_3/r1_164.jpg,apple_red_3,train
Images/Training/apple_red_3/r1_166.jpg,apple_red_3,train
Images/Training/apple_red_3/r1_168.jpg,apple_red_3,train
Images/Training/apple_red_3/r1_170.jpg,apple_red_3,train
Images/Training/apple_red_3/r1_172.jpg,apple_red_3,train
Images/Training/apple_red_3/r1_174.jpg,apple_red_3,train
Images/Training/apple_red_3/r1_176.jpg,apple_red_3,train
Images/Training/apple_red_3/r1_178.jpg,apple_red_3,train
Images/Training/apple_red_3/r1_18.jpg,apple_red_3,train
Images/Training/apple_red_3/r1_180.jpg,apple_red_3,train
Images/Training/apple_red_3/r1_182.jpg,apple_red_3,train
Images/Training/apple_red_3/r1_184.jpg,apple_red_3,train
Images/Training/apple_red_3/r1_186.jpg,apple_red_3,train
Images/Training/apple_red_3/r1_188.jpg,apple_red_3,train
Images/Training/apple_red_3/r1_190.jpg,apple_red_3,train
Images/Training/apple_red_3/r1_192.jpg,apple_red_3,train
Images/Training/apple_red_3/r1_194.jpg,apple_red_3,train
Images/Training/apple_red_3/r1_196.jpg,apple_red_3,train
Images/Training/apple_red_3/r1_198.jpg,apple_red_3,train
Images/Training/apple_red_3/r1_2.jpg,apple_red_3,train
Images/Training/apple_red_3/r1_20.jpg,apple_red_3,train
Images/Training/apple_red_3/r1_200.jpg,apple_red_3,train
Images/Training/apple_red_3/r1_202.jpg,apple_red_3,train
Images/Training/apple_red_3/r1_204.jpg,apple_red_3,train
Images/Training/apple_red_3/r1_206.jpg,apple_red_3,train
Images/Training/apple_red_3/r1_208.jpg,apple_red_3,train
Images/Training/apple_red_3/r1_210.jpg,apple_red_3,train
Images/Training/apple_red_3/r1_212.jpg,apple_red_3,train
Images/Training/apple_red_3/r1_214.jpg,apple_red_3,train
Images/Training/apple_red_3/r1_216.jpg,apple_red_3,train
Images/Training/apple_red_3/r1_218.jpg,apple_red_3,train
Images/Training/apple_red_3/r1_22.jpg,apple_red_3,train
Images/Training/apple_red_3/r1_220.jpg,apple_red_3,train
Images/Training/apple_red_3/r1_222.jpg,apple_red_3,val
Images/Training/apple_red_3/r1_224.jpg,apple_red_3,val
Images/Training/apple_red_3/r1_226.jpg,apple_red_3,val
Images/Training/apple_red_3/r1_228.jpg,apple_red_3,val
Images/Training/apple_red_3/r1_230.jpg,apple_red_3,val
Images/Training/apple_red_3/r1_232.jpg,apple_red_3,val
Images/Training/apple_red_3/r1_234.jpg,apple_red_3,val
Images/Training/apple_red_3/r1_236.jpg,apple_red_3,val
Images/Training/apple_red_3/r1_238.jpg,apple_red_3,val
Images/Training/apple_red_3/r1_24.jpg,apple_red_3,train
Images/Training/apple_red_3/r1_240.jpg,apple_red_3,val
Images/Training/apple_red_3/r1_242.jpg,apple_red_3,val
Images/Training/apple_red_3/r1_244.jpg,apple_red_3,val
Images/Training/apple_red_3/r1_246.jpg,apple_red_3,val
Images/Training/apple_red_3/r1_248.jpg,apple_red_3,val
Images/Training/apple_red_3/r1_250.jpg,apple_red_3,val
Images/Training/apple_red_3/r1_252.jpg,apple_red_3,val
Images/Training/apple_red_3/r1_254.jpg,apple_red_3,val
Images/Training/apple_red_3/r1_256.jpg,apple_red_3,val
Images/Training/apple_red_3/r1_258.jpg,apple_red_3,val
Images/Training/apple_red_3/r1_26.jpg,apple_red_3,train
Images/Training/apple_red_3/r1_260.jpg,apple_red_3,val
Images/Training/apple_red_3/r1_262.jpg,apple_red_3,val
Images/Training/apple_red_3/r1_264.jpg,apple_red_3,val
Images/Training/apple_red_3/r1_266.jpg,apple_red_3,val
Images/Training/apple_red_3/r1_268.jpg,apple_red_3,test
Images/Training/apple_red_3/r1_270.jpg,apple_red_3,test
Images/Training/apple_red_3/r1_272.jpg,apple_red_3,test
Images/Training/apple_red_3/r1_274.jpg,apple_red_3,test
Images/Training/apple_red_3/r1_276.jpg,apple_red_3,test
Images/Training/apple_red_3/r1_278.jpg,apple_red_3,test
Images/Training/apple_red_3/r1_28.jpg,apple_red_3,train
Images/Training/apple_red_3/r1_280.jpg,apple_red_3,test
Images/Training/apple_red_3/r1_282.jpg,apple_red_3,test
Images/Training/apple_red_3/r1_284.jpg,apple_red_3,test
Images/Training/apple_red_3/r1_286.jpg,apple_red_3,test
Images/Training/apple_red_3/r1_288.jpg,apple_red_3,test
Images/Training/apple_red_3/r1_290.jpg,apple_red_3,test
Images/Training/apple_red_3/r1_292.jpg,apple_red_3,test
Images/Training/apple_red_3/r1_294.jpg,apple_red_3,test
Images/Training/apple_red_3/r1_296.jpg,apple_red_3,test
Images/Training/apple_red_3/r1_298.jpg,apple_red_3,test
Images/Training/apple_red_3/r1_30.jpg,apple_red_3,train
Images/Training/apple_red_3/r1_300.jpg,apple_red_3,test
Images/Training/apple_red_3/r1_302.jpg,apple_red_3,test
Images/Training/apple_red_3/r1_304.jpg,apple_red_3,test
Images/Training/apple_red_3/r1_306.jpg,apple_red_3,test
Images/Training/apple_red_3/r1_308.jpg,apple_red_3,test
Images/Training/apple_red_3/r1_310.jpg,apple_red_3,test
Images/Training/apple_red_3/r1_312.jpg,apple_red_3,test
Images/Training/apple_red_3/r1_314.jpg,apple_red_3,test
Images/Training/apple_red_3/r1_32.jpg,apple_red_3,train
Images/Training/apple_red_3/r1_34.jpg,apple_red_3,train
Images/Training/apple_red_3/r1_36.jpg,apple_red_3,train
Images/Training/apple_red_3/r1_38.jpg,apple_red_3,train
Images/Training/apple_red_3/r1_4.jpg,apple_red_3,train
Images/Training/apple_red_3/r1_40.jpg,apple_red_3,train
Images/Training/apple_red_3/r1_42.jpg,apple_red_3,train
Images/Training/apple_red_3/r1_44.jpg,apple_red_3,train
Images/Training/apple_red_3/r1_46.jpg,apple_red_3,train
Images/Training/apple_red_3/r1_48.jpg,apple_red_3,train
Images/Training/apple_red_3/r1_50.jpg,apple_red_3,train
Images/Training/apple_red_3/r1_52.jpg,apple_red_3,train
Images/Training/apple_red_3/r1_54.jpg,apple_red_3,train
Images/Training/apple_red_3/r1_56.jpg,apple_red_3,train
Images/Training/apple_red_3/r1_58.jpg,apple_red_3,train
Images/Training/apple_red_3/r1_6.jpg,apple_red_3,train
Images/Training/apple_red_3/r1_60.jpg,apple_red_3,train
Images/Training/apple_red_3/r1_62.jpg,apple_red_3,train
Images/Training/apple_red_3/r1_64.jpg,apple_red_3,train
Images/Training/apple_red_3/r1_66.jpg,apple_red_3,train
Images/Training/apple_red_3/r1_68.jpg,apple_red_3,train
Images/Training/apple_red_3/r1_70.jpg,apple_red_3,train
Images/Training/apple_red_3/r1_72.jpg,apple_red_3,train
Images/Training/apple_red_3/r1_74.jpg,apple_red_3,train
Images/Training/apple_red_3/r1_76.jpg,apple_red_3,train
Images/Training/apple_red_3/r1_78.jpg,apple_red_3,train
Images/Training/apple_red_3/r1_8.jpg,apple_red_3,train
Images/Training/apple_red_3/r1_80.jpg,apple_red_3,train
Images/Training/apple_red_3/r1_82.jpg,apple_red_3,train
Images/Training/apple_red_3/r1_84.jpg,apple_red_3,train
Images/Training/apple_red_3/r1_86.jpg,apple_red_3,train
Images/Training/apple_red_3/r1_88.jpg,apple_red_3,train
Images/Training/apple_red_3/r1_90.jpg,apple_red_3,train
Images/Training/apple_red_3/r1_92.jpg,apple_red_3,train
Images/Training/apple_red_3/r1_94.jpg,apple_red_3,train
Images/Training/apple_red_3/r1_96.jpg,apple_red_3,train
Images/Training/apple_red_3/r1_98.jpg,apple_red_3,train
Images/Training/apple_red_delicios_1/r0_0.jpg,apple_red_delicios_1,train
Images/Training/apple_red_delicios_1/r0_10.jpg,apple_red_delicios_1,train
Images/Training/apple_red_delicios_1/r0_100.jpg,apple_red_delicios_1,train
Images/Training/apple_red_delicios_1/r0_102.jpg,apple_red_delicios_1,train
Images/Training/apple_red_delicios_1/r0_104.jpg,apple_red_delicios_1,train
Images/Training/apple_red_delicios_1/r0_106.jpg,apple_red_delicios_1,train
Images/Training/apple_red_delicios_1/r0_108.jpg,apple_red_delicios_1,train
Images/Training/apple_red_delicios_1/r0_110.jpg,apple_red_delicios_1,train
Images/Training/apple_red_delicios_1/r0_112.jpg,apple_red_delicios_1,train
Images/Training/apple_red_delicios_1/r0_114.jpg,apple_red_delicios_1,train
Images/Training/apple_red_delicios_1/r0_116.jpg,apple_red_delicios_1,train
Images/Training/apple_red_delicios_1/r0_118.jpg,apple_red_delicios_1,train
Images/Training/apple_red_delicios_1/r0_12.jpg,apple_red_delicios_1,train
Images/Training/apple_red_delicios_1/r0_120.jpg,apple_red_delicios_1,train
Images/Training/apple_red_delicios_1/r0_122.jpg,apple_red_delicios_1,train
Images/Training/apple_red_delicios_1/r0_124.jpg,apple_red_delicios_1,train
Images/Training/apple_red_delicios_1/r0_126.jpg,apple_red_delicios_1,train
Images/Training/apple_red_delicios_1/r0_128.jpg,apple_red_delicios_1,train
Images/Training/apple_red_delicios_1/r0_130.jpg,apple_red_delicios_1,train
Images/Training/apple_red_delicios_1/r0_132.jpg,apple_red_delicios_1,train
Images/Training/apple_red_delicios_1/r0_134.jpg,apple_red_delicios_1,train
Images/Training/apple_red_delicios_1/r0_136.jpg,apple_red_delicios_1,train
Images/Training/apple_red_delicios_1/r0_138.jpg,apple_red_delicios_1,train
Images/Training/apple_red_delicios_1/r0_14.jpg,apple_red_delicios_1,train
Images/Training/apple_red_delicios_1/r0_140.jpg,apple_red_delicios_1,train
Images/Training/apple_red_delicios_1/r0_142.jpg,apple_red_delicios_1,train
Images/Training/apple_red_delicios_1/r0_144.jpg,apple_red_delicios_1,train
Images/Training/apple_red_delicios_1/r0_146.jpg,apple_red_delicios_1,train
Images/Training/apple_red_delicios_1/r0_148.jpg,apple_red_delicios_1,train
Images/Training/apple_red_delicios_1/r0_150.jpg,apple_red_delicios_1,train
Images/Training/apple_red_delicios_1/r0_152.jpg,apple_red_delicios_1,train
Images/Training/apple_red_delicios_1/r0_154.jpg,apple_red_delicios_1,train
Images/Training/apple_red_delicios_1/r0_156.jpg,apple_red_delicios_1,train
Images/Training/apple_red_delicios_1/r0_158.jpg,apple_red_delicios_1,train
Images/Training/apple_red_delicios_1/r0_16.jpg,apple_red_delicios_1,train
Images/Training/apple_red_delicios_1/r0_160.jpg,apple_red_delicios_1,train
Images/Training/apple_red_delicios_1/r0_162.jpg,apple_red_delicios_1,train
Images/Training/apple_red_delicios_1/r0_164.jpg,apple_red_delicios_1,train
Images/Training/apple_red_delicios_1/r0_166.jpg,apple_red_delicios_1,train
Images/Training/apple_red_delicios_1/r0_168.jpg,apple_red_delicios_1,train
Images/Training/apple_red_delicios_1/r0_170.jpg,apple_red_delicios_1,train
Images/Training/apple_red_delicios_1/r0_172.jpg,apple_red_delicios_1,train
Images/Training/apple_red_delicios_1/r0_174.jpg,apple_red_delicios_1,train
Images/Training/apple_red_delicios_1/r0_176.jpg,apple_red_delicios_1,train
Images/Training/apple_red_delicios_1/r0_178.jpg,apple_red_delicios_1,train
Images/Training/apple_red_delicios_1/r0_18.jpg,apple_red_delicios_1,train
Images/Training/apple_red_delicios_1/r0_180.jpg,apple_red_delicios_1,train
Images/Training/apple_red_delicios_1/r0_182.jpg,apple_red_delicios_1,train
Images/Training/apple_red_delicios_1/r0_184.jpg,apple_red_delicios_1,train
Images/Training/apple_red_delicios_1/r0_186.jpg,apple_red_delicios_1,train
Images/Training/apple_red_delicios_1/r0_188.jpg,apple_red_delicios_1,train
Images/Training/apple_red_delicios_1/r0_190.jpg,apple_red_delicios_1,train
Images/Training/apple_red_delicios_1/r0_192.jpg,apple_red_delicios_1,train
Images/Training/apple_red_delicios_1/r0_194.jpg,apple_red_delicios_1,train
Images/Training/apple_red_delicios_1/r0_196.jpg,apple_red_delicios_1,train
Images/Training/apple_red_delicios_1/r0_198.jpg,apple_red_delicios_1,train
Images/Training/apple_red_delicios_1/r0_2.jpg,apple_red_delicios_1,train
Images/Training/apple_red_delicios_1/r0_20.jpg,apple_red_delicios_1,train
Images/Training/apple_red_delicios_1/r0_200.jpg,apple_red_delicios_1,train
Images/Training/apple_red_delicios_1/r0_202.jpg,apple_red_delicios_1,train
Images/Training/apple_red_delicios_1/r0_204.jpg,apple_red_delicios_1,train
Images/Training/apple_red_delicios_1/r0_206.jpg,apple_red_delicios_1,train
Images/Training/apple_red_delicios_1/r0_208.jpg,apple_red_delicios_1,train
Images/Training/apple_red_delicios_1/r0_210.jpg,apple_red_delicios_1,val
Images/Training/apple_red_delicios_1/r0_212.jpg,apple_red_delicios_1,val
Images/Training/apple_red_delicios_1/r0_214.jpg,apple_red_delicios_1,val
Images/Training/apple_red_delicios_1/r0_216.jpg,apple_red_delicios_1,val
Images/Training/apple_red_delicios_1/r0_218.jpg,apple_red_delicios_1,val
Images/Training/apple_red_delicios_1/r0_22.jpg,apple_red_delicios_1,train
Images/Training/apple_red_delicios_1/r0_220.jpg,apple_red_delicios_1,val
Images/Training/apple_red_delicios_1/r0_222.jpg,apple_red_delicios_1,val
Images/Training/apple_red_delicios_1/r0_224.jpg,apple_red_delicios_1,val
Images/Training/apple_red_delicios_1/r0_226.jpg,apple_red_delicios_1,val
Images/Training/apple_red_delicios_1/r0_228.jpg,apple_red_delicios_1,val
Images/Training/apple_red_delicios_1/r0_230.jpg,apple_red_delicios_1,val
Images/Training/apple_red_delicios_1/r0_232.jpg,apple_red_delicios_1,val
Images/Training/apple_red_delicios_1/r0_234.jpg,apple_red_delicios_1,val
Images/Training/apple_red_delicios_1/r0_236.jpg,apple_red_delicios_1,val
Images/Training/apple_red_delicios_1/r0_238.jpg,apple_red_delicios_1,val
Images/Training/apple_red_delicios_1/r0_24.jpg,apple_red_delicios_1,train
Images/Training/apple_red_delicios_1/r0_240.jpg,apple_red_delicios_1,val
Images/Training/apple_red_delicios_1/r0_242.jpg,apple_red_delicios_1,val
Images/Training/apple_red_delicios_1/r0_244.jpg,apple_red_delicios_1,val
Images/Training/apple_red_delicios_1/r0_246.jpg,apple_red_delicios_1,val
Images/Training/apple_red_delicios_1/r0_248.jpg,apple_red_delicios_1,val
Images/Training/apple_red_delicios_1/r0_250.jpg,apple_red_delicios_1,val
Images/Training/apple_red_delicios_1/r0_252.jpg,apple_red_delicios_1,val
Images/Training/apple_red_delicios_1/r0_254.jpg,apple_red_delicios_1,val
Images/Training/apple_red_delicios_1/r0_256.jpg,apple_red_delicios_1,test
Images/Training/apple_red_delicios_1/r0_258.jpg,apple_red_delicios_1,test
Images/Training/apple_red_delicios_1/r0_26.jpg,apple_red_delicios_1,train
Images/Training/apple_red_delicios_1/r0_260.jpg,apple_red_delicios_1,test
Images/Training/apple_red_delicios_1/r0_262.jpg,apple_red_delicios_1,test
Images/Training/apple_red_delicios_1/r0_264.jpg,apple_red_delicios_1,test
Images/Training/apple_red_delicios_1/r0_266.jpg,apple_red_delicios_1,test
Images/Training/apple_red_delicios_1/r0_268.jpg,apple_red_delicios_1,test
Images/Training/apple_red_delicios_1/r0_270.jpg,apple_red_delicios_1,test
Images/Training/apple_red_delicios_1/r0_272.jpg,apple_red_delicios_1,test
Images/Training/apple_red_delicios_1/r0_274.jpg,apple_red_delicios_1,test
Images/Training/apple_red_delicios_1/r0_276.jpg,apple_red_delicios_1,test
Images/Training/apple_red_delicios_1/r0_278.jpg,apple_red_delicios_1,test
Images/Training/apple_red_delicios_1/r0_28.jpg,apple_red_delicios_1,train
Images/Training/apple_red_delicios_1/r0_280.jpg,apple_red_delicios_1,test
Images/Training/apple_red_delicios_1/r0_282.jpg,apple_red_delicios_1,test
Images/Training/apple_red_delicios_1/r0_284.jpg,apple_red_delicios_1,test
Images/Training/apple_red_delicios_1/r0_286.jpg,apple_red_delicios_1,test
Images/Training/apple_red_delicios_1/r0_288.jpg,apple_red_delicios_1,test
Images/Training/apple_red_delicios_1/r0_290.jpg,apple_red_delicios_1,test
Images/Training/apple_red_delicios_1/r0_292.jpg,apple_red_delicios_1,test
Images/Training/apple_red_delicios_1/r0_294.jpg,apple_red_delicios_1,test
Images/Training/apple_red_delicios_1/r0_296.jpg,apple_red_delicios_1,test
Images/Training/apple_red_delicios_1/r0_298.jpg,apple_red_delicios_1,test
Images/Training/apple_red_delicios_1/r0_30.jpg,apple_red_delicios_1,train
Images/Training/apple_red_delicios_1/r0_32.jpg,apple_red_delicios_1,train
Images/Training/apple_red_delicios_1/r0_34.jpg,apple_red_delicios_1,train
Images/Training/apple_red_delicios_1/r0_36.jpg,apple_red_delicios_1,train
Images/Training/apple_red_delicios_1/r0_38.jpg,apple_red_delicios_1,train
Images/Training/apple_red_delicios_1/r0_4.jpg,apple_red_delicios_1,train
Images/Training/apple_red_delicios_1/r0_40.jpg,apple_red_delicios_1,train
Images/Training/apple_red_delicios_1/r0_42.jpg,apple_red_delicios_1,train
Images/Training/apple_red_delicios_1/r0_44.jpg,apple_red_delicios_1,train
Images/Training/apple_red_delicios_1/r0_46.jpg,apple_red_delicios_1,train
Images/Training/apple_red_delicios_1/r0_48.jpg,apple_red_delicios_1,train
Images/Training/apple_red_delicios_1/r0_50.jpg,apple_red_delicios_1,train
Images/Training/apple_red_delicios_1/r0_52.jpg,apple_red_delicios_1,train
Images/Training/apple_red_delicios_1/r0_54.jpg,apple_red_delicios_1,train
Images/Training/apple_red_delicios_1/r0_56.jpg,apple_red_delicios_1,train
Images/Training/apple_red_delicios_1/r0_58.jpg,apple_red_delicios_1,train
Images/Training/apple_red_delicios_1/r0_6.jpg,apple_red_delicios_1,train
Images/Training/apple_red_delicios_1/r0_60.jpg,apple_red_delicios_1,train
Images/Training/apple_red_delicios_1/r0_62.jpg,apple_red_delicios_1,train
Images/Training/apple_red_delicios_1/r0_64.jpg,apple_red_delicios_1,train
Images/Training/apple_red_delicios_1/r0_66.jpg,apple_red_delicios_1,train
Images/Training/apple_red_delicios_1/r0_68.jpg,apple_red_delicios_1,train
Images/Training/apple_red_delicios_1/r0_70.jpg,apple_red_delicios_1,train
Images/Training/apple_red_delicios_1/r0_72.jpg,apple_red_delicios_1,train
Images/Training/apple_red_delicios_1/r0_74.jpg,apple_red_delicios_1,train
Images/Training/apple_red_delicios_1/r0_76.jpg,apple_red_delicios_1,train
Images/Training/apple_red_delicios_1/r0_78.jpg,apple_red_delicios_1,train
Images/Training/apple_red_delicios_1/r0_8.jpg,apple_red_delicios_1,train
Images/Training/apple_red_delicios_1/r0_80.jpg,apple_red_delicios_1,train
Images/Training/apple_red_delicios_1/r0_82.jpg,apple_red_delicios_1,train
Images/Training/apple_red_delicios_1/r0_84.jpg,apple_red_delicios_1,train
Images/Training/apple_red_delicios_1/r0_86.jpg,apple_red_delicios_1,train
Images/Training/apple_red_delicios_1/r0_88.jpg,apple_red_delicios_1,train
Images/Training/apple_red_delicios_1/r0_90.jpg,apple_red_delicios_1,train
Images/Training/apple_red_delicios_1/r0_92.jpg,apple_red_delicios_1,train
Images/Training/apple_red_delicios_1/r0_94.jpg,apple_red_delicios_1,train
Images/Training/apple_red_delicios_1/r0_96.jpg,apple_red_delicios_1,train
Images/Training/apple_red_delicios_1/r0_98.jpg,apple_red_delicios_1,train
Images/Training/apple_red_delicios_1/r1_0.jpg,apple_red_delicios_1,train
Images/Training/apple_red_delicios_1/r1_10.jpg,apple_red_delicios_1,train
Images/Training/apple_red_delicios_1/r1_100.jpg,apple_red_delicios_1,train
Images/Training/apple_red_delicios_1/r1_102.jpg,apple_red_delicios_1,train
Images/Training/apple_red_delicios_1/r1_104.jpg,apple_red_delicios_1,train
Images/Training/apple_red_delicios_1/r1_106.jpg,apple_red_delicios_1,train
Images/Training/apple_red_delicios_1/r1_108.jpg,apple_red_delicios_1,train
Images/Training/apple_red_delicios_1/r1_110.jpg,apple_red_delicios_1,train
Images/Training/apple_red_delicios_1/r1_112.jpg,apple_red_delicios_1,train
Images/Training/apple_red_delicios_1/r1_114.jpg,apple_red_delicios_1,train
Images/Training/apple_red_delicios_1/r1_116.jpg,apple_red_delicios_1,train
Images/Training/apple_red_delicios_1/r1_118.jpg,apple_red_delicios_1,train
Images/Training/apple_red_delicios_1/r1_12.jpg,apple_red_delicios_1,train
Images/Training/apple_red_delicios_1/r1_120.jpg,apple_red_delicios_1,train
Images/Training/apple_red_delicios_1/r1_122.jpg,apple_red_delicios_1,train
Images/Training/apple_red_delicios_1/r1_124.jpg,apple_red_delicios_1,train
Images/Training/apple_red_delicios_1/r1_126.jpg,apple_red_delicios_1,train
Images/Training/apple_red_delicios_1/r1_128.jpg,apple_red_delicios_1,train
Images/Training/apple_red_delicios_1/r1_130.jpg,apple_red_delicios_1,train
Images/Training/apple_red_delicios_1/r1_132.jpg,apple_red_delicios_1,train
Images/Training/apple_red_delicios_1/r1_134.jpg,apple_red_delicios_1,train
Images/Training/apple_red_delicios_1/r1_136.jpg,apple_red_delicios_1,train
Images/Training/apple_red_delicios_1/r1_138.jpg,apple_red_delicios_1,train
Images/Training/apple_red_delicios_1/r1_14.jpg,apple_red_delicios_1,train
Images/Training/apple_red_delicios_1/r1_140.jpg,apple_red_delicios_1,train
Images/Training/apple_red_delicios_1/r1_142.jpg,apple_red_delicios_1,train
Images/Training/apple_red_delicios_1/r1_144.jpg,apple_red_delicios_1,train
Images/Training/apple_red_delicios_1/r1_146.jpg,apple_red_delicios_1,train
Images/Training/apple_red_delicios_1/r1_148.jpg,apple_red_delicios_1,train
Images/Training/apple_red_delicios_1/r1_150.jpg,apple_red_delicios_1,train
Images/Training/apple_red_delicios_1/r1_152.jpg,apple_red_delicios_1,train
Images/Training/apple_red_delicios_1/r1_154.jpg,apple_red_delicios_1,train
Images/Training/apple_red_delicios_1/r1_156.jpg,apple_red_delicios_1,train
Images/Training/apple_red_delicios_1/r1_158.jpg,apple_red_delicios_1,train
Images/Training/apple_red_delicios_1/r1_16.jpg,apple_red_delicios_1,train
Images/Training/apple_red_delicios_1/r1_160.jpg,apple_red_delicios_1,train
Images/Training/apple_red_delicios_1/r1_162.jpg,apple_red_delicios_1,train
Images/Training/apple_red_delicios_1/r1_164.jpg,apple_red_delicios_1,train
Images/Training/apple_red_delicios_1/r1_166.jpg,apple_red_delicios_1,train
Images/Training/apple_red_delicios_1/r1_168.jpg,apple_red_delicios_1,train
Images/Training/apple_red_delicios_1/r1_170.jpg,apple_red_delicios_1,train
Images/Training/apple_red_delicios_1/r1_172.jpg,apple_red_delicios_1,train
Images/Training/apple_red_delicios_1/r1_174.jpg,apple_red_delicios_1,train
Images/Training/apple_red_delicios_1/r1_176.jpg,apple_red_delicios_1,train
Images/Training/apple_red_delicios_1/r1_178.jpg,apple_red_delicios_1,train
Images/Training/apple_red_delicios_1/r1_18.jpg,apple_red_delicios_1,train
Images/Training/apple_red_delicios_1/r1_180.jpg,apple_red_delicios_1,train
Images/Training/apple_red_delicios_1/r1_182.jpg,apple_red_delicios_1,train
Images/Training/apple_red_delicios_1/r1_184.jpg,apple_red_delicios_1,train
Images/Training/apple_red_delicios_1/r1_186.jpg,apple_red_delicios_1,train
Images/Training/apple_red_delicios_1/r1_188.jpg,apple_red_delicios_1,train
Images/Training/apple_red_delicios_1/r1_190.jpg,apple_red_delicios_1,train
Images/Training/apple_red_delicios_1/r1_192.jpg,apple_red_delicios_1,train
Images/Training/apple_red_delicios_1/r1_194.jpg,apple_red_delicios_1,train
Images/Training/apple_red_delicios_1/r1_196.jpg,apple_red_delicios_1,train
Images/Training/apple_red_delicios_1/r1_198.jpg,apple_red_delicios_1,train
Images/Training/apple_red_delicios_1/r1_2.jpg,apple_red_delicios_1,train
Images/Training/apple_red_delicios_1/r1_20.jpg,apple_red_delicios_1,train
Images/Training/apple_red_delicios_1/r1_200.jpg,apple_red_delicios_1,train
Images/Training/apple_red_delicios_1/r1_202.jpg,apple_red_delicios_1,train
Images/Training/apple_red_delicios_1/r1_204.jpg,apple_red_delicios_1,train
Images/Training/apple_red_delicios_1/r1_206.jpg,apple_red_delicios_1,train
Images/Training/apple_red_delicios_1/r1_208.jpg,apple_red_delicios_1,train
Images/Training/apple_red_delicios_1/r1_210.jpg,apple_red_delicios_1,val
Images/Training/apple_red_delicios_1/r1_212.jpg,apple_red_delicios_1,val
Images/Training/apple_red_delicios_1/r1_214.jpg,apple_red_delicios_1,val
Images/Training/apple_red_delicios_1/r1_216.jpg,apple_red_delicios_1,val
Images/Training/apple_red_delicios_1/r1_218.jpg,apple_red_delicios_1,val
Images/Training/apple_red_delicios_1/r1_22.jpg,apple_red_delicios_1,train
Images/Training/apple_red_delicios_1/r1_220.jpg,apple_red_delicios_1,val
Images/Training/apple_red_delicios_1/r1_222.jpg,apple_red_delicios_1,val
Images/Training/apple_red_delicios_1/r1_224.jpg,apple_red_delicios_1,val
Images/Training/apple_red_delicios_1/r1_226.jpg,apple_red_delicios_1,val
Images/Training/apple_red_delicios_1/r1_228.jpg,apple_red_delicios_1,val
Images/Training/apple_red_delicios_1/r1_230.jpg,apple_red_delicios_1,val
Images/Training/apple_red_delicios_1/r1_232.jpg,apple_red_delicios_1,val
Images/Training/apple_red_delicios_1/r1_234.jpg,apple_red_delicios_1,val
Images/Training/apple_red_delicios_1/r1_236.jpg,apple_red_delicios_1,val
Images/Training/apple_red_delicios_1/r1_238.jpg,apple_red_delicios_1,val
Images/Training/apple_red_delicios_1/r1_24.jpg,apple_red_delicios_1,train
Images/Training/apple_red_delicios_1/r1_240.jpg,apple_red_delicios_1,val
Images/Training/apple_red_delicios_1/r1_242.jpg,apple_red_delicios_1,val
Images/Training/apple_red_delicios_1/r1_244.jpg,apple_red_delicios_1,val
Images/Training/apple_red_delicios_1/r1_246.jpg,apple_red_delicios_1,val
Images/Training/apple_red_delicios_1/r1_248.jpg,apple_red_delicios_1,val
Images/Training/apple_red_delicios_1/r1_250.jpg,apple_red_delicios_1,val
Images/Training/apple_red_delicios_1/r1_252.jpg,apple_red_delicios_1,val
Images/Training/apple_red_delicios_1/r1_254.jpg,apple_red_delicios_1,val
Images/Training/apple_red_delicios_1/r1_256.jpg,apple_red_delicios_1,test
Images/Training/apple_red_delicios_1/r1_258.jpg,apple_red_delicios_1,test
Images/Training/apple_red_delicios_1/r1_26.jpg,apple_red_delicios_1,train
Images/Training/apple_red_delicios_1/r1_260.jpg,apple_red_delicios_1,test
Images/Training/apple_red_delicios_1/r1_262.jpg,apple_red_delicios_1,test
Images/Training/apple_red_delicios_1/r1_264.jpg,apple_red_delicios_1,test
Images/Training/apple_red_delicios_1/r1_266.jpg,apple_red_delicios_1,test
Images/Training/apple_red_delicios_1/r1_268.jpg,apple_red_delicios_1,test
Images/Training/apple_red_delicios_1/r1_270.jpg,apple_red_delicios_1,test
Images/Training/apple_red_delicios_1/r1_272.jpg,apple_red_delicios_1,test
Images/Training/apple_red_delicios_1/r1_274.jpg,apple_red_delicios_1,test
Images/Training/apple_red_delicios_1/r1_276.jpg,apple_red_delicios_1,test
Images/Training/apple_red_delicios_1/r1_278.jpg,apple_red_delicios_1,test
Images/Training/apple_red_delicios_1/r1_28.jpg,apple_red_delicios_1,train
Images/Training/apple_red_delicios_1/r1_280.jpg,apple_red_delicios_1,test
Images/Training/apple_red_delicios_1/r1_282.jpg,apple_red_delicios_1,test
Images/Training/apple_red_delicios_1/r1_284.jpg,apple_red_delicios_1,test
Images/Training/apple_red_delicios_1/r1_286.jpg,apple_red_delicios_1,test
Images/Training/apple_red_delicios_1/r1_288.jpg,apple_red_delicios_1,test
Images/Training/apple_red_delicios_1/r1_290.jpg,apple_red_delicios_1,test
Images/Training/apple_red_delicios_1/r1_292.jpg,apple_red_delicios_1,test
Images/Training/apple_red_delicios_1/r1_294.jpg,apple_red_delicios_1,test
Images/Training/apple_red_delicios_1/r1_296.jpg,apple_red_delicios_1,test
Images/Training/apple_red_delicios_1/r1_298.jpg,apple_red_delicios_1,test
Images/Training/apple_red_delicios_1/r1_30.jpg,apple_red_delicios_1,train
Images/Training/apple_red_delicios_1/r1_32.jpg,apple_red_delicios_1,train
Images/Training/apple_red_delicios_1/r1_34.jpg,apple_red_delicios_1,train
Images/Training/apple_red_delicios_1/r1_36.jpg,apple_red_delicios_1,train
Images/Training/apple_red_delicios_1/r1_38.jpg,apple_red_delicios_1,train
Images/Training/apple_red_delicios_1/r1_4.jpg,apple_red_delicios_1,train
Images/Training/apple_red_delicios_1/r1_40.jpg,apple_red_delicios_1,train
Images/Training/apple_red_delicios_1/r1_42.jpg,apple_red_delicios_1,train
Images/Training/apple_red_delicios_1/r1_44.jpg,apple_red_delicios_1,train
Images/Training/apple_red_delicios_1/r1_46.jpg,apple_red_delicios_1,train
Images/Training/apple_red_delicios_1/r1_48.jpg,apple_red_delicios_1,train
Images/Training/apple_red_delicios_1/r1_50.jpg,apple_red_delicios_1,train
Images/Training/apple_red_delicios_1/r1_52.jpg,apple_red_delicios_1,train
Images/Training/apple_red_delicios_1/r1_54.jpg,apple_red_delicios_1,train
Images/Training/apple_red_delicios_1/r1_56.jpg,apple_red_delicios_1,train
Images/Training/apple_red_delicios_1/r1_58.jpg,apple_red_delicios_1,train
Images/Training/apple_red_delicios_1/r1_6.jpg,apple_red_delicios_1,train
Images/Training/apple_red_delicios_1/r1_60.jpg,apple_red_delicios_1,train
Images/Training/apple_red_delicios_1/r1_62.jpg,apple_red_delicios_1,train
Images/Training/apple_red_delicios_1/r1_64.jpg,apple_red_delicios_1,train
Images/Training/apple_red_delicios_1/r1_66.jpg,apple_red_delicios_1,train
Images/Training/apple_red_delicios_1/r1_68.jpg,apple_red_delicios_1,train
Images/Training/apple_red_delicios_1/r1_70.jpg,apple_red_delicios_1,train
Images/Training/apple_red_delicios_1/r1_72.jpg,apple_red_delicios_1,train
Images/Training/apple_red_delicios_1/r1_74.jpg,apple_red_delicios_1,train
Images/Training/apple_red_delicios_1/r1_76.jpg,apple_red_delicios_1,train
Images/Training/apple_red_delicios_1/r1_78.jpg,apple_red_delicios_1,train
Images/Training/apple_red_delicios_1/r1_8.jpg,apple_red_delicios_1,train
Images/Training/apple_red_delicios_1/r1_80.jpg,apple_red_delicios_1,train
Images/Training/apple_red_delicios_1/r1_82.jpg,apple_red_delicios_1,train
Images/Training/apple_red_delicios_1/r1_84.jpg,apple_red_delicios_1,train
Images/Training/apple_red_delicios_1/r1_86.jpg,apple_red_delicios_1,train
Images/Training/apple_red_delicios_1/r1_88.jpg,apple_red_delicios_1,train
Images/Training/apple_red_delicios_1/r1_90.jpg,apple_red_delicios_1,train
Images/Training/apple_red_delicios_1/r1_92.jpg,apple_red_delicios_1,train
Images/Training/apple_red_delicios_1/r1_94.jpg,apple_red_delicios_1,train
Images/Training/apple_red_delicios_1/r1_96.jpg,apple_red_delicios_1,train
Images/Training/apple_red_delicios_1/r1_98.jpg,apple_red_delicios_1,train
Images/Training/apple_red_yellow_1/r0_0.jpg,apple_red_yellow_1,train
Images/Training/apple_red_yellow_1/r0_10.jpg,apple_red_yellow_1,train
Images/Training/apple_red_yellow_1/r0_100.jpg,apple_red_yellow_1,train
Images/Training/apple_red_yellow_1/r0_102.jpg,apple_red_yellow_1,train
Images/Training/apple_red_yellow_1/r0_104.jpg,apple_red_yellow_1,train
Images/Training/apple_red_yellow_1/r0_106.jpg,apple_red_yellow_1,train
Images/Training/apple_red_yellow_1/r0_108.jpg,apple_red_yellow_1,train
Images/Training/apple_red_yellow_1/r0_110.jpg,apple_red_yellow_1,train
Images/Training/apple_red_yellow_1/r0_112.jpg,apple_red_yellow_1,train
Images/Training/apple_red_yellow_1/r0_114.jpg,apple_red_yellow_1,train
Images/Training/apple_red_yellow_1/r0_116.jpg,apple_red_yellow_1,train
Images/Training/apple_red_yellow_1/r0_118.jpg,apple_red_yellow_1,train
Images/Training/apple_red_yellow_1/r0_12.jpg,apple_red_yellow_1,train
Images/Training/apple_red_yellow_1/r0_120.jpg,apple_red_yellow_1,train
Images/Training/apple_red_yellow_1/r0_122.jpg,apple_red_yellow_1,train
Images/Training/apple_red_yellow_1/r0_124.jpg,apple_red_yellow_1,train
Images/Training/apple_red_yellow_1/r0_126.jpg,apple_red_yellow_1,train
Images/Training/apple_red_yellow_1/r0_128.jpg,apple_red_yellow_1,train
Images/Training/apple_red_yellow_1/r0_130.jpg,apple_red_yellow_1,train
Images/Training/apple_red_yellow_1/r0_132.jpg,apple_red_yellow_1,train
Images/Training/apple_red_yellow_1/r0_134.jpg,apple_red_yellow_1,train
Images/Training/apple_red_yellow_1/r0_136.jpg,apple_red_yellow_1,train
Images/Training/apple_red_yellow_1/r0_138.jpg,apple_red_yellow_1,train
Images/Training/apple_red_yellow_1/r0_14.jpg,apple_red_yellow_1,train
Images/Training/apple_red_yellow_1/r0_140.jpg,apple_red_yellow_1,train
Images/Training/apple_red_yellow_1/r0_142.jpg,apple_red_yellow_1,train
Images/Training/apple_red_yellow_1/r0_144.jpg,apple_red_yellow_1,train
Images/Training/apple_red_yellow_1/r0_146.jpg,apple_red_yellow_1,train
Images/Training/apple_red_yellow_1/r0_148.jpg,apple_red_yellow_1,train
Images/Training/apple_red_yellow_1/r0_150.jpg,apple_red_yellow_1,train
Images/Training/apple_red_yellow_1/r0_152.jpg,apple_red_yellow_1,train
Images/Training/apple_red_yellow_1/r0_154.jpg,apple_red_yellow_1,train
Images/Training/apple_red_yellow_1/r0_156.jpg,apple_red_yellow_1,train
Images/Training/apple_red_yellow_1/r0_158.jpg,apple_red_yellow_1,train
Images/Training/apple_red_yellow_1/r0_16.jpg,apple_red_yellow_1,train
Images/Training/apple_red_yellow_1/r0_160.jpg,apple_red_yellow_1,train
Images/Training/apple_red_yellow_1/r0_162.jpg,apple_red_yellow_1,train
Images/Training/apple_red_yellow_1/r0_164.jpg,apple_red_yellow_1,train
Images/Training/apple_red_yellow_1/r0_166.jpg,apple_red_yellow_1,train
Images/Training/apple_red_yellow_1/r0_168.jpg,apple_red_yellow_1,train
Images/Training/apple_red_yellow_1/r0_170.jpg,apple_red_yellow_1,train
Images/Training/apple_red_yellow_1/r0_172.jpg,apple_red_yellow_1,train
Images/Training/apple_red_yellow_1/r0_174.jpg,apple_red_yellow_1,train
Images/Training/apple_red_yellow_1/r0_176.jpg,apple_red_yellow_1,train
Images/Training/apple_red_yellow_1/r0_178.jpg,apple_red_yellow_1,train
Images/Training/apple_red_yellow_1/r0_18.jpg,apple_red_yellow_1,train
Images/Training/apple_red_yellow_1/r0_180.jpg,apple_red_yellow_1,train
Images/Training/apple_red_yellow_1/r0_182.jpg,apple_red_yellow_1,train
Images/Training/apple_red_yellow_1/r0_184.jpg,apple_red_yellow_1,train
Images/Training/apple_red_yellow_1/r0_186.jpg,apple_red_yellow_1,train
Images/Training/apple_red_yellow_1/r0_188.jpg,apple_red_yellow_1,train
Images/Training/apple_red_yellow_1/r0_190.jpg,apple_red_yellow_1,train
Images/Training/apple_red_yellow_1/r0_192.jpg,apple_red_yellow_1,train
Images/Training/apple_red_yellow_1/r0_194.jpg,apple_red_yellow_1,train
Images/Training/apple_red_yellow_1/r0_196.jpg,apple_red_yellow_1,train
Images/Training/apple_red_yellow_1/r0_198.jpg,apple_red_yellow_1,train
Images/Training/apple_red_yellow_1/r0_2.jpg,apple_red_yellow_1,train
Images/Training/apple_red_yellow_1/r0_20.jpg,apple_red_yellow_1,train
Images/Training/apple_red_yellow_1/r0_200.jpg,apple_red_yellow_1,train
Images/Training/apple_red_yellow_1/r0_202.jpg,apple_red_yellow_1,train
Images/Training/apple_red_yellow_1/r0_204.jpg,apple_red_yellow_1,train
Images/Training/apple_red_yellow_1/r0_206.jpg,apple_red_yellow_1,train
Images/Training/apple_red_yellow_1/r0_208.jpg,apple_red_yellow_1,train
Images/Training/apple_red_yellow_1/r0_210.jpg,apple_red_yellow_1,train
Images/Training/apple_red_yellow_1/r0_212.jpg,apple_red_yellow_1,train
Images/Training/apple_red_yellow_1/r0_214.jpg,apple_red_yellow_1,train
Images/Training/apple_red_yellow_1/r0_216.jpg,apple_red_yellow_1,val
Images/Training/apple_red_yellow_1/r0_218.jpg,apple_red_yellow_1,val
Images/Training/apple_red_yellow_1/r0_22.jpg,apple_red_yellow_1,train
Images/Training/apple_red_yellow_1/r0_220.jpg,apple_red_yellow_1,val
Images/Training/apple_red_yellow_1/r0_222.jpg,apple_red_yellow_1,val
Images/Training/apple_red_yellow_1/r0_224.jpg,apple_red_yellow_1,val
Images/Training/apple_red_yellow_1/r0_226.jpg,apple_red_yellow_1,val
Images/Training/apple_red_yellow_1/r0_228.jpg,apple_red_yellow_1,val
Images/Training/apple_red_yellow_1/r0_230.jpg,apple_red_yellow_1,val
Images/Training/apple_red_yellow_1/r0_232.jpg,apple_red_yellow_1,val
Images/Training/apple_red_yellow_1/r0_234.jpg,apple_red_yellow_1,val
Images/Training/apple_red_yellow_1/r0_236.jpg,apple_red_yellow_1,val
Images/Training/apple_red_yellow_1/r0_238.jpg,apple_red_yellow_1,val
Images/Training/apple_red_yellow_1/r0_24.jpg,apple_red_yellow_1,train
Images/Training/apple_red_yellow_1/r0_240.jpg,apple_red_yellow_1,val
Images/Training/apple_red_yellow_1/r0_242.jpg,apple_red_yellow_1,val
Images/Training/apple_red_yellow_1/r0_244.jpg,apple_red_yellow_1,val
Images/Training/apple_red_yellow_1/r0_246.jpg,apple_red_yellow_1,val
Images/Training/apple_red_yellow_1/r0_248.jpg,apple_red_yellow_1,val
Images/Training/apple_red_yellow_1/r0_250.jpg,apple_red_yellow_1,val
Images/Training/apple_red_yellow_1/r0_252.jpg,apple_red_yellow_1,val
Images/Training/apple_red_yellow_1/r0_254.jpg,apple_red_yellow_1,val
Images/Training/apple_red_yellow_1/r0_256.jpg,apple_red_yellow_1,val
Images/Training/apple_red_yellow_1/r0_258.jpg,apple_red_yellow_1,val
Images/Training/apple_red_yellow_1/r0_26.jpg,apple_red_yellow_1,train
Images/Training/apple_red_yellow_1/r0_260.jpg,apple_red_yellow_1,val
Images/Training/apple_red_yellow_1/r0_262.jpg,apple_red_yellow_1,test
Images/Training/apple_red_yellow_1/r0_264.jpg,apple_red_yellow_1,test
Images/Training/apple_red_yellow_1/r0_266.jpg,apple_red_yellow_1,test
Images/Training/apple_red_yellow_1/r0_268.jpg,apple_red_yellow_1,test
Images/Training/apple_red_yellow_1/r0_270.jpg,apple_red_yellow_1,test
Images/Training/apple_red_yellow_1/r0_272.jpg,apple_red_yellow_1,test
Images/Training/apple_red_yellow_1/r0_274.jpg,apple_red_yellow_1,test
Images/Training/apple_red_yellow_1/r0_276.jpg,apple_red_yellow_1,test
Images/Training/apple_red_yellow_1/r0_278.jpg,apple_red_yellow_1,test
Images/Training/apple_red_yellow_1/r0_28.jpg,apple_red_yellow_1,train
Images/Training/apple_red_yellow_1/r0_280.jpg,apple_red_yellow_1,test
Images/Training/apple_red_yellow_1/r0_282.jpg,apple_red_yellow_1,test
Images/Training/apple_red_yellow_1/r0_284.jpg,apple_red_yellow_1,test
Images/Training/apple_red_yellow_1/r0_286.jpg,apple_red_yellow_1,test
Images/Training/apple_red_yellow_1/r0_288.jpg,apple_red_yellow_1,test
Images/Training/apple_red_yellow_1/r0_290.jpg,apple_red_yellow_1,test
Images/Training/apple_red_yellow_1/r0_292.jpg,apple_red_yellow_1,test
Images/Training/apple_red_yellow_1/r0_294.jpg,apple_red_yellow_1,test
Images/Training/apple_red_yellow_1/r0_296.jpg,apple_red_yellow_1,test
Images/Training/apple_red_yellow_1/r0_298.jpg,apple_red_yellow_1,test
Images/Training/apple_red_yellow_1/r0_30.jpg,apple_red_yellow_1,train
Images/Training/apple_red_yellow_1/r0_300.jpg,apple_red_yellow_1,test
Images/Training/apple_red_yellow_1/r0_302.jpg,apple_red_yellow_1,test
Images/Training/apple_red_yellow_1/r0_304.jpg,apple_red_yellow_1,test
Images/Training/apple_red_yellow_1/r0_306.jpg,apple_red_yellow_1,test
Images/Training/apple_red_yellow_1/r0_32.jpg,apple_red_yellow_1,train
Images/Training/apple_red_yellow_1/r0_34.jpg,apple_red_yellow_1,train
Images/Training/apple_red_yellow_1/r0_36.jpg,apple_red_yellow_1,train
Images/Training/apple_red_yellow_1/r0_38.jpg,apple_red_yellow_1,train
Images/Training/apple_red_yellow_1/r0_4.jpg,apple_red_yellow_1,train
Images/Training/apple_red_yellow_1/r0_40.jpg,apple_red_yellow_1,train
Images/Training/apple_red_yellow_1/r0_42.jpg,apple_red_yellow_1,train
Images/Training/apple_red_yellow_1/r0_44.jpg,apple_red_yellow_1,train
Images/Training/apple_red_yellow_1/r0_46.jpg,apple_red_yellow_1,train
Images/Training/apple_red_yellow_1/r0_48.jpg,apple_red_yellow_1,train
Images/Training/apple_red_yellow_1/r0_50.jpg,apple_red_yellow_1,train
Images/Training/apple_red_yellow_1/r0_52.jpg,apple_red_yellow_1,train
Images/Training/apple_red_yellow_1/r0_54.jpg,apple_red_yellow_1,train
Images/Training/apple_red_yellow_1/r0_56.jpg,apple_red_yellow_1,train
Images/Training/apple_red_yellow_1/r0_58.jpg,apple_red_yellow_1,train
Images/Training/apple_red_yellow_1/r0_6.jpg,apple_red_yellow_1,train
Images/Training/apple_red_yellow_1/r0_60.jpg,apple_red_yellow_1,train
Images/Training/apple_red_yellow_1/r0_62.jpg,apple_red_yellow_1,train
Images/Training/apple_red_yellow_1/r0_64.jpg,apple_red_yellow_1,train
Images/Training/apple_red_yellow_1/r0_66.jpg,apple_red_yellow_1,train
Images/Training/apple_red_yellow_1/r0_68.jpg,apple_red_yellow_1,train
Images/Training/apple_red_yellow_1/r0_70.jpg,apple_red_yellow_1,train
Images/Training/apple_red_yellow_1/r0_72.jpg,apple_red_yellow_1,train
Images/Training/apple_red_yellow_1/r0_74.jpg,apple_red_yellow_1,train
Images/Training/apple_red_yellow_1/r0_76.jpg,apple_red_yellow_1,train
Images/Training/apple_red_yellow_1/r0_78.jpg,apple_red_yellow_1,train
Images/Training/apple_red_yellow_1/r0_8.jpg,apple_red_yellow_1,train
Images/Training/apple_red_yellow_1/r0_80.jpg,apple_red_yellow_1,train
Images/Training/apple_red_yellow_1/r0_82.jpg,apple_red_yellow_1,train
Images/Training/apple_red_yellow_1/r0_84.jpg,apple_red_yellow_1,train
Images/Training/apple_red_yellow_1/r0_86.jpg,apple_red_yellow_1,train
Images/Training/apple_red_yellow_1/r0_88.jpg,apple_red_yellow_1,train
Images/Training/apple_red_yellow_1/r0_90.jpg,apple_red_yellow_1,train
Images/Training/apple_red_yellow_1/r0_92.jpg,apple_red_yellow_1,train
Images/Training/apple_red_yellow_1/r0_94.jpg,apple_red_yellow_1,train
Images/Training/apple_red_yellow_1/r0_96.jpg,apple_red_yellow_1,train
Images/Training/apple_red_yellow_1/r0_98.jpg,apple_red_yellow_1,train
Images/Training/apple_red_yellow_1/r1_0.jpg,apple_red_yellow_1,train
Images/Training/apple_red_yellow_1/r1_10.jpg,apple_red_yellow_1,train
Images/Training/apple_red_yellow_1/r1_100.jpg,apple_red_yellow_1,train
Images/Training/apple_red_yellow_1/r1_102.jpg,apple_red_yellow_1,train
Images/Training/apple_red_yellow_1/r1_104.jpg,apple_red_yellow_1,train
Images/Training/apple_red_yellow_1/r1_106.jpg,apple_red_yellow_1,train
Images/Training/apple_red_yellow_1/r1_108.jpg,apple_red_yellow_1,train
Images/Training/apple_red_yellow_1/r1_110.jpg,apple_red_yellow_1,train
Images/Training/apple_red_yellow_1/r1_112.jpg,apple_red_yellow_1,train
Images/Training/apple_red_yellow_1/r1_114.jpg,apple_red_yellow_1,train
Images/Training/apple_red_yellow_1/r1_116.jpg,apple_red_yellow_1,train
Images/Training/apple_red_yellow_1/r1_118.jpg,apple_red_yellow_1,train
Images/Training/apple_red_yellow_1/r1_12.jpg,apple_red_yellow_1,train
Images/Training/apple_red_yellow_1/r1_120.jpg,apple_red_yellow_1,train
Images/Training/apple_red_yellow_1/r1_122.jpg,apple_red_yellow_1,train
Images/Training/apple_red_yellow_1/r1_124.jpg,apple_red_yellow_1,train
Images/Training/apple_red_yellow_1/r1_126.jpg,apple_red_yellow_1,train
Images/Training/apple_red_yellow_1/r1_128.jpg,apple_red_yellow_1,train
Images/Training/apple_red_yellow_1/r1_130.jpg,apple_red_yellow_1,train
Images/Training/apple_red_yellow_1/r1_132.jpg,apple_red_yellow_1,train
Images/Training/apple_red_yellow_1/r1_134.jpg,apple_red_yellow_1,train
Images/Training/apple_red_yellow_1/r1_136.jpg,apple_red_yellow_1,train
Images/Training/apple_red_yellow_1/r1_138.jpg,apple_red_yellow_1,train
Images/Training/apple_red_yellow_1/r1_14.jpg,apple_red_yellow_1,train
Images/Training/apple_red_yellow_1/r1_140.jpg,apple_red_yellow_1,train
Images/Training/apple_red_yellow_1/r1_142.jpg,apple_red_yellow_1,train
Images/Training/apple_red_yellow_1/r1_144.jpg,apple_red_yellow_1,train
Images/Training/apple_red_yellow_1/r1_146.jpg,apple_red_yellow_1,train
Images/Training/apple_red_yellow_1/r1_148.jpg,apple_red_yellow_1,train
Images/Training/apple_red_yellow_1/r1_150.jpg,apple_red_yellow_1,train
Images/Training/apple_red_yellow_1/r1_152.jpg,apple_red_yellow_1,train
Images/Training/apple_red_yellow_1/r1_154.jpg,apple_red_yellow_1,train
Images/Training/apple_red_yellow_1/r1_156.jpg,apple_red_yellow_1,train
Images/Training/apple_red_yellow_1/r1_158.jpg,apple_red_yellow_1,train
Images/Training/apple_red_yellow_1/r1_16.jpg,apple_red_yellow_1,train
Images/Training/apple_red_yellow_1/r1_160.jpg,apple_red_yellow_1,train
Images/Training/apple_red_yellow_1/r1_162.jpg,apple_red_yellow_1,train
Images/Training/apple_red_yellow_1/r1_164.jpg,apple_red_yellow_1,train
Images/Training/apple_red_yellow_1/r1_166.jpg,apple_red_yellow_1,train
Images/Training/apple_red_yellow_1/r1_168.jpg,apple_red_yellow_1,train
Images/Training/apple_red_yellow_1/r1_170.jpg,apple_red_yellow_1,train
Images/Training/apple_red_yellow_1/r1_172.jpg,apple_red_yellow_1,train
Images/Training/apple_red_yellow_1/r1_174.jpg,apple_red_yellow_1,train
Images/Training/apple_red_yellow_1/r1_176.jpg,apple_red_yellow_1,train
Images/Training/apple_red_yellow_1/r1_178.jpg,apple_red_yellow_1,train
Images/Training/apple_red_yellow_1/r1_18.jpg,apple_red_yellow_1,train
Images/Training/apple_red_yellow_1/r1_180.jpg,apple_red_yellow_1,train
Images/Training/apple_red_yellow_1/r1_182.jpg,apple_red_yellow_1,train
Images/Training/apple_red_yellow_1/r1_184.jpg,apple_red_yellow_1,train
Images/Training/apple_red_yellow_1/r1_186.jpg,apple_red_yellow_1,train
Images/Training/apple_red_yellow_1/r1_188.jpg,apple_red_yellow_1,train
Images/Training/apple_red_yellow_1/r1_190.jpg,apple_red_yellow_1,train
Images/Training/apple_red_yellow_1/r1_192.jpg,apple_red_yellow_1,train
Images/Training/apple_red_yellow_1/r1_194.jpg,apple_red_yellow_1,train
Images/Training/apple_red_yellow_1/r1_196.jpg,apple_red_yellow_1,train
Images/Training/apple_red_yellow_1/r1_198.jpg,apple_red_yellow_1,train
Images/Training/apple_red_yellow_1/r1_2.jpg,apple_red_yellow_1,train
Images/Training/apple_red_yellow_1/r1_20.jpg,apple_red_yellow_1,train
Images/Training/apple_red_yellow_1/r1_200.jpg,apple_red_yellow_1,train
Images/Training/apple_red_yellow_1/r1_202.jpg,apple_red_yellow_1,train
Images/Training/apple_red_yellow_1/r1_204.jpg,apple_red_yellow_1,train
Images/Training/apple_red_yellow_1/r1_206.jpg,apple_red_yellow_1,train
Images/Training/apple_red_yellow_1/r1_208.jpg,apple_red_yellow_1,train
Images/Training/apple_red_yellow_1/r1_210.jpg,apple_red_yellow_1,train
Images/Training/apple_red_yellow_1/r1_212.jpg,apple_red_yellow_1,train
Images/Training/apple_red_yellow_1/r1_214.jpg,apple_red_yellow_1,train
Images/Training/apple_red_yellow_1/r1_216.jpg,apple_red_yellow_1,val
Images/Training/apple_red_yellow_1/r1_218.jpg,apple_red_yellow_1,val
Images/Training/apple_red_yellow_1/r1_22.jpg,apple_red_yellow_1,train
Images/Training/apple_red_yellow_1/r1_220.jpg,apple_red_yellow_1,val
Images/Training/apple_red_yellow_1/r1_222.jpg,apple_red_yellow_1,val
Images/Training/apple_red_yellow_1/r1_224.jpg,apple_red_yellow_1,val
Images/Training/apple_red_yellow_1/r1_226.jpg,apple_red_yellow_1,val
Images/Training/apple_red_yellow_1/r1_228.jpg,apple_red_yellow_1,val
Images/Training/apple_red_yellow_1/r1_230.jpg,apple_red_yellow_1,val
Images/Training/apple_red_yellow_1/r1_232.jpg,apple_red_yellow_1,val
Images/Training/apple_red_yellow_1/r1_234.jpg,apple_red_yellow_1,val
Images/Training/apple_red_yellow_1/r1_236.jpg,apple_red_yellow_1,val
Images/Training/apple_red_yellow_1/r1_238.jpg,apple_red_yellow_1,val
Images/Training/apple_red_yellow_1/r1_24.jpg,apple_red_yellow_1,train
Images/Training/apple_red_yellow_1/r1_240.jpg,apple_red_yellow_1,val
Images/Training/apple_red_yellow_1/r1_242.jpg,apple_red_yellow_1,val
Images/Training/apple_red_yellow_1/r1_244.jpg,apple_red_yellow_1,val
Images/Training/apple_red_yellow_1/r1_246.jpg,apple_red_yellow_1,val
Images/Training/apple_red_yellow_1/r1_248.jpg,apple_red_yellow_1,val
Images/Training/apple_red_yellow_1/r1_250.jpg,apple_red_yellow_1,val
Images/Training/apple_red_yellow_1/r1_252.jpg,apple_red_yellow_1,val
Images/Training/apple_red_yellow_1/r1_254.jpg,apple_red_yellow_1,val
Images/Training/apple_red_yellow_1/r1_256.jpg,apple_red_yellow_1,val
Images/Training/apple_red_yellow_1/r1_258.jpg,apple_red_yellow_1,val
Images/Training/apple_red_yellow_1/r1_26.jpg,apple_red_yellow_1,train
Images/Training/apple_red_yellow_1/r1_260.jpg,apple_red_yellow_1,val
Images/Training/apple_red_yellow_1/r1_262.jpg,apple_red_yellow_1,test
Images/Training/apple_red_yellow_1/r1_264.jpg,apple_red_yellow_1,test
Images/Training/apple_red_yellow_1/r1_266.jpg,apple_red_yellow_1,test
Images/Training/apple_red_yellow_1/r1_268.jpg,apple_red_yellow_1,test
Images/Training/apple_red_yellow_1/r1_270.jpg,apple_red_yellow_1,test
Images/Training/apple_red_yellow_1/r1_272.jpg,apple_red_yellow_1,test
Images/Training/apple_red_yellow_1/r1_274.jpg,apple_red_yellow_1,test
Images/Training/apple_red_yellow_1/r1_276.jpg,apple_red_yellow_1,test
Images/Training/apple_red_yellow_1/r1_278.jpg,apple_red_yellow_1,test
Images/Training/apple_red_yellow_1/r1_28.jpg,apple_red_yellow_1,train
Images/Training/apple_red_yellow_1/r1_280.jpg,apple_red_yellow_1,test
Images/Training/apple_red_yellow_1/r1_282.jpg,apple_red_yellow_1,test
Images/Training/apple_red_yellow_1/r1_284.jpg,apple_red_yellow_1,test
Images/Training/apple_red_yellow_1/r1_286.jpg,apple_red_yellow_1,test
Images/Training/apple_red_yellow_1/r1_288.jpg,apple_red_yellow_1,test
Images/Training/apple_red_yellow_1/r1_290.jpg,apple_red_yellow_1,test
Images/Training/apple_red_yellow_1/r1_292.jpg,apple_red_yellow_1,test
Images/Training/apple_red_yellow_1/r1_294.jpg,apple_red_yellow_1,test
Images/Training/apple_red_yellow_1/r1_296.jpg,apple_red_yellow_1,test
Images/Training/apple_red_yellow_1/r1_298.jpg,apple_red_yellow_1,test
Images/Training/apple_red_yellow_1/r1_30.jpg,apple_red_yellow_1,train
Images/Training/apple_red_yellow_1/r1_300.jpg,apple_red_yellow_1,test
Images/Training/apple_red_yellow_1/r1_302.jpg,apple_red_yellow_1,test
Images/Training/apple_red_yellow_1/r1_304.jpg,apple_red_yellow_1,test
Images/Training/apple_red_yellow_1/r1_306.jpg,apple_red_yellow_1,test
Images/Training/apple_red_yellow_1/r1_32.jpg,apple_red_yellow_1,train
Images/Training/apple_red_yellow_1/r1_34.jpg,apple_red_yellow_1,train
Images/Training/apple_red_yellow_1/r1_36.jpg,apple_red_yellow_1,train
Images/Training/apple_red_yellow_1/r1_38.jpg,apple_red_yellow_1,train
Images/Training/apple_red_yellow_1/r1_4.jpg,apple_red_yellow_1,train
Images/Training/apple_red_yellow_1/r1_40.jpg,apple_red_yellow_1,train
Images/Training/apple_red_yellow_1/r1_42.jpg,apple_red_yellow_1,train
Images/Training/apple_red_yellow_1/r1_44.jpg,apple_red_yellow_1,train
Images/Training/apple_red_yellow_1/r1_46.jpg,apple_red_yellow_1,train
Images/Training/apple_red_yellow_1/r1_48.jpg,apple_red_yellow_1,train
Images/Training/apple_red_yellow_1/r1_50.jpg,apple_red_yellow_1,train
Images/Training/apple_red_yellow_1/r1_52.jpg,apple_red_yellow_1,train
Images/Training/apple_red_yellow_1/r1_54.jpg,apple_red_yellow_1,train
Images/Training/apple_red_yellow_1/r1_56.jpg,apple_red_yellow_1,train
Images/Training/apple_red_yellow_1/r1_58.jpg,apple_red_yellow_1,train
Images/Training/apple_red_yellow_1/r1_6.jpg,apple_red_yellow_1,train
Images/Training/apple_red_yellow_1/r1_60.jpg,apple_red_yellow_1,train
Images/Training/apple_red_yellow_1/r1_62.jpg,apple_red_yellow_1,train
Images/Training/apple_red_yellow_1/r1_64.jpg,apple_red_yellow_1,train
Images/Training/apple_red_yellow_1/r1_66.jpg,apple_red_yellow_1,train
Images/Training/apple_red_yellow_1/r1_68.jpg,apple_red_yellow_1,train
Images/Training/apple_red_yellow_1/r1_70.jpg,apple_red_yellow_1,train
Images/Training/apple_red_yellow_1/r1_72.jpg,apple_red_yellow_1,train
Images/Training/apple_red_yellow_1/r1_74.jpg,apple_red_yellow_1,train
Images/Training/apple_red_yellow_1/r1_76.jpg,apple_red_yellow_1,train
Images/Training/apple_red_yellow_1/r1_78.jpg,apple_red_yellow_1,train
Images/Training/apple_red_yellow_1/r1_8.jpg,apple_red_yellow_1,train
Images/Training/apple_red_yellow_1/r1_80.jpg,apple_red_yellow_1,train
Images/Training/apple_red_yellow_1/r1_82.jpg,apple_red_yellow_1,train
Images/Training/apple_red_yellow_1/r1_84.jpg,apple_red_yellow_1,train
Images/Training/apple_red_yellow_1/r1_86.jpg,apple_red_yellow_1,train
Images/Training/apple_red_yellow_1/r1_88.jpg,apple_red_yellow_1,train
Images/Training/apple_red_yellow_1/r1_90.jpg,apple_red_yellow_1,train
Images/Training/apple_red_yellow_1/r1_92.jpg,apple_red_yellow_1,train
Images/Training/apple_red_yellow_1/r1_94.jpg,apple_red_yellow_1,train
Images/Training/apple_red_yellow_1/r1_96.jpg,apple_red_yellow_1,train
Images/Training/apple_red_yellow_1/r1_98.jpg,apple_red_yellow_1,train
Images/Training/apple_rotten_1/r0_0.jpg,apple_rotten_1,train
Images/Training/apple_rotten_1/r0_10.jpg,apple_rotten_1,train
Images/Training/apple_rotten_1/r0_100.jpg,apple_rotten_1,train
Images/Training/apple_rotten_1/r0_102.jpg,apple_rotten_1,train
Images/Training/apple_rotten_1/r0_104.jpg,apple_rotten_1,train
Images/Training/apple_rotten_1/r0_106.jpg,apple_rotten_1,train
Images/Training/apple_rotten_1/r0_108.jpg,apple_rotten_1,train
Images/Training/apple_rotten_1/r0_110.jpg,apple_rotten_1,train
Images/Training/apple_rotten_1/r0_112.jpg,apple_rotten_1,train
Images/Training/apple_rotten_1/r0_114.jpg,apple_rotten_1,train
Images/Training/apple_rotten_1/r0_116.jpg,apple_rotten_1,train
Images/Training/apple_rotten_1/r0_118.jpg,apple_rotten_1,train
Images/Training/apple_rotten_1/r0_12.jpg,apple_rotten_1,train
Images/Training/apple_rotten_1/r0_120.jpg,apple_rotten_1,train
Images/Training/apple_rotten_1/r0_122.jpg,apple_rotten_1,train
Images/Training/apple_rotten_1/r0_124.jpg,apple_rotten_1,train
Images/Training/apple_rotten_1/r0_126.jpg,apple_rotten_1,train
Images/Training/apple_rotten_1/r0_128.jpg,apple_rotten_1,train
Images/Training/apple_rotten_1/r0_130.jpg,apple_rotten_1,train
Images/Training/apple_rotten_1/r0_132.jpg,apple_rotten_1,train
Images/Training/apple_rotten_1/r0_134.jpg,apple_rotten_1,train
Images/Training/apple_rotten_1/r0_136.jpg,apple_rotten_1,train
Images/Training/apple_rotten_1/r0_138.jpg,apple_rotten_1,train
Images/Training/apple_rotten_1/r0_14.jpg,apple_rotten_1,train
Images/Training/apple_rotten_1/r0_140.jpg,apple_rotten_1,train
Images/Training/apple_rotten_1/r0_142.jpg,apple_rotten_1,train
Images/Training/apple_rotten_1/r0_144.jpg,apple_rotten_1,train
Images/Training/apple_rotten_1/r0_146.jpg,apple_rotten_1,train
Images/Training/apple_rotten_1/r0_148.jpg,apple_rotten_1,train
Images/Training/apple_rotten_1/r0_150.jpg,apple_rotten_1,train
Images/Training/apple_rotten_1/r0_152.jpg,apple_rotten_1,train
Images/Training/apple_rotten_1/r0_154.jpg,apple_rotten_1,train
Images/Training/apple_rotten_1/r0_156.jpg,apple_rotten_1,train
Images/Training/apple_rotten_1/r0_158.jpg,apple_rotten_1,train
Images/Training/apple_rotten_1/r0_16.jpg,apple_rotten_1,train
Images/Training/apple_rotten_1/r0_160.jpg,apple_rotten_1,train
Images/Training/apple_rotten_1/r0_162.jpg,apple_rotten_1,train
Images/Training/apple_rotten_1/r0_164.jpg,apple_rotten_1,train
Images/Training/apple_rotten_1/r0_166.jpg,apple_rotten_1,train
Images/Training/apple_rotten_1/r0_168.jpg,apple_rotten_1,train
Images/Training/apple_rotten_1/r0_170.jpg,apple_rotten_1,train
Images/Training/apple_rotten_1/r0_172.jpg,apple_rotten_1,train
Images/Training/apple_rotten_1/r0_174.jpg,apple_rotten_1,train
Images/Training/apple_rotten_1/r0_176.jpg,apple_rotten_1,train
Images/Training/apple_rotten_1/r0_178.jpg,apple_rotten_1,train
Images/Training/apple_rotten_1/r0_18.jpg,apple_rotten_1,train
Images/Training/apple_rotten_1/r0_180.jpg,apple_rotten_1,train
Images/Training/apple_rotten_1/r0_182.jpg,apple_rotten_1,train
Images/Training/apple_rotten_1/r0_184.jpg,apple_rotten_1,train
Images/Training/apple_rotten_1/r0_186.jpg,apple_rotten_1,train
Images/Training/apple_rotten_1/r0_188.jpg,apple_rotten_1,train
Images/Training/apple_rotten_1/r0_190.jpg,apple_rotten_1,train
Images/Training/apple_rotten_1/r0_192.jpg,apple_rotten_1,train
Images/Training/apple_rotten_1/r0_194.jpg,apple_rotten_1,train
Images/Training/apple_rotten_1/r0_196.jpg,apple_rotten_1,train
Images/Training/apple_rotten_1/r0_198.jpg,apple_rotten_1,train
Images/Training/apple_rotten_1/r0_2.jpg,apple_rotten_1,train
Images/Training/apple_rotten_1/r0_20.jpg,apple_rotten_1,train
Images/Training/apple_rotten_1/r0_200.jpg,apple_rotten_1,train
Images/Training/apple_rotten_1/r0_202.jpg,apple_rotten_1,train
Images/Training/apple_rotten_1/r0_204.jpg,apple_rotten_1,train
Images/Training/apple_rotten_1/r0_206.jpg,apple_rotten_1,train
Images/Training/apple_rotten_1/r0_208.jpg,apple_rotten_1,train
Images/Training/apple_rotten_1/r0_210.jpg,apple_rotten_1,train
Images/Training/apple_rotten_1/r0_212.jpg,apple_rotten_1,train
Images/Training/apple_rotten_1/r0_214.jpg,apple_rotten_1,train
Images/Training/apple_rotten_1/r0_216.jpg,apple_rotten_1,train
Images/Training/apple_rotten_1/r0_218.jpg,apple_rotten_1,train
Images/Training/apple_rotten_1/r0_22.jpg,apple_rotten_1,train
Images/Training/apple_rotten_1/r0_220.jpg,apple_rotten_1,train
Images/Training/apple_rotten_1/r0_222.jpg,apple_rotten_1,train
Images/Training/apple_rotten_1/r0_224.jpg,apple_rotten_1,val
Images/Training/apple_rotten_1/r0_226.jpg,apple_rotten_1,val
Images/Training/apple_rotten_1/r0_228.jpg,apple_rotten_1,val
Images/Training/apple_rotten_1/r0_230.jpg,apple_rotten_1,val
Images/Training/apple_rotten_1/r0_232.jpg,apple_rotten_1,val
Images/Training/apple_rotten_1/r0_234.jpg,apple_rotten_1,val
Images/Training/apple_rotten_1/r0_236.jpg,apple_rotten_1,val
Images/Training/apple_rotten_1/r0_238.jpg,apple_rotten_1,val
Images/Training/apple_rotten_1/r0_24.jpg,apple_rotten_1,train
Images/Training/apple_rotten_1/r0_240.jpg,apple_rotten_1,val
Images/Training/apple_rotten_1/r0_242.jpg,apple_rotten_1,val
Images/Training/apple_rotten_1/r0_244.jpg,apple_rotten_1,val
Images/Training/apple_rotten_1/r0_246.jpg,apple_rotten_1,val
Images/Training/apple_rotten_1/r0_248.jpg,apple_rotten_1,val
Images/Training/apple_rotten_1/r0_250.jpg,apple_rotten_1,val
Images/Training/apple_rotten_1/r0_252.jpg,apple_rotten_1,val
Images/Training/apple_rotten_1/r0_254.jpg,apple_rotten_1,val
Images/Training/apple_rotten_1/r0_256.jpg,apple_rotten_1,val
Images/Training/apple_rotten_1/r0_258.jpg,apple_rotten_1,val
Images/Training/apple_rotten_1/r0_26.jpg,apple_rotten_1,train
Images/Training/apple_rotten_1/r0_260.jpg,apple_rotten_1,val
Images/Training/apple_rotten_1/r0_262.jpg,apple_rotten_1,val
Images/Training/apple_rotten_1/r0_264.jpg,apple_rotten_1,val
Images/Training/apple_rotten_1/r0_266.jpg,apple_rotten_1,val
Images/Training/apple_rotten_1/r0_268.jpg,apple_rotten_1,val
Images/Training/apple_rotten_1/r0_270.jpg,apple_rotten_1,val
Images/Training/apple_rotten_1/r0_272.jpg,apple_rotten_1,test
Images/Training/apple_rotten_1/r0_274.jpg,apple_rotten_1,test
Images/Training/apple_rotten_1/r0_276.jpg,apple_rotten_1,test
Images/Training/apple_rotten_1/r0_278.jpg,apple_rotten_1,test
Images/Training/apple_rotten_1/r0_28.jpg,apple_rotten_1,train
Images/Training/apple_rotten_1/r0_280.jpg,apple_rotten_1,test
Images/Training/apple_rotten_1/r0_282.jpg,apple_rotten_1,test
Images/Training/apple_rotten_1/r0_284.jpg,apple_rotten_1,test
Images/Training/apple_rotten_1/r0_286.jpg,apple_rotten_1,test
Images/Training/apple_rotten_1/r0_288.jpg,apple_rotten_1,test
Images/Training/apple_rotten_1/r0_290.jpg,apple_rotten_1,test
Images/Training/apple_rotten_1/r0_292.jpg,apple_rotten_1,test
Images/Training/apple_rotten_1/r0_294.jpg,apple_rotten_1,test
Images/Training/apple_rotten_1/r0_296.jpg,apple_rotten_1,test
Images/Training/apple_rotten_1/r0_298.jpg,apple_rotten_1,test
Images/Training/apple_rotten_1/r0_30.jpg,apple_rotten_1,train
Images/Training/apple_rotten_1/r0_300.jpg,apple_rotten_1,test
Images/Training/apple_rotten_1/r0_302.jpg,apple_rotten_1,test
Images/Training/apple_rotten_1/r0_304.jpg,apple_rotten_1,test
Images/Training/apple_rotten_1/r0_306.jpg,apple_rotten_1,test
Images/Training/apple_rotten_1/r0_308.jpg,apple_rotten_1,test
Images/Training/apple_rotten_1/r0_310.jpg,apple_rotten_1,test
Images/Training/apple_rotten_1/r0_312.jpg,apple_rotten_1,test
Images/Training/apple_rotten_1/r0_314.jpg,apple_rotten_1,test
Images/Training/apple_rotten_1/r0_316.jpg,apple_rotten_1,test
Images/Training/apple_rotten_1/r0_32.jpg,apple_rotten_1,train
Images/Training/apple_rotten_1/r0_34.jpg,apple_rotten_1,train
Images/Training/apple_rotten_1/r0_36.jpg,apple_rotten_1,train
Images/Training/apple_rotten_1/r0_38.jpg,apple_rotten_1,train
Images/Training/apple_rotten_1/r0_4.jpg,apple_rotten_1,train
Images/Training/apple_rotten_1/r0_40.jpg,apple_rotten_1,train
Images/Training/apple_rotten_1/r0_42.jpg,apple_rotten_1,train
Images/Training/apple_rotten_1/r0_44.jpg,apple_rotten_1,train
Images/Training/apple_rotten_1/r0_46.jpg,apple_rotten_1,train
Images/Training/apple_rotten_1/r0_48.jpg,apple_rotten_1,train
Images/Training/apple_rotten_1/r0_50.jpg,apple_rotten_1,train
Images/Training/apple_rotten_1/r0_52.jpg,apple_rotten_1,train
Images/Training/apple_rotten_1/r0_54.jpg,apple_rotten_1,train
Images/Training/apple_rotten_1/r0_56.jpg,apple_rotten_1,train
Images/Training/apple_rotten_1/r0_58.jpg,apple_rotten_1,train
Images/Training/apple_rotten_1/r0_6.jpg,apple_rotten_1,train
Images/Training/apple_rotten_1/r0_60.jpg,apple_rotten_1,train
Images/Training/apple_rotten_1/r0_62.jpg,apple_rotten_1,train
Images/Training/apple_rotten_1/r0_64.jpg,apple_rotten_1,train
Images/Training/apple_rotten_1/r0_66.jpg,apple_rotten_1,train
Images/Training/apple_rotten_1/r0_68.jpg,apple_rotten_1,train
Images/Training/apple_rotten_1/r0_70.jpg,apple_rotten_1,train
Images/Training/apple_rotten_1/r0_72.jpg,apple_rotten_1,train
Images/Training/apple_rotten_1/r0_74.jpg,apple_rotten_1,train
Images/Training/apple_rotten_1/r0_76.jpg,apple_rotten_1,train
Images/Training/apple_rotten_1/r0_78.jpg,apple_rotten_1,train
Images/Training/apple_rotten_1/r0_8.jpg,apple_rotten_1,train
Images/Training/apple_rotten_1/r0_80.jpg,apple_rotten_1,train
Images/Training/apple_rotten_1/r0_82.jpg,apple_rotten_1,train
Images/Training/apple_rotten_1/r0_84.jpg,apple_rotten_1,train
Images/Training/apple_rotten_1/r0_86.jpg,apple_rotten_1,train
Images/Training/apple_rotten_1/r0_88.jpg,apple_rotten_1,train
Images/Training/apple_rotten_1/r0_90.jpg,apple_rotten_1,train
Images/Training/apple_rotten_1/r0_92.jpg,apple_rotten_1,train
Images/Training/apple_rotten_1/r0_94.jpg,apple_rotten_1,train
Images/Training/apple_rotten_1/r0_96.jpg,apple_rotten_1,train
Images/Training/apple_rotten_1/r0_98.jpg,apple_rotten_1,train
Images/Training/apple_rotten_1/r1_0.jpg,apple_rotten_1,train
Images/Training/apple_rotten_1/r1_10.jpg,apple_rotten_1,train
Images/Training/apple_rotten_1/r1_100.jpg,apple_rotten_1,train
Images/Training/apple_rotten_1/r1_102.jpg,apple_rotten_1,train
Images/Training/apple_rotten_1/r1_104.jpg,apple_rotten_1,train
Images/Training/apple_rotten_1/r1_106.jpg,apple_rotten_1,train
Images/Training/apple_rotten_1/r1_108.jpg,apple_rotten_1,train
Images/Training/apple_rotten_1/r1_110.jpg,apple_rotten_1,train
Images/Training/apple_rotten_1/r1_112.jpg,apple_rotten_1,train
Images/Training/apple_rotten_1/r1_114.jpg,apple_rotten_1,train
Images/Training/apple_rotten_1/r1_116.jpg,apple_rotten_1,train
Images/Training/apple_rotten_1/r1_118.jpg,apple_rotten_1,train
Images/Training/apple_rotten_1/r1_12.jpg,apple_rotten_1,train
Images/Training/apple_rotten_1/r1_120.jpg,apple_rotten_1,train
Images/Training/apple_rotten_1/r1_122.jpg,apple_rotten_1,train
Images/Training/apple_rotten_1/r1_124.jpg,apple_rotten_1,train
Images/Training/apple_rotten_1/r1_126.jpg,apple_rotten_1,train
Images/Training/apple_rotten_1/r1_128.jpg,apple_rotten_1,train
Images/Training/apple_rotten_1/r1_130.jpg,apple_rotten_1,train
Images/Training/apple_rotten_1/r1_132.jpg,apple_rotten_1,train
Images/Training/apple_rotten_1/r1_134.jpg,apple_rotten_1,train
Images/Training/apple_rotten_1/r1_136.jpg,apple_rotten_1,train
Images/Training/apple_rotten_1/r1_138.jpg,apple_rotten_1,train
Images/Training/apple_rotten_1/r1_14.jpg,apple_rotten_1,train
Images/Training/apple_rotten_1/r1_140.jpg,apple_rotten_1,train
Images/Training/apple_rotten_1/r1_142.jpg,apple_rotten_1,train
Images/Training/apple_rotten_1/r1_144.jpg,apple_rotten_1,train
Images/Training/apple_rotten_1/r1_146.jpg,apple_rotten_1,train
Images/Training/apple_rotten_1/r1_148.jpg,apple_rotten_1,train
Images/Training/apple_rotten_1/r1_150.jpg,apple_rotten_1,train
Images/Training/apple_rotten_1/r1_152.jpg,apple_rotten_1,train
Images/Training/apple_rotten_1/r1_154.jpg,apple_rotten_1,train
Images/Training/apple_rotten_1/r1_156.jpg,apple_rotten_1,train
Images/Training/apple_rotten_1/r1_158.jpg,apple_rotten_1,train
Images/Training/apple_rotten_1/r1_16.jpg,apple_rotten_1,train
Images/Training/apple_rotten_1/r1_160.jpg,apple_rotten_1,train
Images/Training/apple_rotten_1/r1_162.jpg,apple_rotten_1,train
Images/Training/apple_rotten_1/r1_164.jpg,apple_rotten_1,train
Images/Training/apple_rotten_1/r1_166.jpg,apple_rotten_1,train
Images/Training/apple_rotten_1/r1_168.jpg,apple_rotten_1,train
Images/Training/apple_rotten_1/r1_170.jpg,apple_rotten_1,train
Images/Training/apple_rotten_1/r1_172.jpg,apple_rotten_1,train
Images/Training/apple_rotten_1/r1_174.jpg,apple_rotten_1,train
Images/Training/apple_rotten_1/r1_176.jpg,apple_rotten_1,train
Images/Training/apple_rotten_1/r1_178.jpg,apple_rotten_1,train
Images/Training/apple_rotten_1/r1_18.jpg,apple_rotten_1,train
Images/Training/apple_rotten_1/r1_180.jpg,apple_rotten_1,train
Images/Training/apple_rotten_1/r1_182.jpg,apple_rotten_1,train
Images/Training/apple_rotten_1/r1_184.jpg,apple_rotten_1,train
Images/Training/apple_rotten_1/r1_186.jpg,apple_rotten_1,train
Images/Training/apple_rotten_1/r1_188.jpg,apple_rotten_1,train
Images/Training/apple_rotten_1/r1_190.jpg,apple_rotten_1,train
Images/Training/apple_rotten_1/r1_192.jpg,apple_rotten_1,train
Images/Training/apple_rotten_1/r1_194.jpg,apple_rotten_1,train
Images/Training/apple_rotten_1/r1_196.jpg,apple_rotten_1,train
Images/Training/apple_rotten_1/r1_198.jpg,apple_rotten_1,train
Images/Training/apple_rotten_1/r1_2.jpg,apple_rotten_1,train
Images/Training/apple_rotten_1/r1_20.jpg,apple_rotten_1,train
Images/Training/apple_rotten_1/r1_200.jpg,apple_rotten_1,train
Images/Training/apple_rotten_1/r1_202.jpg,apple_rotten_1,train
Images/Training/apple_rotten_1/r1_204.jpg,apple_rotten_1,train
Images/Training/apple_rotten_1/r1_206.jpg,apple_rotten_1,train
Images/Training/apple_rotten_1/r1_208.jpg,apple_rotten_1,train
Images/Training/apple_rotten_1/r1_210.jpg,apple_rotten_1,train
Images/Training/apple_rotten_1/r1_212.jpg,apple_rotten_1,train
Images/Training/apple_rotten_1/r1_214.jpg,apple_rotten_1,train
Images/Training/apple_rotten_1/r1_216.jpg,apple_rotten_1,train
Images/Training/apple_rotten_1/r1_218.jpg,apple_rotten_1,train
Images/Training/apple_rotten_1/r1_22.jpg,apple_rotten_1,train
Images/Training/apple_rotten_1/r1_220.jpg,apple_rotten_1,train
Images/Training/apple_rotten_1/r1_222.jpg,apple_rotten_1,train
Images/Training/apple_rotten_1/r1_224.jpg,apple_rotten_1,val
Images/Training/apple_rotten_1/r1_226.jpg,apple_rotten_1,val
Images/Training/apple_rotten_1/r1_228.jpg,apple_rotten_1,val
Images/Training/apple_rotten_1/r1_230.jpg,apple_rotten_1,val
Images/Training/apple_rotten_1/r1_232.jpg,apple_rotten_1,val
Images/Training/apple_rotten_1/r1_234.jpg,apple_rotten_1,val
Images/Training/apple_rotten_1/r1_236.jpg,apple_rotten_1,val
Images/Training/apple_rotten_1/r1_238.jpg,apple_rotten_1,val
Images/Training/apple_rotten_1/r1_24.jpg,apple_rotten_1,train
Images/Training/apple_rotten_1/r1_240.jpg,apple_rotten_1,val
Images/Training/apple_rotten_1/r1_242.jpg,apple_rotten_1,val
Images/Training/apple_rotten_1/r1_244.jpg,apple_rotten_1,val
Images/Training/apple_rotten_1/r1_246.jpg,apple_rotten_1,val
Images/Training/apple_rotten_1/r1_248.jpg,apple_rotten_1,val
Images/Training/apple_rotten_1/r1_250.jpg,apple_rotten_1,val
Images/Training/apple_rotten_1/r1_252.jpg,apple_rotten_1,val
Images/Training/apple_rotten_1/r1_254.jpg,apple_rotten_1,val
Images/Training/apple_rotten_1/r1_256.jpg,apple_rotten_1,val
Images/Training/apple_rotten_1/r1_258.jpg,apple_rotten_1,val
Images/Training/apple_rotten_1/r1_26.jpg,apple_rotten_1,train
Images/Training/apple_rotten_1/r1_260.jpg,apple_rotten_1,val
Images/Training/apple_rotten_1/r1_262.jpg,apple_rotten_1,val
Images/Training/apple_rotten_1/r1_264.jpg,apple_rotten_1,val
Images/Training/apple_rotten_1/r1_266.jpg,apple_rotten_1,val
Images/Training/apple_rotten_1/r1_268.jpg,apple_rotten_1,val
Images/Training/apple_rotten_1/r1_270.jpg,apple_rotten_1,val
Images/Training/apple_rotten_1/r1_272.jpg,apple_rotten_1,test
Images/Training/apple_rotten_1/r1_274.jpg,apple_rotten_1,test
Images/Training/apple_rotten_1/r1_276.jpg,apple_rotten_1,test
Images/Training/apple_rotten_1/r1_278.jpg,apple_rotten_1,test
Images/Training/apple_rotten_1/r1_28.jpg,apple_rotten_1,train
Images/Training/apple_rotten_1/r1_280.jpg,apple_rotten_1,test
Images/Training/apple_rotten_1/r1_282.jpg,apple_rotten_1,test
Images/Training/apple_rotten_1/r1_284.jpg,apple_rotten_1,test
Images/Training/apple_rotten_1/r1_286.jpg,apple_rotten_1,test
Images/Training/apple_rotten_1/r1_288.jpg,apple_rotten_1,test
Images/Training/apple_rotten_1/r1_290.jpg,apple_rotten_1,test
Images/Training/apple_rotten_1/r1_292.jpg,apple_rotten_1,test
Images/Training/apple_rotten_1/r1_294.jpg,apple_rotten_1,test
Images/Training/apple_rotten_1/r1_296.jpg,apple_rotten_1,test
Images/Training/apple_rotten_1/r1_298.jpg,apple_rotten_1,test
Images/Training/apple_rotten_1/r1_30.jpg,apple_rotten_1,train
Images/Training/apple_rotten_1/r1_300.jpg,apple_rotten_1,test
Images/Training/apple_rotten_1/r1_302.jpg,apple_rotten_1,test
Images/Training/apple_rotten_1/r1_304.jpg,apple_rotten_1,test
Images/Training/apple_rotten_1/r1_306.jpg,apple_rotten_1,test
Images/Training/apple_rotten_1/r1_308.jpg,apple_rotten_1,test
Images/Training/apple_rotten_1/r1_310.jpg,apple_rotten_1,test
Images/Training/apple_rotten_1/r1_312.jpg,apple_rotten_1,test
Images/Training/apple_rotten_1/r1_314.jpg,apple_rotten_1,test
Images/Training/apple_rotten_1/r1_316.jpg,apple_rotten_1,test
Images/Training/apple_rotten_1/r1_318.jpg,apple_rotten_1,test
Images/Training/apple_rotten_1/r1_32.jpg,apple_rotten_1,train
Images/Training/apple_rotten_1/r1_34.jpg,apple_rotten_1,train
Images/Training/apple_rotten_1/r1_36.jpg,apple_rotten_1,train
Images/Training/apple_rotten_1/r1_38.jpg,apple_rotten_1,train
Images/Training/apple_rotten_1/r1_4.jpg,apple_rotten_1,train
Images/Training/apple_rotten_1/r1_40.jpg,apple_rotten_1,train
Images/Training/apple_rotten_1/r1_42.jpg,apple_rotten_1,train
Images/Training/apple_rotten_1/r1_44.jpg,apple_rotten_1,train
Images/Training/apple_rotten_1/r1_46.jpg,apple_rotten_1,train
Images/Training/apple_rotten_1/r1_48.jpg,apple_rotten_1,train
Images/Training/apple_rotten_1/r1_50.jpg,apple_rotten_1,train
Images/Training/apple_rotten_1/r1_52.jpg,apple_rotten_1,train
Images/Training/apple_rotten_1/r1_54.jpg,apple_rotten_1,train
Images/Training/apple_rotten_1/r1_56.jpg,apple_rotten_1,train
Images/Training/apple_rotten_1/r1_58.jpg,apple_rotten_1,train
Images/Training/apple_rotten_1/r1_6.jpg,apple_rotten_1,train
Images/Training/apple_rotten_1/r1_60.jpg,apple_rotten_1,train
Images/Training/apple_rotten_1/r1_62.jpg,apple_rotten_1,train
Images/Training/apple_rotten_1/r1_64.jpg,apple_rotten_1,train
Images/Training/apple_rotten_1/r1_66.jpg,apple_rotten_1,train
Images/Training/apple_rotten_1/r1_68.jpg,apple_rotten_1,train
Images/Training/apple_rotten_1/r1_70.jpg,apple_rotten_1,train
Images/Training/apple_rotten_1/r1_72.jpg,apple_rotten_1,train
Images/Training/apple_rotten_1/r1_74.jpg,apple_rotten_1,train
Images/Training/apple_rotten_1/r1_76.jpg,apple_rotten_1,train
Images/Training/apple_rotten_1/r1_78.jpg,apple_rotten_1,train
Images/Training/apple_rotten_1/r1_8.jpg,apple_rotten_1,train
Images/Training/apple_rotten_1/r1_80.jpg,apple_rotten_1,train
Images/Training/apple_rotten_1/r1_82.jpg,apple_rotten_1,train
Images/Training/apple_rotten_1/r1_84.jpg,apple_rotten_1,train
Images/Training/apple_rotten_1/r1_86.jpg,apple_rotten_1,train
Images/Training/apple_rotten_1/r1_88.jpg,apple_rotten_1,train
Images/Training/apple_rotten_1/r1_90.jpg,apple_rotten_1,train
Images/Training/apple_rotten_1/r1_92.jpg,apple_rotten_1,train
Images/Training/apple_rotten_1/r1_94.jpg,apple_rotten_1,train
Images/Training/apple_rotten_1/r1_96.jpg,apple_rotten_1,train
Images/Training/apple_rotten_1/r1_98.jpg,apple_rotten_1,train
Images/Training/cabbage_white_1/r0_0.jpg,cabbage_white_1,train
Images/Training/cabbage_white_1/r0_10.jpg,cabbage_white_1,train
Images/Training/cabbage_white_1/r0_100.jpg,cabbage_white_1,train
Images/Training/cabbage_white_1/r0_102.jpg,cabbage_white_1,train
Images/Training/cabbage_white_1/r0_104.jpg,cabbage_white_1,train
Images/Training/cabbage_white_1/r0_106.jpg,cabbage_white_1,train
Images/Training/cabbage_white_1/r0_108.jpg,cabbage_white_1,train
Images/Training/cabbage_white_1/r0_110.jpg,cabbage_white_1,train
Images/Training/cabbage_white_1/r0_112.jpg,cabbage_white_1,train
Images/Training/cabbage_white_1/r0_114.jpg,cabbage_white_1,train
Images/Training/cabbage_white_1/r0_116.jpg,cabbage_white_1,train
Images/Training/cabbage_white_1/r0_118.jpg,cabbage_white_1,train
Images/Training/cabbage_white_1/r0_12.jpg,cabbage_white_1,train
Images/Training/cabbage_white_1/r0_120.jpg,cabbage_white_1,train
Images/Training/cabbage_white_1/r0_122.jpg,cabbage_white_1,train
Images/Training/cabbage_white_1/r0_124.jpg,cabbage_white_1,train
Images/Training/cabbage_white_1/r0_126.jpg,cabbage_white_1,train
Images/Training/cabbage_white_1/r0_128.jpg,cabbage_white_1,train
Images/Training/cabbage_white_1/r0_130.jpg,cabbage_white_1,train
Images/Training/cabbage_white_1/r0_132.jpg,cabbage_white_1,train
Images/Training/cabbage_white_1/r0_134.jpg,cabbage_white_1,val
Images/Training/cabbage_white_1/r0_136.jpg,cabbage_white_1,val
Images/Training/cabbage_white_1/r0_138.jpg,cabbage_white_1,val
Images/Training/cabbage_white_1/r0_14.jpg,cabbage_white_1,train
Images/Training/cabbage_white_1/r0_140.jpg,cabbage_white_1,val
Images/Training/cabbage_white_1/r0_142.jpg,cabbage_white_1,val
Images/Training/cabbage_white_1/r0_144.jpg,cabbage_white_1,val
Images/Training/cabbage_white_1/r0_146.jpg,cabbage_white_1,val
Images/Training/cabbage_white_1/r0_148.jpg,cabbage_white_1,val
Images/Training/cabbage_white_1/r0_150.jpg,cabbage_white_1,val
Images/Training/cabbage_white_1/r0_152.jpg,cabbage_white_1,val
Images/Training/cabbage_white_1/r0_154.jpg,cabbage_white_1,val
Images/Training/cabbage_white_1/r0_156.jpg,cabbage_white_1,val
Images/Training/cabbage_white_1/r0_158.jpg,cabbage_white_1,val
Images/Training/cabbage_white_1/r0_16.jpg,cabbage_white_1,train
Images/Training/cabbage_white_1/r0_160.jpg,cabbage_white_1,val
Images/Training/cabbage_white_1/r0_162.jpg,cabbage_white_1,val
Images/Training/cabbage_white_1/r0_164.jpg,cabbage_white_1,test
Images/Training/cabbage_white_1/r0_166.jpg,cabbage_white_1,test
Images/Training/cabbage_white_1/r0_168.jpg,cabbage_white_1,test
Images/Training/cabbage_white_1/r0_170.jpg,cabbage_white_1,test
Images/Training/cabbage_white_1/r0_172.jpg,cabbage_white_1,test
Images/Training/cabbage_white_1/r0_174.jpg,cabbage_white_1,test
Images/Training/cabbage_white_1/r0_176.jpg,cabbage_white_1,test
Images/Training/cabbage_white_1/r0_178.jpg,cabbage_white_1,test
Images/Training/cabbage_white_1/r0_18.jpg,cabbage_white_1,train
Images/Training/cabbage_white_1/r0_180.jpg,cabbage_white_1,test
Images/Training/cabbage_white_1/r0_182.jpg,cabbage_white_1,test
Images/Training/cabbage_white_1/r0_184.jpg,cabbage_white_1,test
Images/Training/cabbage_white_1/r0_186.jpg,cabbage_white_1,test
Images/Training/cabbage_white_1/r0_188.jpg,cabbage_white_1,test
Images/Training/cabbage_white_1/r0_190.jpg,cabbage_white_1,test
Images/Training/cabbage_white_1/r0_2.jpg,cabbage_white_1,train
Images/Training/cabbage_white_1/r0_20.jpg,cabbage_white_1,train
Images/Training/cabbage_white_1/r0_22.jpg,cabbage_white_1,train
Images/Training/cabbage_white_1/r0_24.jpg,cabbage_white_1,train
Images/Training/cabbage_white_1/r0_26.jpg,cabbage_white_1,train
Images/Training/cabbage_white_1/r0_28.jpg,cabbage_white_1,train
Images/Training/cabbage_white_1/r0_30.jpg,cabbage_white_1,train
Images/Training/cabbage_white_1/r0_32.jpg,cabbage_white_1,train
Images/Training/cabbage_white_1/r0_34.jpg,cabbage_white_1,train
Images/Training/cabbage_white_1/r0_36.jpg,cabbage_white_1,train
Images/Training/cabbage_white_1/r0_38.jpg,cabbage_white_1,train
Images/Training/cabbage_white_1/r0_4.jpg,cabbage_white_1,train
Images/Training/cabbage_white_1/r0_40.jpg,cabbage_white_1,train
Images/Training/cabbage_white_1/r0_42.jpg,cabbage_white_1,train
Images/Training/cabbage_white_1/r0_44.jpg,cabbage_white_1,train
Images/Training/cabbage_white_1/r0_46.jpg,cabbage_white_1,train
Images/Training/cabbage_white_1/r0_48.jpg,cabbage_white_1,train
Images/Training/cabbage_white_1/r0_50.jpg,cabbage_white_1,train
Images/Training/cabbage_white_1/r0_52.jpg,cabbage_white_1,train
Images/Training/cabbage_white_1/r0_54.jpg,cabbage_white_1,train
Images/Training/cabbage_white_1/r0_56.jpg,cabbage_white_1,train
Images/Training/cabbage_white_1/r0_58.jpg,cabbage_white_1,train
Images/Training/cabbage_white_1/r0_6.jpg,cabbage_white_1,train
Images/Training/cabbage_white_1/r0_60.jpg,cabbage_white_1,train
Images/Training/cabbage_white_1/r0_62.jpg,cabbage_white_1,train
Images/Training/cabbage_white_1/r0_64.jpg,cabbage_white_1,train
Images/Training/cabbage_white_1/r0_66.jpg,cabbage_white_1,train
Images/Training/cabbage_white_1/r0_68.jpg,cabbage_white_1,train
Images/Training/cabbage_white_1/r0_70.jpg,cabbage_white_1,train
Images/Training/cabbage_white_1/r0_72.jpg,cabbage_white_1,train
Images/Training/cabbage_white_1/r0_74.jpg,cabbage_white_1,train
Images/Training/cabbage_white_1/r0_76.jpg,cabbage_white_1,train
Images/Training/cabbage_white_1/r0_78.jpg,cabbage_white_1,train
Images/Training/cabbage_white_1/r0_8.jpg,cabbage_white_1,train
Images/Training/cabbage_white_1/r0_80.jpg,cabbage_white_1,train
Images/Training/cabbage_white_1/r0_82.jpg,cabbage_white_1,train
Images/Training/cabbage_white_1/r0_84.jpg,cabbage_white_1,train
Images/Training/cabbage_white_1/r0_86.jpg,cabbage_white_1,train
Images/Training/cabbage_white_1/r0_88.jpg,cabbage_white_1,train
Images/Training/cabbage_white_1/r0_90.jpg,cabbage_white_1,train
Images/Training/cabbage_white_1/r0_92.jpg,cabbage_white_1,train
Images/Training/cabbage_white_1/r0_94.jpg,cabbage_white_1,train
Images/Training/cabbage_white_1/r0_96.jpg,cabbage_white_1,train
Images/Training/cabbage_white_1/r0_98.jpg,cabbage_white_1,train
Images/Training/carrot_1/r0_0.jpg,carrot_1,train
Images/Training/carrot_1/r0_10.jpg,carrot_1,train
Images/Training/carrot_1/r0_100.jpg,carrot_1,train
Images/Training/carrot_1/r0_102.jpg,carrot_1,train
Images/Training/carrot_1/r0_104.jpg,carrot_1,train
Images/Training/carrot_1/r0_106.jpg,carrot_1,train
Images/Training/carrot_1/r0_108.jpg,carrot_1,train
Images/Training/carrot_1/r0_110.jpg,carrot_1,train
Images/Training/carrot_1/r0_112.jpg,carrot_1,train
Images/Training/carrot_1/r0_114.jpg,carrot_1,train
Images/Training/carrot_1/r0_116.jpg,carrot_1,train
Images/Training/carrot_1/r0_118.jpg,carrot_1,train
Images/Training/carrot_1/r0_12.jpg,carrot_1,train
Images/Training/carrot_1/r0_120.jpg,carrot_1,train
Images/Training/carrot_1/r0_122.jpg,carrot_1,train
Images/Training/carrot_1/r0_124.jpg,carrot_1,train
Images/Training/carrot_1/r0_126.jpg,carrot_1,train
Images/Training/carrot_1/r0_128.jpg,carrot_1,train
Images/Training/carrot_1/r0_130.jpg,carrot_1,train
Images/Training/carrot_1/r0_132.jpg,carrot_1,train
Images/Training/carrot_1/r0_134.jpg,carrot_1,train
Images/Training/carrot_1/r0_136.jpg,carrot_1,train
Images/Training/carrot_1/r0_138.jpg,carrot_1,train
Images/Training/carrot_1/r0_14.jpg,carrot_1,train
Images/Training/carrot_1/r0_140.jpg,carrot_1,train
Images/Training/carrot_1/r0_142.jpg,carrot_1,val
Images/Training/carrot_1/r0_144.jpg,carrot_1,val
Images/Training/carrot_1/r0_146.jpg,carrot_1,val
Images/Training/carrot_1/r0_148.jpg,carrot_1,val
Images/Training/carrot_1/r0_150.jpg,carrot_1,val
Images/Training/carrot_1/r0_152.jpg,carrot_1,val
Images/Training/carrot_1/r0_154.jpg,carrot_1,val
Images/Training/carrot_1/r0_156.jpg,carrot_1,val
Images/Training/carrot_1/r0_158.jpg,carrot_1,val
Images/Training/carrot_1/r0_16.jpg,carrot_1,train
Images/Training/carrot_1/r0_160.jpg,carrot_1,val
Images/Training/carrot_1/r0_162.jpg,carrot_1,val
Images/Training/carrot_1/r0_164.jpg,carrot_1,val
Images/Training/carrot_1/r0_166.jpg,carrot_1,val
Images/Training/carrot_1/r0_168.jpg,carrot_1,val
Images/Training/carrot_1/r0_170.jpg,carrot_1,val
Images/Training/carrot_1/r0_172.jpg,carrot_1,test
Images/Training/carrot_1/r0_174.jpg,carrot_1,test
Images/Training/carrot_1/r0_176.jpg,carrot_1,test
Images/Training/carrot_1/r0_178.jpg,carrot_1,test
Images/Training/carrot_1/r0_18.jpg,carrot_1,train
Images/Training/carrot_1/r0_180.jpg,carrot_1,test
Images/Training/carrot_1/r0_182.jpg,carrot_1,test
Images/Training/carrot_1/r0_184.jpg,carrot_1,test
Images/Training/carrot_1/r0_186.jpg,carrot_1,test
Images/Training/carrot_1/r0_188.jpg,carrot_1,test
Images/Training/carrot_1/r0_190.jpg,carrot_1,test
Images/Training/carrot_1/r0_192.jpg,carrot_1,test
Images/Training/carrot_1/r0_194.jpg,carrot_1,test
Images/Training/carrot_1/r0_196.jpg,carrot_1,test
Images/Training/carrot_1/r0_198.jpg,carrot_1,test
Images/Training/carrot_1/r0_2.jpg,carrot_1,train
Images/Training/carrot_1/r0_20.jpg,carrot_1,train
Images/Training/carrot_1/r0_200.jpg,carrot_1,test
Images/Training/carrot_1/r0_22.jpg,carrot_1,train
Images/Training/carrot_1/r0_24.jpg,carrot_1,train
Images/Training/carrot_1/r0_26.jpg,carrot_1,train
Images/Training/carrot_1/r0_28.jpg,carrot_1,train
Images/Training/carrot_1/r0_30.jpg,carrot_1,train
Images/Training/carrot_1/r0_32.jpg,carrot_1,train
Images/Training/carrot_1/r0_34.jpg,carrot_1,train
Images/Training/carrot_1/r0_36.jpg,carrot_1,train
Images/Training/carrot_1/r0_38.jpg,carrot_1,train
Images/Training/carrot_1/r0_4.jpg,carrot_1,train
Images/Training/carrot_1/r0_40.jpg,carrot_1,train
Images/Training/carrot_1/r0_42.jpg,carrot_1,train
Images/Training/carrot_1/r0_44.jpg,carrot_1,train
Images/Training/carrot_1/r0_46.jpg,carrot_1,train
Images/Training/carrot_1/r0_48.jpg,carrot_1,train
Images/Training/carrot_1/r0_50.jpg,carrot_1,train
Images/Training/carrot_1/r0_52.jpg,carrot_1,train
Images/Training/carrot_1/r0_54.jpg,carrot_1,train
Images/Training/carrot_1/r0_56.jpg,carrot_1,train
Images/Training/carrot_1/r0_58.jpg,carrot_1,train
Images/Training/carrot_1/r0_6.jpg,carrot_1,train
Images/Training/carrot_1/r0_60.jpg,carrot_1,train
Images/Training/carrot_1/r0_62.jpg,carrot_1,train
Images/Training/carrot_1/r0_64.jpg,carrot_1,train
Images/Training/carrot_1/r0_66.jpg,carrot_1,train
Images/Training/carrot_1/r0_68.jpg,carrot_1,train
Images/Training/carrot_1/r0_70.jpg,carrot_1,train
Images/Training/carrot_1/r0_72.jpg,carrot_1,train
Images/Training/carrot_1/r0_74.jpg,carrot_1,train
Images/Training/carrot_1/r0_76.jpg,carrot_1,train
Images/Training/carrot_1/r0_78.jpg,carrot_1,train
Images/Training/carrot_1/r0_8.jpg,carrot_1,train
Images/Training/carrot_1/r0_80.jpg,carrot_1,train
Images/Training/carrot_1/r0_82.jpg,carrot_1,train
Images/Training/carrot_1/r0_84.jpg,carrot_1,train
Images/Training/carrot_1/r0_86.jpg,carrot_1,train
Images/Training/carrot_1/r0_88.jpg,carrot_1,train
Images/Training/carrot_1/r0_90.jpg,carrot_1,train
Images/Training/carrot_1/r0_92.jpg,carrot_1,train
Images/Training/carrot_1/r0_94.jpg,carrot_1,train
Images/Training/carrot_1/r0_96.jpg,carrot_1,train
Images/Training/carrot_1/r0_98.jpg,carrot_1,train
Images/Training/cucumber_1/r0_0.jpg,cucumber_1,train
Images/Training/cucumber_1/r0_10.jpg,cucumber_1,train
Images/Training/cucumber_1/r0_100.jpg,cucumber_1,train
Images/Training/cucumber_1/r0_102.jpg,cucumber_1,train
Images/Training/cucumber_1/r0_104.jpg,cucumber_1,train
Images/Training/cucumber_1/r0_106.jpg,cucumber_1,train
Images/Training/cucumber_1/r0_108.jpg,cucumber_1,train
Images/Training/cucumber_1/r0_110.jpg,cucumber_1,train
Images/Training/cucumber_1/r0_112.jpg,cucumber_1,train
Images/Training/cucumber_1/r0_114.jpg,cucumber_1,train
Images/Training/cucumber_1/r0_116.jpg,cucumber_1,train
Images/Training/cucumber_1/r0_118.jpg,cucumber_1,train
Images/Training/cucumber_1/r0_12.jpg,cucumber_1,train
Images/Training/cucumber_1/r0_120.jpg,cucumber_1,train
Images/Training/cucumber_1/r0_122.jpg,cucumber_1,train
Images/Training/cucumber_1/r0_124.jpg,cucumber_1,train
Images/Training/cucumber_1/r0_126.jpg,cucumber_1,train
Images/Training/cucumber_1/r0_128.jpg,cucumber_1,train
Images/Training/cucumber_1/r0_130.jpg,cucumber_1,train
Images/Training/cucumber_1/r0_132.jpg,cucumber_1,train
Images/Training/cucumber_1/r0_134.jpg,cucumber_1,train
Images/Training/cucumber_1/r0_136.jpg,cucumber_1,train
Images/Training/cucumber_1/r0_138.jpg,cucumber_1,train
Images/Training/cucumber_1/r0_14.jpg,cucumber_1,train
Images/Training/cucumber_1/r0_140.jpg,cucumber_1,val
Images/Training/cucumber_1/r0_142.jpg,cucumber_1,val
Images/Training/cucumber_1/r0_144.jpg,cucumber_1,val
Images/Training/cucumber_1/r0_146.jpg,cucumber_1,val
Images/Training/cucumber_1/r0_148.jpg,cucumber_1,val
Images/Training/cucumber_1/r0_150.jpg,cucumber_1,val
Images/Training/cucumber_1/r0_152.jpg,cucumber_1,val
Images/Training/cucumber_1/r0_154.jpg,cucumber_1,val
Images/Training/cucumber_1/r0_156.jpg,cucumber_1,val
Images/Training/cucumber_1/r0_158.jpg,cucumber_1,val
Images/Training/cucumber_1/r0_16.jpg,cucumber_1,train
Images/Training/cucumber_1/r0_160.jpg,cucumber_1,val
Images/Training/cucumber_1/r0_162.jpg,cucumber_1,val
Images/Training/cucumber_1/r0_164.jpg,cucumber_1,val
Images/Training/cucumber_1/r0_166.jpg,cucumber_1,val
Images/Training/cucumber_1/r0_168.jpg,cucumber_1,val
Images/Training/cucumber_1/r0_170.jpg,cucumber_1,test
Images/Training/cucumber_1/r0_172.jpg,cucumber_1,test
Images/Training/cucumber_1/r0_174.jpg,cucumber_1,test
Images/Training/cucumber_1/r0_176.jpg,cucumber_1,test
Images/Training/cucumber_1/r0_178.jpg,cucumber_1,test
Images/Training/cucumber_1/r0_18.jpg,cucumber_1,train
Images/Training/cucumber_1/r0_180.jpg,cucumber_1,test
Images/Training/cucumber_1/r0_182.jpg,cucumber_1,test
Images/Training/cucumber_1/r0_184.jpg,cucumber_1,test
Images/Training/cucumber_1/r0_186.jpg,cucumber_1,test
Images/Training/cucumber_1/r0_188.jpg,cucumber_1,test
Images/Training/cucumber_1/r0_190.jpg,cucumber_1,test
Images/Training/cucumber_1/r0_192.jpg,cucumber_1,test
Images/Training/cucumber_1/r0_194.jpg,cucumber_1,test
Images/Training/cucumber_1/r0_196.jpg,cucumber_1,test
Images/Training/cucumber_1/r0_198.jpg,cucumber_1,test
Images/Training/cucumber_1/r0_2.jpg,cucumber_1,train
Images/Training/cucumber_1/r0_20.jpg,cucumber_1,train
Images/Training/cucumber_1/r0_22.jpg,cucumber_1,train
Images/Training/cucumber_1/r0_24.jpg,cucumber_1,train
Images/Training/cucumber_1/r0_26.jpg,cucumber_1,train
Images/Training/cucumber_1/r0_28.jpg,cucumber_1,train
Images/Training/cucumber_1/r0_30.jpg,cucumber_1,train
Images/Training/cucumber_1/r0_32.jpg,cucumber_1,train
Images/Training/cucumber_1/r0_34.jpg,cucumber_1,train
Images/Training/cucumber_1/r0_36.jpg,cucumber_1,train
Images/Training/cucumber_1/r0_38.jpg,cucumber_1,train
Images/Training/cucumber_1/r0_4.jpg,cucumber_1,train
Images/Training/cucumber_1/r0_40.jpg,cucumber_1,train
Images/Training/cucumber_1/r0_42.jpg,cucumber_1,train
Images/Training/cucumber_1/r0_44.jpg,cucumber_1,train
Images/Training/cucumber_1/r0_46.jpg,cucumber_1,train
Images/Training/cucumber_1/r0_48.jpg,cucumber_1,train
Images/Training/cucumber_1/r0_50.jpg,cucumber_1,train
Images/Training/cucumber_1/r0_52.jpg,cucumber_1,train
Images/Training/cucumber_1/r0_54.jpg,cucumber_1,train
Images/Training/cucumber_1/r0_56.jpg,cucumber_1,train
Images/Training/cucumber_1/r0_58.jpg,cucumber_1,train
Images/Training/cucumber_1/r0_6.jpg,cucumber_1,train
Images/Training/cucumber_1/r0_60.jpg,cucumber_1,train
Images/Training/cucumber_1/r0_62.jpg,cucumber_1,train
Images/Training/cucumber_1/r0_64.jpg,cucumber_1,train
Images/Training/cucumber_1/r0_66.jpg,cucumber_1,train
Images/Training/cucumber_1/r0_68.jpg,cucumber_1,train
Images/Training/cucumber_1/r0_70.jpg,cucumber_1,train
Images/Training/cucumber_1/r0_72.jpg,cucumber_1,train
Images/Training/cucumber_1/r0_74.jpg,cucumber_1,train
Images/Training/cucumber_1/r0_76.jpg,cucumber_1,train
Images/Training/cucumber_1/r0_78.jpg,cucumber_1,train
Images/Training/cucumber_1/r0_8.jpg,cucumber_1,train
Images/Training/cucumber_1/r0_80.jpg,cucumber_1,train
Images/Training/cucumber_1/r0_82.jpg,cucumber_1,train
Images/Training/cucumber_1/r0_84.jpg,cucumber_1,train
Images/Training/cucumber_1/r0_86.jpg,cucumber_1,train
Images/Training/cucumber_1/r0_88.jpg,cucumber_1,train
Images/Training/cucumber_1/r0_90.jpg,cucumber_1,train
Images/Training/cucumber_1/r0_92.jpg,cucumber_1,train
Images/Training/cucumber_1/r0_94.jpg,cucumber_1,train
Images/Training/cucumber_1/r0_96.jpg,cucumber_1,train
Images/Training/cucumber_1/r0_98.jpg,cucumber_1,train
Images/Training/cucumber_3/r0_0.jpg,cucumber_3,train
Images/Training/cucumber_3/r0_10.jpg,cucumber_3,train
Images/Training/cucumber_3/r0_100.jpg,cucumber_3,train
Images/Training/cucumber_3/r0_102.jpg,cucumber_3,train
Images/Training/cucumber_3/r0_104.jpg,cucumber_3,train
Images/Training/cucumber_3/r0_106.jpg,cucumber_3,train
Images/Training/cucumber_3/r0_108.jpg,cucumber_3,train
Images/Training/cucumber_3/r0_110.jpg,cucumber_3,train
Images/Training/cucumber_3/r0_112.jpg,cucumber_3,train
Images/Training/cucumber_3/r0_114.jpg,cucumber_3,train
Images/Training/cucumber_3/r0_116.jpg,cucumber_3,train
Images/Training/cucumber_3/r0_118.jpg,cucumber_3,train
Images/Training/cucumber_3/r0_12.jpg,cucumber_3,train
Images/Training/cucumber_3/r0_120.jpg,cucumber_3,train
Images/Training/cucumber_3/r0_122.jpg,cucumber_3,train
Images/Training/cucumber_3/r0_124.jpg,cucumber_3,train
Images/Training/cucumber_3/r0_126.jpg,cucumber_3,train
Images/Training/cucumber_3/r0_128.jpg,cucumber_3,train
Images/Training/cucumber_3/r0_130.jpg,cucumber_3,train
Images/Training/cucumber_3/r0_132.jpg,cucumber_3,train
Images/Training/cucumber_3/r0_134.jpg,cucumber_3,train
Images/Training/cucumber_3/r0_136.jpg,cucumber_3,train
Images/Training/cucumber_3/r0_138.jpg,cucumber_3,train
Images/Training/cucumber_3/r0_14.jpg,cucumber_3,train
Images/Training/cucumber_3/r0_140.jpg,cucumber_3,train
Images/Training/cucumber_3/r0_142.jpg,cucumber_3,train
Images/Training/cucumber_3/r0_144.jpg,cucumber_3,train
Images/Training/cucumber_3/r0_146.jpg,cucumber_3,train
Images/Training/cucumber_3/r0_148.jpg,cucumber_3,train
Images/Training/cucumber_3/r0_150.jpg,cucumber_3,train
Images/Training/cucumber_3/r0_152.jpg,cucumber_3,train
Images/Training/cucumber_3/r0_154.jpg,cucumber_3,train
Images/Training/cucumber_3/r0_156.jpg,cucumber_3,train
Images/Training/cucumber_3/r0_158.jpg,cucumber_3,train
Images/Training/cucumber_3/r0_16.jpg,cucumber_3,train
Images/Training/cucumber_3/r0_160.jpg,cucumber_3,train
Images/Training/cucumber_3/r0_162.jpg,cucumber_3,train
Images/Training/cucumber_3/r0_164.jpg,cucumber_3,train
Images/Training/cucumber_3/r0_166.jpg,cucumber_3,train
Images/Training/cucumber_3/r0_168.jpg,cucumber_3,train
Images/Training/cucumber_3/r0_170.jpg,cucumber_3,train
Images/Training/cucumber_3/r0_172.jpg,cucumber_3,train
Images/Training/cucumber_3/r0_174.jpg,cucumber_3,train
Images/Training/cucumber_3/r0_176.jpg,cucumber_3,train
Images/Training/cucumber_3/r0_178.jpg,cucumber_3,train
Images/Training/cucumber_3/r0_18.jpg,cucumber_3,train
Images/Training/cucumber_3/r0_180.jpg,cucumber_3,train
Images/Training/cucumber_3/r0_182.jpg,cucumber_3,train
Images/Training/cucumber_3/r0_184.jpg,cucumber_3,train
Images/Training/cucumber_3/r0_186.jpg,cucumber_3,train
Images/Training/cucumber_3/r0_188.jpg,cucumber_3,train
Images/Training/cucumber_3/r0_190.jpg,cucumber_3,train
Images/Training/cucumber_3/r0_192.jpg,cucumber_3,train
Images/Training/cucumber_3/r0_194.jpg,cucumber_3,train
Images/Training/cucumber_3/r0_196.jpg,cucumber_3,train
Images/Training/cucumber_3/r0_198.jpg,cucumber_3,train
Images/Training/cucumber_3/r0_2.jpg,cucumber_3,train
Images/Training/cucumber_3/r0_20.jpg,cucumber_3,train
Images/Training/cucumber_3/r0_200.jpg,cucumber_3,train
Images/Training/cucumber_3/r0_202.jpg,cucumber_3,train
Images/Training/cucumber_3/r0_204.jpg,cucumber_3,train
Images/Training/cucumber_3/r0_206.jpg,cucumber_3,train
Images/Training/cucumber_3/r0_208.jpg,cucumber_3,train
Images/Training/cucumber_3/r0_210.jpg,cucumber_3,train
Images/Training/cucumber_3/r0_212.jpg,cucumber_3,train
Images/Training/cucumber_3/r0_214.jpg,cucumber_3,train
Images/Training/cucumber_3/r0_216.jpg,cucumber_3,train
Images/Training/cucumber_3/r0_218.jpg,cucumber_3,train
Images/Training/cucumber_3/r0_22.jpg,cucumber_3,train
Images/Training/cucumber_3/r0_220.jpg,cucumber_3,train
Images/Training/cucumber_3/r0_222.jpg,cucumber_3,train
Images/Training/cucumber_3/r0_224.jpg,cucumber_3,train
Images/Training/cucumber_3/r0_226.jpg,cucumber_3,train
Images/Training/cucumber_3/r0_228.jpg,cucumber_3,val
Images/Training/cucumber_3/r0_230.jpg,cucumber_3,val
Images/Training/cucumber_3/r0_232.jpg,cucumber_3,val
Images/Training/cucumber_3/r0_234.jpg,cucumber_3,val
Images/Training/cucumber_3/r0_236.jpg,cucumber_3,val
Images/Training/cucumber_3/r0_238.jpg,cucumber_3,val
Images/Training/cucumber_3/r0_24.jpg,cucumber_3,train
Images/Training/cucumber_3/r0_240.jpg,cucumber_3,val
Images/Training/cucumber_3/r0_242.jpg,cucumber_3,val
Images/Training/cucumber_3/r0_244.jpg,cucumber_3,val
Images/Training/cucumber_3/r0_246.jpg,cucumber_3,val
Images/Training/cucumber_3/r0_248.jpg,cucumber_3,val
Images/Training/cucumber_3/r0_250.jpg,cucumber_3,val
Images/Training/cucumber_3/r0_252.jpg,cucumber_3,val
Images/Training/cucumber_3/r0_254.jpg,cucumber_3,val
Images/Training/cucumber_3/r0_256.jpg,cucumber_3,val
Images/Training/cucumber_3/r0_258.jpg,cucumber_3,val
Images/Training/cucumber_3/r0_26.jpg,cucumber_3,train
Images/Training/cucumber_3/r0_260.jpg,cucumber_3,val
Images/Training/cucumber_3/r0_262.jpg,cucumber_3,val
Images/Training/cucumber_3/r0_264.jpg,cucumber_3,val
Images/Training/cucumber_3/r0_266.jpg,cucumber_3,val
Images/Training/cucumber_3/r0_268.jpg,cucumber_3,val
Images/Training/cucumber_3/r0_270.jpg,cucumber_3,val
Images/Training/cucumber_3/r0_272.jpg,cucumber_3,val
Images/Training/cucumber_3/r0_274.jpg,cucumber_3,val
Images/Training/cucumber_3/r0_276.jpg,cucumber_3,test
Images/Training/cucumber_3/r0_278.jpg,cucumber_3,test
Images/Training/cucumber_3/r0_28.jpg,cucumber_3,train
Images/Training/cucumber_3/r0_280.jpg,cucumber_3,test
Images/Training/cucumber_3/r0_282.jpg,cucumber_3,test
Images/Training/cucumber_3/r0_284.jpg,cucumber_3,test
Images/Training/cucumber_3/r0_286.jpg,cucumber_3,test
Images/Training/cucumber_3/r0_288.jpg,cucumber_3,test
Images/Training/cucumber_3/r0_290.jpg,cucumber_3,test
Images/Training/cucumber_3/r0_292.jpg,cucumber_3,test
Images/Training/cucumber_3/r0_294.jpg,cucumber_3,test
Images/Training/cucumber_3/r0_296.jpg,cucumber_3,test
Images/Training/cucumber_3/r0_298.jpg,cucumber_3,test
Images/Training/cucumber_3/r0_30.jpg,cucumber_3,train
Images/Training/cucumber_3/r0_300.jpg,cucumber_3,test
Images/Training/cucumber_3/r0_302.jpg,cucumber_3,test
Images/Training/cucumber_3/r0_304.jpg,cucumber_3,test
Images/Training/cucumber_3/r0_306.jpg,cucumber_3,test
Images/Training/cucumber_3/r0_308.jpg,cucumber_3,test
Images/Training/cucumber_3/r0_310.jpg,cucumber_3,test
Images/Training/cucumber_3/r0_312.jpg,cucumber_3,test
Images/Training/cucumber_3/r0_314.jpg,cucumber_3,test
Images/Training/cucumber_3/r0_316.jpg,cucumber_3,test
Images/Training/cucumber_3/r0_318.jpg,cucumber_3,test
Images/Training/cucumber_3/r0_32.jpg,cucumber_3,train
Images/Training/cucumber_3/r0_320.jpg,cucumber_3,test
Images/Training/cucumber_3/r0_322.jpg,cucumber_3,test
Images/Training/cucumber_3/r0_324.jpg,cucumber_3,test
Images/Training/cucumber_3/r0_34.jpg,cucumber_3,train
Images/Training/cucumber_3/r0_36.jpg,cucumber_3,train
Images/Training/cucumber_3/r0_38.jpg,cucumber_3,train
Images/Training/cucumber_3/r0_4.jpg,cucumber_3,train
Images/Training/cucumber_3/r0_40.jpg,cucumber_3,train
Images/Training/cucumber_3/r0_42.jpg,cucumber_3,train
Images/Training/cucumber_3/r0_44.jpg,cucumber_3,train
Images/Training/cucumber_3/r0_46.jpg,cucumber_3,train
Images/Training/cucumber_3/r0_48.jpg,cucumber_3,train
Images/Training/cucumber_3/r0_50.jpg,cucumber_3,train
Images/Training/cucumber_3/r0_52.jpg,cucumber_3,train
Images/Training/cucumber_3/r0_54.jpg,cucumber_3,train
Images/Training/cucumber_3/r0_56.jpg,cucumber_3,train
Images/Training/cucumber_3/r0_58.jpg,cucumber_3,train
Images/Training/cucumber_3/r0_6.jpg,cucumber_3,train
Images/Training/cucumber_3/r0_60.jpg,cucumber_3,train
Images/Training/cucumber_3/r0_62.jpg,cucumber_3,train
Images/Training/cucumber_3/r0_64.jpg,cucumber_3,train
Images/Training/cucumber_3/r0_66.jpg,cucumber_3,train
Images/Training/cucumber_3/r0_68.jpg,cucumber_3,train
Images/Training/cucumber_3/r0_70.jpg,cucumber_3,train
Images/Training/cucumber_3/r0_72.jpg,cucumber_3,train
Images/Training/cucumber_3/r0_74.jpg,cucumber_3,train
Images/Training/cucumber_3/r0_76.jpg,cucumber_3,train
Images/Training/cucumber_3/r0_78.jpg,cucumber_3,train
Images/Training/cucumber_3/r0_8.jpg,cucumber_3,train
Images/Training/cucumber_3/r0_80.jpg,cucumber_3,train
Images/Training/cucumber_3/r0_82.jpg,cucumber_3,train
Images/Training/cucumber_3/r0_84.jpg,cucumber_3,train
Images/Training/cucumber_3/r0_86.jpg,cucumber_3,train
Images/Training/cucumber_3/r0_88.jpg,cucumber_3,train
Images/Training/cucumber_3/r0_90.jpg,cucumber_3,train
Images/Training/cucumber_3/r0_92.jpg,cucumber_3,train
Images/Training/cucumber_3/r0_94.jpg,cucumber_3,train
Images/Training/cucumber_3/r0_96.jpg,cucumber_3,train
Images/Training/cucumber_3/r0_98.jpg,cucumber_3,train
Images/Training/eggplant_violet_1/r0_0.jpg,eggplant_violet_1,train
Images/Training/eggplant_violet_1/r0_10.jpg,eggplant_violet_1,train
Images/Training/eggplant_violet_1/r0_100.jpg,eggplant_violet_1,train
Images/Training/eggplant_violet_1/r0_102.jpg,eggplant_violet_1,train
Images/Training/eggplant_violet_1/r0_104.jpg,eggplant_violet_1,train
Images/Training/eggplant_violet_1/r0_106.jpg,eggplant_violet_1,train
Images/Training/eggplant_violet_1/r0_108.jpg,eggplant_violet_1,train
Images/Training/eggplant_violet_1/r0_110.jpg,eggplant_violet_1,train
Images/Training/eggplant_violet_1/r0_112.jpg,eggplant_violet_1,train
Images/Training/eggplant_violet_1/r0_114.jpg,eggplant_violet_1,train
Images/Training/eggplant_violet_1/r0_116.jpg,eggplant_violet_1,train
Images/Training/eggplant_violet_1/r0_118.jpg,eggplant_violet_1,train
Images/Training/eggplant_violet_1/r0_12.jpg,eggplant_violet_1,train
Images/Training/eggplant_violet_1/r0_120.jpg,eggplant_violet_1,train
Images/Training/eggplant_violet_1/r0_122.jpg,eggplant_violet_1,train
Images/Training/eggplant_violet_1/r0_124.jpg,eggplant_violet_1,train
Images/Training/eggplant_violet_1/r0_126.jpg,eggplant_violet_1,train
Images/Training/eggplant_violet_1/r0_128.jpg,eggplant_violet_1,train
Images/Training/eggplant_violet_1/r0_130.jpg,eggplant_violet_1,train
Images/Training/eggplant_violet_1/r0_132.jpg,eggplant_violet_1,train
Images/Training/eggplant_violet_1/r0_134.jpg,eggplant_violet_1,train
Images/Training/eggplant_violet_1/r0_136.jpg,eggplant_violet_1,train
Images/Training/eggplant_violet_1/r0_138.jpg,eggplant_violet_1,train
Images/Training/eggplant_violet_1/r0_14.jpg,eggplant_violet_1,train
Images/Training/eggplant_violet_1/r0_140.jpg,eggplant_violet_1,train
Images/Training/eggplant_violet_1/r0_142.jpg,eggplant_violet_1,train
Images/Training/eggplant_violet_1/r0_144.jpg,eggplant_violet_1,train
Images/Training/eggplant_violet_1/r0_146.jpg,eggplant_violet_1,train
Images/Training/eggplant_violet_1/r0_148.jpg,eggplant_violet_1,train
Images/Training/eggplant_violet_1/r0_150.jpg,eggplant_violet_1,train
Images/Training/eggplant_violet_1/r0_152.jpg,eggplant_violet_1,train
Images/Training/eggplant_violet_1/r0_154.jpg,eggplant_violet_1,train
Images/Training/eggplant_violet_1/r0_156.jpg,eggplant_violet_1,train
Images/Training/eggplant_violet_1/r0_158.jpg,eggplant_violet_1,train
Images/Training/eggplant_violet_1/r0_16.jpg,eggplant_violet_1,train
Images/Training/eggplant_violet_1/r0_160.jpg,eggplant_violet_1,train
Images/Training/eggplant_violet_1/r0_162.jpg,eggplant_violet_1,train
Images/Training/eggplant_violet_1/r0_164.jpg,eggplant_violet_1,train
Images/Training/eggplant_violet_1/r0_166.jpg,eggplant_violet_1,train
Images/Training/eggplant_violet_1/r0_168.jpg,eggplant_violet_1,train
Images/Training/eggplant_violet_1/r0_170.jpg,eggplant_violet_1,train
Images/Training/eggplant_violet_1/r0_172.jpg,eggplant_violet_1,train
Images/Training/eggplant_violet_1/r0_174.jpg,eggplant_violet_1,train
Images/Training/eggplant_violet_1/r0_176.jpg,eggplant_violet_1,train
Images/Training/eggplant_violet_1/r0_178.jpg,eggplant_violet_1,train
Images/Training/eggplant_violet_1/r0_18.jpg,eggplant_violet_1,train
Images/Training/eggplant_violet_1/r0_180.jpg,eggplant_violet_1,train
Images/Training/eggplant_violet_1/r0_182.jpg,eggplant_violet_1,train
Images/Training/eggplant_violet_1/r0_184.jpg,eggplant_violet_1,train
Images/Training/eggplant_violet_1/r0_186.jpg,eggplant_violet_1,train
Images/Training/eggplant_violet_1/r0_188.jpg,eggplant_violet_1,train
Images/Training/eggplant_violet_1/r0_190.jpg,eggplant_violet_1,train
Images/Training/eggplant_violet_1/r0_192.jpg,eggplant_violet_1,train
Images/Training/eggplant_violet_1/r0_194.jpg,eggplant_violet_1,train
Images/Training/eggplant_violet_1/r0_196.jpg,eggplant_violet_1,train
Images/Training/eggplant_violet_1/r0_198.jpg,eggplant_violet_1,train
Images/Training/eggplant_violet_1/r0_2.jpg,eggplant_violet_1,train
Images/Training/eggplant_violet_1/r0_20.jpg,eggplant_violet_1,train
Images/Training/eggplant_violet_1/r0_200.jpg,eggplant_violet_1,train
Images/Training/eggplant_violet_1/r0_202.jpg,eggplant_violet_1,train
Images/Training/eggplant_violet_1/r0_204.jpg,eggplant_violet_1,train
Images/Training/eggplant_violet_1/r0_206.jpg,eggplant_violet_1,train
Images/Training/eggplant_violet_1/r0_208.jpg,eggplant_violet_1,train
Images/Training/eggplant_violet_1/r0_210.jpg,eggplant_violet_1,train
Images/Training/eggplant_violet_1/r0_212.jpg,eggplant_violet_1,train
Images/Training/eggplant_violet_1/r0_214.jpg,eggplant_violet_1,train
Images/Training/eggplant_violet_1/r0_216.jpg,eggplant_violet_1,train
Images/Training/eggplant_violet_1/r0_218.jpg,eggplant_violet_1,train
Images/Training/eggplant_violet_1/r0_22.jpg,eggplant_violet_1,train
Images/Training/eggplant_violet_1/r0_220.jpg,eggplant_violet_1,train
Images/Training/eggplant_violet_1/r0_222.jpg,eggplant_violet_1,train
Images/Training/eggplant_violet_1/r0_224.jpg,eggplant_violet_1,val
Images/Training/eggplant_violet_1/r0_226.jpg,eggplant_violet_1,val
Images/Training/eggplant_violet_1/r0_228.jpg,eggplant_violet_1,val
Images/Training/eggplant_violet_1/r0_230.jpg,eggplant_violet_1,val
Images/Training/eggplant_violet_1/r0_232.jpg,eggplant_violet_1,val
Images/Training/eggplant_violet_1/r0_234.jpg,eggplant_violet_1,val
Images/Training/eggplant_violet_1/r0_236.jpg,eggplant_violet_1,val
Images/Training/eggplant_violet_1/r0_238.jpg,eggplant_violet_1,val
Images/Training/eggplant_violet_1/r0_24.jpg,eggplant_violet_1,train
Images/Training/eggplant_violet_1/r0_240.jpg,eggplant_violet_1,val
Images/Training/eggplant_violet_1/r0_242.jpg,eggplant_violet_1,val
Images/Training/eggplant_violet_1/r0_244.jpg,eggplant_violet_1,val
Images/Training/eggplant_violet_1/r0_246.jpg,eggplant_violet_1,val
Images/Training/eggplant_violet_1/r0_248.jpg,eggplant_violet_1,val
Images/Training/eggplant_violet_1/r0_250.jpg,eggplant_violet_1,val
Images/Training/eggplant_violet_1/r0_252.jpg,eggplant_violet_1,val
Images/Training/eggplant_violet_1/r0_254.jpg,eggplant_violet_1,val
Images/Training/eggplant_violet_1/r0_256.jpg,eggplant_violet_1,val
Images/Training/eggplant_violet_1/r0_258.jpg,eggplant_violet_1,val
Images/Training/eggplant_violet_1/r0_26.jpg,eggplant_violet_1,train
Images/Training/eggplant_violet_1/r0_260.jpg,eggplant_violet_1,val
Images/Training/eggplant_violet_1/r0_262.jpg,eggplant_violet_1,val
Images/Training/eggplant_violet_1/r0_264.jpg,eggplant_violet_1,val
Images/Training/eggplant_violet_1/r0_266.jpg,eggplant_violet_1,val
Images/Training/eggplant_violet_1/r0_268.jpg,eggplant_violet_1,val
Images/Training/eggplant_violet_1/r0_270.jpg,eggplant_violet_1,val
Images/Training/eggplant_violet_1/r0_272.jpg,eggplant_violet_1,test
Images/Training/eggplant_violet_1/r0_274.jpg,eggplant_violet_1,test
Images/Training/eggplant_violet_1/r0_276.jpg,eggplant_violet_1,test
Images/Training/eggplant_violet_1/r0_278.jpg,eggplant_violet_1,test
Images/Training/eggplant_violet_1/r0_28.jpg,eggplant_violet_1,train
Images/Training/eggplant_violet_1/r0_280.jpg,eggplant_violet_1,test
Images/Training/eggplant_violet_1/r0_282.jpg,eggplant_violet_1,test
Images/Training/eggplant_violet_1/r0_284.jpg,eggplant_violet_1,test
Images/Training/eggplant_violet_1/r0_286.jpg,eggplant_violet_1,test
Images/Training/eggplant_violet_1/r0_288.jpg,eggplant_violet_1,test
Images/Training/eggplant_violet_1/r0_290.jpg,eggplant_violet_1,test
Images/Training/eggplant_violet_1/r0_292.jpg,eggplant_violet_1,test
Images/Training/eggplant_violet_1/r0_294.jpg,eggplant_violet_1,test
Images/Training/eggplant_violet_1/r0_296.jpg,eggplant_violet_1,test
Images/Training/eggplant_violet_1/r0_298.jpg,eggplant_violet_1,test
Images/Training/eggplant_violet_1/r0_30.jpg,eggplant_violet_1,train
Images/Training/eggplant_violet_1/r0_300.jpg,eggplant_violet_1,test
Images/Training/eggplant_violet_1/r0_302.jpg,eggplant_violet_1,test
Images/Training/eggplant_violet_1/r0_304.jpg,eggplant_violet_1,test
Images/Training/eggplant_violet_1/r0_306.jpg,eggplant_violet_1,test
Images/Training/eggplant_violet_1/r0_308.jpg,eggplant_violet_1,test
Images/Training/eggplant_violet_1/r0_310.jpg,eggplant_violet_1,test
Images/Training/eggplant_violet_1/r0_312.jpg,eggplant_violet_1,test
Images/Training/eggplant_violet_1/r0_314.jpg,eggplant_violet_1,test
Images/Training/eggplant_violet_1/r0_316.jpg,eggplant_violet_1,test
Images/Training/eggplant_violet_1/r0_318.jpg,eggplant_violet_1,test
Images/Training/eggplant_violet_1/r0_32.jpg,eggplant_violet_1,train
Images/Training/eggplant_violet_1/r0_34.jpg,eggplant_violet_1,train
Images/Training/eggplant_violet_1/r0_36.jpg,eggplant_violet_1,train
Images/Training/eggplant_violet_1/r0_38.jpg,eggplant_violet_1,train
Images/Training/eggplant_violet_1/r0_4.jpg,eggplant_violet_1,train
Images/Training/eggplant_violet_1/r0_40.jpg,eggplant_violet_1,train
Images/Training/eggplant_violet_1/r0_42.jpg,eggplant_violet_1,train
Images/Training/eggplant_violet_1/r0_44.jpg,eggplant_violet_1,train
Images/Training/eggplant_violet_1/r0_46.jpg,eggplant_violet_1,train
Images/Training/eggplant_violet_1/r0_48.jpg,eggplant_violet_1,train
Images/Training/eggplant_violet_1/r0_50.jpg,eggplant_violet_1,train
Images/Training/eggplant_violet_1/r0_52.jpg,eggplant_violet_1,train
Images/Training/eggplant_violet_1/r0_54.jpg,eggplant_violet_1,train
Images/Training/eggplant_violet_1/r0_56.jpg,eggplant_violet_1,train
Images/Training/eggplant_violet_1/r0_58.jpg,eggplant_violet_1,train
Images/Training/eggplant_violet_1/r0_6.jpg,eggplant_violet_1,train
Images/Training/eggplant_violet_1/r0_60.jpg,eggplant_violet_1,train
Images/Training/eggplant_violet_1/r0_62.jpg,eggplant_violet_1,train
Images/Training/eggplant_violet_1/r0_64.jpg,eggplant_violet_1,train
Images/Training/eggplant_violet_1/r0_66.jpg,eggplant_violet_1,train
Images/Training/eggplant_violet_1/r0_68.jpg,eggplant_violet_1,train
Images/Training/eggplant_violet_1/r0_70.jpg,eggplant_violet_1,train
Images/Training/eggplant_violet_1/r0_72.jpg,eggplant_violet_1,train
Images/Training/eggplant_violet_1/r0_74.jpg,eggplant_violet_1,train
Images/Training/eggplant_violet_1/r0_76.jpg,eggplant_violet_1,train
Images/Training/eggplant_violet_1/r0_78.jpg,eggplant_violet_1,train
Images/Training/eggplant_violet_1/r0_8.jpg,eggplant_violet_1,train
Images/Training/eggplant_violet_1/r0_80.jpg,eggplant_violet_1,train
Images/Training/eggplant_violet_1/r0_82.jpg,eggplant_violet_1,train
Images/Training/eggplant_violet_1/r0_84.jpg,eggplant_violet_1,train
Images/Training/eggplant_violet_1/r0_86.jpg,eggplant_violet_1,train
Images/Training/eggplant_violet_1/r0_88.jpg,eggplant_violet_1,train
Images/Training/eggplant_violet_1/r0_90.jpg,eggplant_violet_1,train
Images/Training/eggplant_violet_1/r0_92.jpg,eggplant_violet_1,train
Images/Training/eggplant_violet_1/r0_94.jpg,eggplant_violet_1,train
Images/Training/eggplant_violet_1/r0_96.jpg,eggplant_violet_1,train
Images/Training/eggplant_violet_1/r0_98.jpg,eggplant_violet_1,train
Images/Training/pear_1/r0_0.jpg,pear_1,train
Images/Training/pear_1/r0_10.jpg,pear_1,train
Images/Training/pear_1/r0_100.jpg,pear_1,train
Images/Training/pear_1/r0_102.jpg,pear_1,train
Images/Training/pear_1/r0_104.jpg,pear_1,train
Images/Training/pear_1/r0_106.jpg,pear_1,train
Images/Training/pear_1/r0_108.jpg,pear_1,train
Images/Training/pear_1/r0_110.jpg,pear_1,train
Images/Training/pear_1/r0_112.jpg,pear_1,train
Images/Training/pear_1/r0_114.jpg,pear_1,train
Images/Training/pear_1/r0_116.jpg,pear_1,train
Images/Training/pear_1/r0_118.jpg,pear_1,train
Images/Training/pear_1/r0_12.jpg,pear_1,train
Images/Training/pear_1/r0_120.jpg,pear_1,train
Images/Training/pear_1/r0_122.jpg,pear_1,train
Images/Training/pear_1/r0_124.jpg,pear_1,train
Images/Training/pear_1/r0_126.jpg,pear_1,train
Images/Training/pear_1/r0_128.jpg,pear_1,train
Images/Training/pear_1/r0_130.jpg,pear_1,train
Images/Training/pear_1/r0_132.jpg,pear_1,train
Images/Training/pear_1/r0_134.jpg,pear_1,train
Images/Training/pear_1/r0_136.jpg,pear_1,train
Images/Training/pear_1/r0_138.jpg,pear_1,train
Images/Training/pear_1/r0_14.jpg,pear_1,train
Images/Training/pear_1/r0_140.jpg,pear_1,train
Images/Training/pear_1/r0_142.jpg,pear_1,train
Images/Training/pear_1/r0_144.jpg,pear_1,train
Images/Training/pear_1/r0_146.jpg,pear_1,train
Images/Training/pear_1/r0_148.jpg,pear_1,train
Images/Training/pear_1/r0_150.jpg,pear_1,train
Images/Training/pear_1/r0_152.jpg,pear_1,train
Images/Training/pear_1/r0_154.jpg,pear_1,train
Images/Training/pear_1/r0_156.jpg,pear_1,train
Images/Training/pear_1/r0_158.jpg,pear_1,train
Images/Training/pear_1/r0_16.jpg,pear_1,train
Images/Training/pear_1/r0_160.jpg,pear_1,train
Images/Training/pear_1/r0_162.jpg,pear_1,train
Images/Training/pear_1/r0_164.jpg,pear_1,train
Images/Training/pear_1/r0_166.jpg,pear_1,train
Images/Training/pear_1/r0_168.jpg,pear_1,train
Images/Training/pear_1/r0_170.jpg,pear_1,train
Images/Training/pear_1/r0_172.jpg,pear_1,train
Images/Training/pear_1/r0_174.jpg,pear_1,train
Images/Training/pear_1/r0_176.jpg,pear_1,train
Images/Training/pear_1/r0_178.jpg,pear_1,train
Images/Training/pear_1/r0_18.jpg,pear_1,train
Images/Training/pear_1/r0_180.jpg,pear_1,train
Images/Training/pear_1/r0_182.jpg,pear_1,train
Images/Training/pear_1/r0_184.jpg,pear_1,train
Images/Training/pear_1/r0_186.jpg,pear_1,train
Images/Training/pear_1/r0_188.jpg,pear_1,train
Images/Training/pear_1/r0_190.jpg,pear_1,train
Images/Training/pear_1/r0_192.jpg,pear_1,train
Images/Training/pear_1/r0_194.jpg,pear_1,train
Images/Training/pear_1/r0_196.jpg,pear_1,train
Images/Training/pear_1/r0_198.jpg,pear_1,train
Images/Training/pear_1/r0_2.jpg,pear_1,train
Images/Training/pear_1/r0_20.jpg,pear_1,train
Images/Training/pear_1/r0_200.jpg,pear_1,train
Images/Training/pear_1/r0_202.jpg,pear_1,train
Images/Training/pear_1/r0_204.jpg,pear_1,train
Images/Training/pear_1/r0_206.jpg,pear_1,train
Images/Training/pear_1/r0_208.jpg,pear_1,train
Images/Training/pear_1/r0_210.jpg,pear_1,train
Images/Training/pear_1/r0_212.jpg,pear_1,train
Images/Training/pear_1/r0_214.jpg,pear_1,train
Images/Training/pear_1/r0_216.jpg,pear_1,train
Images/Training/pear_1/r0_218.jpg,pear_1,train
Images/Training/pear_1/r0_22.jpg,pear_1,train
Images/Training/pear_1/r0_220.jpg,pear_1,train
Images/Training/pear_1/r0_222.jpg,pear_1,train
Images/Training/pear_1/r0_224.jpg,pear_1,train
Images/Training/pear_1/r0_226.jpg,pear_1,train
Images/Training/pear_1/r0_228.jpg,pear_1,val
Images/Training/pear_1/r0_230.jpg,pear_1,val
Images/Training/pear_1/r0_232.jpg,pear_1,val
Images/Training/pear_1/r0_234.jpg,pear_1,val
Images/Training/pear_1/r0_236.jpg,pear_1,val
Images/Training/pear_1/r0_238.jpg,pear_1,val
Images/Training/pear_1/r0_24.jpg,pear_1,train
Images/Training/pear_1/r0_240.jpg,pear_1,val
Images/Training/pear_1/r0_242.jpg,pear_1,val
Images/Training/pear_1/r0_244.jpg,pear_1,val
Images/Training/pear_1/r0_246.jpg,pear_1,val
Images/Training/pear_1/r0_248.jpg,pear_1,val
Images/Training/pear_1/r0_250.jpg,pear_1,val
Images/Training/pear_1/r0_252.jpg,pear_1,val
Images/Training/pear_1/r0_254.jpg,pear_1,val
Images/Training/pear_1/r0_256.jpg,pear_1,val
Images/Training/pear_1/r0_258.jpg,pear_1,val
Images/Training/pear_1/r0_26.jpg,pear_1,train
Images/Training/pear_1/r0_260.jpg,pear_1,val
Images/Training/pear_1/r0_262.jpg,pear_1,val
Images/Training/pear_1/r0_264.jpg,pear_1,val
Images/Training/pear_1/r0_266.jpg,pear_1,val
Images/Training/pear_1/r0_268.jpg,pear_1,val
Images/Training/pear_1/r0_270.jpg,pear_1,val
Images/Training/pear_1/r0_272.jpg,pear_1,val
Images/Training/pear_1/r0_274.jpg,pear_1,val
Images/Training/pear_1/r0_276.jpg,pear_1,test
Images/Training/pear_1/r0_278.jpg,pear_1,test
Images/Training/pear_1/r0_28.jpg,pear_1,train
Images/Training/pear_1/r0_280.jpg,pear_1,test
Images/Training/pear_1/r0_282.jpg,pear_1,test
Images/Training/pear_1/r0_284.jpg,pear_1,test
Images/Training/pear_1/r0_286.jpg,pear_1,test
Images/Training/pear_1/r0_288.jpg,pear_1,test
Images/Training/pear_1/r0_290.jpg,pear_1,test
Images/Training/pear_1/r0_292.jpg,pear_1,test
Images/Training/pear_1/r0_294.jpg,pear_1,test
Images/Training/pear_1/r0_296.jpg,pear_1,test
Images/Training/pear_1/r0_298.jpg,pear_1,test
Images/Training/pear_1/r0_30.jpg,pear_1,train
Images/Training/pear_1/r0_300.jpg,pear_1,test
Images/Training/pear_1/r0_302.jpg,pear_1,test
Images/Training/pear_1/r0_304.jpg,pear_1,test
Images/Training/pear_1/r0_306.jpg,pear_1,test
Images/Training/pear_1/r0_308.jpg,pear_1,test
Images/Training/pear_1/r0_310.jpg,pear_1,test
Images/Training/pear_1/r0_312.jpg,pear_1,test
Images/Training/pear_1/r0_314.jpg,pear_1,test
Images/Training/pear_1/r0_316.jpg,pear_1,test
Images/Training/pear_1/r0_318.jpg,pear_1,test
Images/Training/pear_1/r0_32.jpg,pear_1,train
Images/Training/pear_1/r0_320.jpg,pear_1,test
Images/Training/pear_1/r0_322.jpg,pear_1,test
Images/Training/pear_1/r0_324.jpg,pear_1,test
Images/Training/pear_1/r0_34.jpg,pear_1,train
Images/Training/pear_1/r0_36.jpg,pear_1,train
Images/Training/pear_1/r0_38.jpg,pear_1,train
Images/Training/pear_1/r0_4.jpg,pear_1,train
Images/Training/pear_1/r0_40.jpg,pear_1,train
Images/Training/pear_1/r0_42.jpg,pear_1,train
Images/Training/pear_1/r0_44.jpg,pear_1,train
Images/Training/pear_1/r0_46.jpg,pear_1,train
Images/Training/pear_1/r0_48.jpg,pear_1,train
Images/Training/pear_1/r0_50.jpg,pear_1,train
Images/Training/pear_1/r0_52.jpg,pear_1,train
Images/Training/pear_1/r0_54.jpg,pear_1,train
Images/Training/pear_1/r0_56.jpg,pear_1,train
Images/Training/pear_1/r0_58.jpg,pear_1,train
Images/Training/pear_1/r0_6.jpg,pear_1,train
Images/Training/pear_1/r0_60.jpg,pear_1,train
Images/Training/pear_1/r0_62.jpg,pear_1,train
Images/Training/pear_1/r0_64.jpg,pear_1,train
Images/Training/pear_1/r0_66.jpg,pear_1,train
Images/Training/pear_1/r0_68.jpg,pear_1,train
Images/Training/pear_1/r0_70.jpg,pear_1,train
Images/Training/pear_1/r0_72.jpg,pear_1,train
Images/Training/pear_1/r0_74.jpg,pear_1,train
Images/Training/pear_1/r0_76.jpg,pear_1,train
Images/Training/pear_1/r0_78.jpg,pear_1,train
Images/Training/pear_1/r0_8.jpg,pear_1,train
Images/Training/pear_1/r0_80.jpg,pear_1,train
Images/Training/pear_1/r0_82.jpg,pear_1,train
Images/Training/pear_1/r0_84.jpg,pear_1,train
Images/Training/pear_1/r0_86.jpg,pear_1,train
Images/Training/pear_1/r0_88.jpg,pear_1,train
Images/Training/pear_1/r0_90.jpg,pear_1,train
Images/Training/pear_1/r0_92.jpg,pear_1,train
Images/Training/pear_1/r0_94.jpg,pear_1,train
Images/Training/pear_1/r0_96.jpg,pear_1,train
Images/Training/pear_1/r0_98.jpg,pear_1,train
Images/Training/pear_1/r1_0.jpg,pear_1,train
Images/Training/pear_1/r1_10.jpg,pear_1,train
Images/Training/pear_1/r1_100.jpg,pear_1,train
Images/Training/pear_1/r1_102.jpg,pear_1,train
Images/Training/pear_1/r1_104.jpg,pear_1,train
Images/Training/pear_1/r1_106.jpg,pear_1,train
Images/Training/pear_1/r1_108.jpg,pear_1,train
Images/Training/pear_1/r1_110.jpg,pear_1,train
Images/Training/pear_1/r1_112.jpg,pear_1,train
Images/Training/pear_1/r1_114.jpg,pear_1,train
Images/Training/pear_1/r1_116.jpg,pear_1,train
Images/Training/pear_1/r1_118.jpg,pear_1,train
Images/Training/pear_1/r1_12.jpg,pear_1,train
Images/Training/pear_1/r1_120.jpg,pear_1,train
Images/Training/pear_1/r1_122.jpg,pear_1,train
Images/Training/pear_1/r1_124.jpg,pear_1,train
Images/Training/pear_1/r1_126.jpg,pear_1,train
Images/Training/pear_1/r1_128.jpg,pear_1,train
Images/Training/pear_1/r1_130.jpg,pear_1,train
Images/Training/pear_1/r1_132.jpg,pear_1,train
Images/Training/pear_1/r1_134.jpg,pear_1,train
Images/Training/pear_1/r1_136.jpg,pear_1,train
Images/Training/pear_1/r1_138.jpg,pear_1,train
Images/Training/pear_1/r1_14.jpg,pear_1,train
Images/Training/pear_1/r1_140.jpg,pear_1,train
Images/Training/pear_1/r1_142.jpg,pear_1,train
Images/Training/pear_1/r1_144.jpg,pear_1,train
Images/Training/pear_1/r1_146.jpg,pear_1,train
Images/Training/pear_1/r1_148.jpg,pear_1,train
Images/Training/pear_1/r1_150.jpg,pear_1,train
Images/Training/pear_1/r1_152.jpg,pear_1,train
Images/Training/pear_1/r1_154.jpg,pear_1,train
Images/Training/pear_1/r1_156.jpg,pear_1,train
Images/Training/pear_1/r1_158.jpg,pear_1,train
Images/Training/pear_1/r1_16.jpg,pear_1,train
Images/Training/pear_1/r1_160.jpg,pear_1,train
Images/Training/pear_1/r1_162.jpg,pear_1,train
Images/Training/pear_1/r1_164.jpg,pear_1,train
Images/Training/pear_1/r1_166.jpg,pear_1,train
Images/Training/pear_1/r1_168.jpg,pear_1,train
Images/Training/pear_1/r1_170.jpg,pear_1,train
Images/Training/pear_1/r1_172.jpg,pear_1,train
Images/Training/pear_1/r1_174.jpg,pear_1,train
Images/Training/pear_1/r1_176.jpg,pear_1,train
Images/Training/pear_1/r1_178.jpg,pear_1,train
Images/Training/pear_1/r1_18.jpg,pear_1,train
Images/Training/pear_1/r1_180.jpg,pear_1,train
Images/Training/pear_1/r1_182.jpg,pear_1,train
Images/Training/pear_1/r1_184.jpg,pear_1,train
Images/Training/pear_1/r1_186.jpg,pear_1,train
Images/Training/pear_1/r1_188.jpg,pear_1,train
Images/Training/pear_1/r1_190.jpg,pear_1,train
Images/Training/pear_1/r1_192.jpg,pear_1,train
Images/Training/pear_1/r1_194.jpg,pear_1,train
Images/Training/pear_1/r1_196.jpg,pear_1,train
Images/Training/pear_1/r1_198.jpg,pear_1,train
Images/Training/pear_1/r1_2.jpg,pear_1,train
Images/Training/pear_1/r1_20.jpg,pear_1,train
Images/Training/pear_1/r1_200.jpg,pear_1,train
Images/Training/pear_1/r1_202.jpg,pear_1,train
Images/Training/pear_1/r1_204.jpg,pear_1,train
Images/Training/pear_1/r1_206.jpg,pear_1,train
Images/Training/pear_1/r1_208.jpg,pear_1,train
Images/Training/pear_1/r1_210.jpg,pear_1,train
Images/Training/pear_1/r1_212.jpg,pear_1,train
Images/Training/pear_1/r1_214.jpg,pear_1,train
Images/Training/pear_1/r1_216.jpg,pear_1,train
Images/Training/pear_1/r1_218.jpg,pear_1,train
Images/Training/pear_1/r1_22.jpg,pear_1,train
Images/Training/pear_1/r1_220.jpg,pear_1,train
Images/Training/pear_1/r1_222.jpg,pear_1,train
Images/Training/pear_1/r1_224.jpg,pear_1,train
Images/Training/pear_1/r1_226.jpg,pear_1,train
Images/Training/pear_1/r1_228.jpg,pear_1,val
Images/Training/pear_1/r1_230.jpg,pear_1,val
Images/Training/pear_1/r1_232.jpg,pear_1,val
Images/Training/pear_1/r1_234.jpg,pear_1,val
Images/Training/pear_1/r1_236.jpg,pear_1,val
Images/Training/pear_1/r1_238.jpg,pear_1,val
Images/Training/pear_1/r1_24.jpg,pear_1,train
Images/Training/pear_1/r1_240.jpg,pear_1,val
Images/Training/pear_1/r1_242.jpg,pear_1,val
Images/Training/pear_1/r1_244.jpg,pear_1,val
Images/Training/pear_1/r1_246.jpg,pear_1,val
Images/Training/pear_1/r1_248.jpg,pear_1,val
Images/Training/pear_1/r1_250.jpg,pear_1,val
Images/Training/pear_1/r1_252.jpg,pear_1,val
Images/Training/pear_1/r1_254.jpg,pear_1,val
Images/Training/pear_1/r1_256.jpg,pear_1,val
Images/Training/pear_1/r1_258.jpg,pear_1,val
Images/Training/pear_1/r1_26.jpg,pear_1,train
Images/Training/pear_1/r1_260.jpg,pear_1,val
Images/Training/pear_1/r1_262.jpg,pear_1,val
Images/Training/pear_1/r1_264.jpg,pear_1,val
Images/Training/pear_1/r1_266.jpg,pear_1,val
Images/Training/pear_1/r1_268.jpg,pear_1,val
Images/Training/pear_1/r1_270.jpg,pear_1,val
Images/Training/pear_1/r1_272.jpg,pear_1,val
Images/Training/pear_1/r1_274.jpg,pear_1,val
Images/Training/pear_1/r1_276.jpg,pear_1,test
Images/Training/pear_1/r1_278.jpg,pear_1,test
Images/Training/pear_1/r1_28.jpg,pear_1,train
Images/Training/pear_1/r1_280.jpg,pear_1,test
Images/Training/pear_1/r1_282.jpg,pear_1,test
Images/Training/pear_1/r1_284.jpg,pear_1,test
Images/Training/pear_1/r1_286.jpg,pear_1,test
Images/Training/pear_1/r1_288.jpg,pear_1,test
Images/Training/pear_1/r1_290.jpg,pear_1,test
Images/Training/pear_1/r1_292.jpg,pear_1,test
Images/Training/pear_1/r1_294.jpg,pear_1,test
Images/Training/pear_1/r1_296.jpg,pear_1,test
Images/Training/pear_1/r1_298.jpg,pear_1,test
Images/Training/pear_1/r1_30.jpg,pear_1,train
Images/Training/pear_1/r1_300.jpg,pear_1,test
Images/Training/pear_1/r1_302.jpg,pear_1,test
Images/Training/pear_1/r1_304.jpg,pear_1,test
Images/Training/pear_1/r1_306.jpg,pear_1,test
Images/Training/pear_1/r1_308.jpg,pear_1,test
Images/Training/pear_1/r1_310.jpg,pear_1,test
Images/Training/pear_1/r1_312.jpg,pear_1,test
Images/Training/pear_1/r1_314.jpg,pear_1,test
Images/Training/pear_1/r1_316.jpg,pear_1,test
Images/Training/pear_1/r1_318.jpg,pear_1,test
Images/Training/pear_1/r1_32.jpg,pear_1,train
Images/Training/pear_1/r1_320.jpg,pear_1,test
Images/Training/pear_1/r1_322.jpg,pear_1,test
Images/Training/pear_1/r1_324.jpg,pear_1,test
Images/Training/pear_1/r1_34.jpg,pear_1,train
Images/Training/pear_1/r1_36.jpg,pear_1,train
Images/Training/pear_1/r1_38.jpg,pear_1,train
Images/Training/pear_1/r1_4.jpg,pear_1,train
Images/Training/pear_1/r1_40.jpg,pear_1,train
Images/Training/pear_1/r1_42.jpg,pear_1,train
Images/Training/pear_1/r1_44.jpg,pear_1,train
Images/Training/pear_1/r1_46.jpg,pear_1,train
Images/Training/pear_1/r1_48.jpg,pear_1,train
Images/Training/pear_1/r1_50.jpg,pear_1,train
Images/Training/pear_1/r1_52.jpg,pear_1,train
Images/Training/pear_1/r1_54.jpg,pear_1,train
Images/Training/pear_1/r1_56.jpg,pear_1,train
Images/Training/pear_1/r1_58.jpg,pear_1,train
Images/Training/pear_1/r1_6.jpg,pear_1,train
Images/Training/pear_1/r1_60.jpg,pear_1,train
Images/Training/pear_1/r1_62.jpg,pear_1,train
Images/Training/pear_1/r1_64.jpg,pear_1,train
Images/Training/pear_1/r1_66.jpg,pear_1,train
Images/Training/pear_1/r1_68.jpg,pear_1,train
Images/Training/pear_1/r1_70.jpg,pear_1,train
Images/Training/pear_1/r1_72.jpg,pear_1,train
Images/Training/pear_1/r1_74.jpg,pear_1,train
Images/Training/pear_1/r1_76.jpg,pear_1,train
Images/Training/pear_1/r1_78.jpg,pear_1,train
Images/Training/pear_1/r1_8.jpg,pear_1,train
Images/Training/pear_1/r1_80.jpg,pear_1,train
Images/Training/pear_1/r1_82.jpg,pear_1,train
Images/Training/pear_1/r1_84.jpg,pear_1,train
Images/Training/pear_1/r1_86.jpg,pear_1,train
Images/Training/pear_1/r1_88.jpg,pear_1,train
Images/Training/pear_1/r1_90.jpg,pear_1,train
Images/Training/pear_1/r1_92.jpg,pear_1,train
Images/Training/pear_1/r1_94.jpg,pear_1,train
Images/Training/pear_1/r1_96.jpg,pear_1,train
Images/Training/pear_1/r1_98.jpg,pear_1,train
Images/Training/pear_3/r0_0.jpg,pear_3,train
Images/Training/pear_3/r0_10.jpg,pear_3,train
Images/Training/pear_3/r0_100.jpg,pear_3,train
Images/Training/pear_3/r0_102.jpg,pear_3,train
Images/Training/pear_3/r0_104.jpg,pear_3,train
Images/Training/pear_3/r0_106.jpg,pear_3,train
Images/Training/pear_3/r0_108.jpg,pear_3,train
Images/Training/pear_3/r0_110.jpg,pear_3,train
Images/Training/pear_3/r0_112.jpg,pear_3,train
Images/Training/pear_3/r0_114.jpg,pear_3,train
Images/Training/pear_3/r0_116.jpg,pear_3,train
Images/Training/pear_3/r0_118.jpg,pear_3,train
Images/Training/pear_3/r0_12.jpg,pear_3,train
Images/Training/pear_3/r0_120.jpg,pear_3,train
Images/Training/pear_3/r0_122.jpg,pear_3,train
Images/Training/pear_3/r0_124.jpg,pear_3,train
Images/Training/pear_3/r0_126.jpg,pear_3,train
Images/Training/pear_3/r0_128.jpg,pear_3,train
Images/Training/pear_3/r0_130.jpg,pear_3,train
Images/Training/pear_3/r0_132.jpg,pear_3,train
Images/Training/pear_3/r0_134.jpg,pear_3,train
Images/Training/pear_3/r0_136.jpg,pear_3,train
Images/Training/pear_3/r0_138.jpg,pear_3,train
Images/Training/pear_3/r0_14.jpg,pear_3,train
Images/Training/pear_3/r0_140.jpg,pear_3,train
Images/Training/pear_3/r0_142.jpg,pear_3,train
Images/Training/pear_3/r0_144.jpg,pear_3,train
Images/Training/pear_3/r0_146.jpg,pear_3,train
Images/Training/pear_3/r0_148.jpg,pear_3,train
Images/Training/pear_3/r0_150.jpg,pear_3,train
Images/Training/pear_3/r0_152.jpg,pear_3,train
Images/Training/pear_3/r0_154.jpg,pear_3,train
Images/Training/pear_3/r0_16.jpg,pear_3,train
Images/Training/pear_3/r0_18.jpg,pear_3,train
Images/Training/pear_3/r0_194.jpg,pear_3,train
Images/Training/pear_3/r0_196.jpg,pear_3,train
Images/Training/pear_3/r0_198.jpg,pear_3,train
Images/Training/pear_3/r0_2.jpg,pear_3,train
Images/Training/pear_3/r0_20.jpg,pear_3,train
Images/Training/pear_3/r0_200.jpg,pear_3,train
Images/Training/pear_3/r0_202.jpg,pear_3,train
Images/Training/pear_3/r0_204.jpg,pear_3,train
Images/Training/pear_3/r0_206.jpg,pear_3,train
Images/Training/pear_3/r0_208.jpg,pear_3,train
Images/Training/pear_3/r0_210.jpg,pear_3,train
Images/Training/pear_3/r0_212.jpg,pear_3,train
Images/Training/pear_3/r0_214.jpg,pear_3,train
Images/Training/pear_3/r0_216.jpg,pear_3,train
Images/Training/pear_3/r0_218.jpg,pear_3,train
Images/Training/pear_3/r0_22.jpg,pear_3,train
Images/Training/pear_3/r0_220.jpg,pear_3,train
Images/Training/pear_3/r0_222.jpg,pear_3,train
Images/Training/pear_3/r0_224.jpg,pear_3,train
Images/Training/pear_3/r0_226.jpg,pear_3,train
Images/Training/pear_3/r0_228.jpg,pear_3,train
Images/Training/pear_3/r0_230.jpg,pear_3,train
Images/Training/pear_3/r0_232.jpg,pear_3,train
Images/Training/pear_3/r0_234.jpg,pear_3,train
Images/Training/pear_3/r0_236.jpg,pear_3,train
Images/Training/pear_3/r0_238.jpg,pear_3,train
Images/Training/pear_3/r0_24.jpg,pear_3,train
Images/Training/pear_3/r0_240.jpg,pear_3,val
Images/Training/pear_3/r0_242.jpg,pear_3,val
Images/Training/pear_3/r0_244.jpg,pear_3,val
Images/Training/pear_3/r0_246.jpg,pear_3,val
Images/Training/pear_3/r0_248.jpg,pear_3,val
Images/Training/pear_3/r0_250.jpg,pear_3,val
Images/Training/pear_3/r0_252.jpg,pear_3,val
Images/Training/pear_3/r0_254.jpg,pear_3,val
Images/Training/pear_3/r0_256.jpg,pear_3,val
Images/Training/pear_3/r0_258.jpg,pear_3,val
Images/Training/pear_3/r0_26.jpg,pear_3,train
Images/Training/pear_3/r0_260.jpg,pear_3,val
Images/Training/pear_3/r0_262.jpg,pear_3,val
Images/Training/pear_3/r0_264.jpg,pear_3,val
Images/Training/pear_3/r0_266.jpg,pear_3,val
Images/Training/pear_3/r0_268.jpg,pear_3,val
Images/Training/pear_3/r0_270.jpg,pear_3,val
Images/Training/pear_3/r0_272.jpg,pear_3,val
Images/Training/pear_3/r0_274.jpg,pear_3,val
Images/Training/pear_3/r0_276.jpg,pear_3,val
Images/Training/pear_3/r0_278.jpg,pear_3,val
Images/Training/pear_3/r0_28.jpg,pear_3,train
Images/Training/pear_3/r0_280.jpg,pear_3,val
Images/Training/pear_3/r0_282.jpg,pear_3,test
Images/Training/pear_3/r0_284.jpg,pear_3,test
Images/Training/pear_3/r0_286.jpg,pear_3,test
Images/Training/pear_3/r0_288.jpg,pear_3,test
Images/Training/pear_3/r0_290.jpg,pear_3,test
Images/Training/pear_3/r0_292.jpg,pear_3,test
Images/Training/pear_3/r0_294.jpg,pear_3,test
Images/Training/pear_3/r0_296.jpg,pear_3,test
Images/Training/pear_3/r0_298.jpg,pear_3,test
Images/Training/pear_3/r0_30.jpg,pear_3,train
Images/Training/pear_3/r0_300.jpg,pear_3,test
Images/Training/pear_3/r0_302.jpg,pear_3,test
Images/Training/pear_3/r0_304.jpg,pear_3,test
Images/Training/pear_3/r0_306.jpg,pear_3,test
Images/Training/pear_3/r0_308.jpg,pear_3,test
Images/Training/pear_3/r0_310.jpg,pear_3,test
Images/Training/pear_3/r0_312.jpg,pear_3,test
Images/Training/pear_3/r0_314.jpg,pear_3,test
Images/Training/pear_3/r0_316.jpg,pear_3,test
Images/Training/pear_3/r0_318.jpg,pear_3,test
Images/Training/pear_3/r0_32.jpg,pear_3,train
Images/Training/pear_3/r0_320.jpg,pear_3,test
Images/Training/pear_3/r0_322.jpg,pear_3,test
Images/Training/pear_3/r0_324.jpg,pear_3,test
Images/Training/pear_3/r0_34.jpg,pear_3,train
Images/Training/pear_3/r0_36.jpg,pear_3,train
Images/Training/pear_3/r0_38.jpg,pear_3,train
Images/Training/pear_3/r0_4.jpg,pear_3,train
Images/Training/pear_3/r0_40.jpg,pear_3,train
Images/Training/pear_3/r0_42.jpg,pear_3,train
Images/Training/pear_3/r0_44.jpg,pear_3,train
Images/Training/pear_3/r0_46.jpg,pear_3,train
Images/Training/pear_3/r0_48.jpg,pear_3,train
Images/Training/pear_3/r0_50.jpg,pear_3,train
Images/Training/pear_3/r0_52.jpg,pear_3,train
Images/Training/pear_3/r0_54.jpg,pear_3,train
Images/Training/pear_3/r0_56.jpg,pear_3,train
Images/Training/pear_3/r0_58.jpg,pear_3,train
Images/Training/pear_3/r0_6.jpg,pear_3,train
Images/Training/pear_3/r0_60.jpg,pear_3,train
Images/Training/pear_3/r0_62.jpg,pear_3,train
Images/Training/pear_3/r0_64.jpg,pear_3,train
Images/Training/pear_3/r0_66.jpg,pear_3,train
Images/Training/pear_3/r0_68.jpg,pear_3,train
Images/Training/pear_3/r0_70.jpg,pear_3,train
Images/Training/pear_3/r0_72.jpg,pear_3,train
Images/Training/pear_3/r0_74.jpg,pear_3,train
Images/Training/pear_3/r0_76.jpg,pear_3,train
Images/Training/pear_3/r0_78.jpg,pear_3,train
Images/Training/pear_3/r0_8.jpg,pear_3,train
Images/Training/pear_3/r0_80.jpg,pear_3,train
Images/Training/pear_3/r0_82.jpg,pear_3,train
Images/Training/pear_3/r0_84.jpg,pear_3,train
Images/Training/pear_3/r0_86.jpg,pear_3,train
Images/Training/pear_3/r0_88.jpg,pear_3,train
Images/Training/pear_3/r0_90.jpg,pear_3,train
Images/Training/pear_3/r0_92.jpg,pear_3,train
Images/Training/pear_3/r0_94.jpg,pear_3,train
Images/Training/pear_3/r0_96.jpg,pear_3,train
Images/Training/pear_3/r0_98.jpg,pear_3,train
Images/Training/zucchini_1/r0_0.jpg,zucchini_1,train
Images/Training/zucchini_1/r0_10.jpg,zucchini_1,train
Images/Training/zucchini_1/r0_100.jpg,zucchini_1,train
Images/Training/zucchini_1/r0_102.jpg,zucchini_1,train
Images/Training/zucchini_1/r0_104.jpg,zucchini_1,train
Images/Training/zucchini_1/r0_106.jpg,zucchini_1,train
Images/Training/zucchini_1/r0_108.jpg,zucchini_1,train
Images/Training/zucchini_1/r0_110.jpg,zucchini_1,train
Images/Training/zucchini_1/r0_112.jpg,zucchini_1,train
Images/Training/zucchini_1/r0_114.jpg,zucchini_1,train
Images/Training/zucchini_1/r0_116.jpg,zucchini_1,train
Images/Training/zucchini_1/r0_118.jpg,zucchini_1,train
Images/Training/zucchini_1/r0_12.jpg,zucchini_1,train
Images/Training/zucchini_1/r0_120.jpg,zucchini_1,train
Images/Training/zucchini_1/r0_122.jpg,zucchini_1,train
Images/Training/zucchini_1/r0_124.jpg,zucchini_1,train
Images/Training/zucchini_1/r0_126.jpg,zucchini_1,train
Images/Training/zucchini_1/r0_128.jpg,zucchini_1,train
Images/Training/zucchini_1/r0_130.jpg,zucchini_1,train
Images/Training/zucchini_1/r0_132.jpg,zucchini_1,train
Images/Training/zucchini_1/r0_134.jpg,zucchini_1,train
Images/Training/zucchini_1/r0_136.jpg,zucchini_1,train
Images/Training/zucchini_1/r0_138.jpg,zucchini_1,train
Images/Training/zucchini_1/r0_14.jpg,zucchini_1,train
Images/Training/zucchini_1/r0_140.jpg,zucchini_1,train
Images/Training/zucchini_1/r0_142.jpg,zucchini_1,train
Images/Training/zucchini_1/r0_144.jpg,zucchini_1,train
Images/Training/zucchini_1/r0_146.jpg,zucchini_1,train
Images/Training/zucchini_1/r0_148.jpg,zucchini_1,train
Images/Training/zucchini_1/r0_150.jpg,zucchini_1,train
Images/Training/zucchini_1/r0_152.jpg,zucchini_1,train
Images/Training/zucchini_1/r0_154.jpg,zucchini_1,train
Images/Training/zucchini_1/r0_156.jpg,zucchini_1,train
Images/Training/zucchini_1/r0_158.jpg,zucchini_1,train
Images/Training/zucchini_1/r0_16.jpg,zucchini_1,train
Images/Training/zucchini_1/r0_160.jpg,zucchini_1,train
Images/Training/zucchini_1/r0_162.jpg,zucchini_1,train
Images/Training/zucchini_1/r0_164.jpg,zucchini_1,train
Images/Training/zucchini_1/r0_166.jpg,zucchini_1,train
Images/Training/zucchini_1/r0_168.jpg,zucchini_1,train
Images/Training/zucchini_1/r0_170.jpg,zucchini_1,train
Images/Training/zucchini_1/r0_172.jpg,zucchini_1,train
Images/Training/zucchini_1/r0_174.jpg,zucchini_1,train
Images/Training/zucchini_1/r0_176.jpg,zucchini_1,train
Images/Training/zucchini_1/r0_178.jpg,zucchini_1,train
Images/Training/zucchini_1/r0_18.jpg,zucchini_1,train
Images/Training/zucchini_1/r0_180.jpg,zucchini_1,train
Images/Training/zucchini_1/r0_182.jpg,zucchini_1,train
Images/Training/zucchini_1/r0_184.jpg,zucchini_1,train
Images/Training/zucchini_1/r0_186.jpg,zucchini_1,train
Images/Training/zucchini_1/r0_188.jpg,zucchini_1,train
Images/Training/zucchini_1/r0_190.jpg,zucchini_1,train
Images/Training/zucchini_1/r0_192.jpg,zucchini_1,train
Images/Training/zucchini_1/r0_194.jpg,zucchini_1,train
Images/Training/zucchini_1/r0_196.jpg,zucchini_1,train
Images/Training/zucchini_1/r0_198.jpg,zucchini_1,train
Images/Training/zucchini_1/r0_2.jpg,zucchini_1,train
Images/Training/zucchini_1/r0_20.jpg,zucchini_1,train
Images/Training/zucchini_1/r0_200.jpg,zucchini_1,train
Images/Training/zucchini_1/r0_202.jpg,zucchini_1,train
Images/Training/zucchini_1/r0_204.jpg,zucchini_1,train
Images/Training/zucchini_1/r0_206.jpg,zucchini_1,train
Images/Training/zucchini_1/r0_208.jpg,zucchini_1,train
Images/Training/zucchini_1/r0_210.jpg,zucchini_1,train
Images/Training/zucchini_1/r0_212.jpg,zucchini_1,train
Images/Training/zucchini_1/r0_214.jpg,zucchini_1,train
Images/Training/zucchini_1/r0_216.jpg,zucchini_1,train
Images/Training/zucchini_1/r0_218.jpg,zucchini_1,train
Images/Training/zucchini_1/r0_22.jpg,zucchini_1,train
Images/Training/zucchini_1/r0_220.jpg,zucchini_1,train
Images/Training/zucchini_1/r0_222.jpg,zucchini_1,train
Images/Training/zucchini_1/r0_224.jpg,zucchini_1,val
Images/Training/zucchini_1/r0_226.jpg,zucchini_1,val
Images/Training/zucchini_1/r0_228.jpg,zucchini_1,val
Images/Training/zucchini_1/r0_230.jpg,zucchini_1,val
Images/Training/zucchini_1/r0_232.jpg,zucchini_1,val
Images/Training/zucchini_1/r0_234.jpg,zucchini_1,val
Images/Training/zucchini_1/r0_236.jpg,zucchini_1,val
Images/Training/zucchini_1/r0_238.jpg,zucchini_1,val
Images/Training/zucchini_1/r0_24.jpg,zucchini_1,train
Images/Training/zucchini_1/r0_240.jpg,zucchini_1,val
Images/Training/zucchini_1/r0_242.jpg,zucchini_1,val
Images/Training/zucchini_1/r0_244.jpg,zucchini_1,val
Images/Training/zucchini_1/r0_246.jpg,zucchini_1,val
Images/Training/zucchini_1/r0_248.jpg,zucchini_1,val
Images/Training/zucchini_1/r0_250.jpg,zucchini_1,val
Images/Training/zucchini_1/r0_252.jpg,zucchini_1,val
Images/Training/zucchini_1/r0_254.jpg,zucchini_1,val
Images/Training/zucchini_1/r0_256.jpg,zucchini_1,val
Images/Training/zucchini_1/r0_258.jpg,zucchini_1,val
Images/Training/zucchini_1/r0_26.jpg,zucchini_1,train
Images/Training/zucchini_1/r0_260.jpg,zucchini_1,val
Images/Training/zucchini_1/r0_262.jpg,zucchini_1,val
Images/Training/zucchini_1/r0_264.jpg,zucchini_1,val
Images/Training/zucchini_1/r0_266.jpg,zucchini_1,val
Images/Training/zucchini_1/r0_268.jpg,zucchini_1,val
Images/Training/zucchini_1/r0_270.jpg,zucchini_1,val
Images/Training/zucchini_1/r0_272.jpg,zucchini_1,test
Images/Training/zucchini_1/r0_274.jpg,zucchini_1,test
Images/Training/zucchini_1/r0_276.jpg,zucchini_1,test
Images/Training/zucchini_1/r0_278.jpg,zucchini_1,test
Images/Training/zucchini_1/r0_28.jpg,zucchini_1,train
Images/Training/zucchini_1/r0_280.jpg,zucchini_1,test
Images/Training/zucchini_1/r0_282.jpg,zucchini_1,test
Images/Training/zucchini_1/r0_284.jpg,zucchini_1,test
Images/Training/zucchini_1/r0_286.jpg,zucchini_1,test
Images/Training/zucchini_1/r0_288.jpg,zucchini_1,test
Images/Training/zucchini_1/r0_290.jpg,zucchini_1,test
Images/Training/zucchini_1/r0_292.jpg,zucchini_1,test
Images/Training/zucchini_1/r0_294.jpg,zucchini_1,test
Images/Training/zucchini_1/r0_296.jpg,zucchini_1,test
Images/Training/zucchini_1/r0_298.jpg,zucchini_1,test
Images/Training/zucchini_1/r0_30.jpg,zucchini_1,train
Images/Training/zucchini_1/r0_300.jpg,zucchini_1,test
Images/Training/zucchini_1/r0_302.jpg,zucchini_1,test
Images/Training/zucchini_1/r0_304.jpg,zucchini_1,test
Images/Training/zucchini_1/r0_306.jpg,zucchini_1,test
Images/Training/zucchini_1/r0_308.jpg,zucchini_1,test
Images/Training/zucchini_1/r0_310.jpg,zucchini_1,test
Images/Training/zucchini_1/r0_312.jpg,zucchini_1,test
Images/Training/zucchini_1/r0_314.jpg,zucchini_1,test
Images/Training/zucchini_1/r0_316.jpg,zucchini_1,test
Images/Training/zucchini_1/r0_318.jpg,zucchini_1,test
Images/Training/zucchini_1/r0_32.jpg,zucchini_1,train
Images/Training/zucchini_1/r0_34.jpg,zucchini_1,train
Images/Training/zucchini_1/r0_36.jpg,zucchini_1,train
Images/Training/zucchini_1/r0_38.jpg,zucchini_1,train
Images/Training/zucchini_1/r0_4.jpg,zucchini_1,train
Images/Training/zucchini_1/r0_40.jpg,zucchini_1,train
Images/Training/zucchini_1/r0_42.jpg,zucchini_1,train
Images/Training/zucchini_1/r0_44.jpg,zucchini_1,train
Images/Training/zucchini_1/r0_46.jpg,zucchini_1,train
Images/Training/zucchini_1/r0_48.jpg,zucchini_1,train
Images/Training/zucchini_1/r0_50.jpg,zucchini_1,train
Images/Training/zucchini_1/r0_52.jpg,zucchini_1,train
Images/Training/zucchini_1/r0_54.jpg,zucchini_1,train
Images/Training/zucchini_1/r0_56.jpg,zucchini_1,train
Images/Training/zucchini_1/r0_58.jpg,zucchini_1,train
Images/Training/zucchini_1/r0_6.jpg,zucchini_1,train
Images/Training/zucchini_1/r0_60.jpg,zucchini_1,train
Images/Training/zucchini_1/r0_62.jpg,zucchini_1,train
Images/Training/zucchini_1/r0_64.jpg,zucchini_1,train
Images/Training/zucchini_1/r0_66.jpg,zucchini_1,train
Images/Training/zucchini_1/r0_68.jpg,zucchini_1,train
Images/Training/zucchini_1/r0_70.jpg,zucchini_1,train
Images/Training/zucchini_1/r0_72.jpg,zucchini_1,train
Images/Training/zucchini_1/r0_74.jpg,zucchini_1,train
Images/Training/zucchini_1/r0_76.jpg,zucchini_1,train
Images/Training/zucchini_1/r0_78.jpg,zucchini_1,train
Images/Training/zucchini_1/r0_8.jpg,zucchini_1,train
Images/Training/zucchini_1/r0_80.jpg,zucchini_1,train
Images/Training/zucchini_1/r0_82.jpg,zucchini_1,train
Images/Training/zucchini_1/r0_84.jpg,zucchini_1,train
Images/Training/zucchini_1/r0_86.jpg,zucchini_1,train
Images/Training/zucchini_1/r0_88.jpg,zucchini_1,train
Images/Training/zucchini_1/r0_90.jpg,zucchini_1,train
Images/Training/zucchini_1/r0_92.jpg,zucchini_1,train
Images/Training/zucchini_1/r0_94.jpg,zucchini_1,train
Images/Training/zucchini_1/r0_96.jpg,zucchini_1,train
Images/Training/zucchini_1/r0_98.jpg,zucchini_1,train
Images/Training/zucchini_dark_1/r0_0.jpg,zucchini_dark_1,train
Images/Training/zucchini_dark_1/r0_10.jpg,zucchini_dark_1,train
Images/Training/zucchini_dark_1/r0_100.jpg,zucchini_dark_1,train
Images/Training/zucchini_dark_1/r0_102.jpg,zucchini_dark_1,train
Images/Training/zucchini_dark_1/r0_104.jpg,zucchini_dark_1,train
Images/Training/zucchini_dark_1/r0_106.jpg,zucchini_dark_1,train
Images/Training/zucchini_dark_1/r0_108.jpg,zucchini_dark_1,train
Images/Training/zucchini_dark_1/r0_110.jpg,zucchini_dark_1,train
Images/Training/zucchini_dark_1/r0_112.jpg,zucchini_dark_1,train
Images/Training/zucchini_dark_1/r0_114.jpg,zucchini_dark_1,train
Images/Training/zucchini_dark_1/r0_116.jpg,zucchini_dark_1,train
Images/Training/zucchini_dark_1/r0_118.jpg,zucchini_dark_1,train
Images/Training/zucchini_dark_1/r0_12.jpg,zucchini_dark_1,train
Images/Training/zucchini_dark_1/r0_120.jpg,zucchini_dark_1,train
Images/Training/zucchini_dark_1/r0_122.jpg,zucchini_dark_1,train
Images/Training/zucchini_dark_1/r0_124.jpg,zucchini_dark_1,train
Images/Training/zucchini_dark_1/r0_126.jpg,zucchini_dark_1,train
Images/Training/zucchini_dark_1/r0_128.jpg,zucchini_dark_1,train
Images/Training/zucchini_dark_1/r0_130.jpg,zucchini_dark_1,train
Images/Training/zucchini_dark_1/r0_132.jpg,zucchini_dark_1,train
Images/Training/zucchini_dark_1/r0_134.jpg,zucchini_dark_1,train
Images/Training/zucchini_dark_1/r0_136.jpg,zucchini_dark_1,train
Images/Training/zucchini_dark_1/r0_138.jpg,zucchini_dark_1,train
Images/Training/zucchini_dark_1/r0_14.jpg,zucchini_dark_1,train
Images/Training/zucchini_dark_1/r0_140.jpg,zucchini_dark_1,train
Images/Training/zucchini_dark_1/r0_142.jpg,zucchini_dark_1,train
Images/Training/zucchini_dark_1/r0_144.jpg,zucchini_dark_1,train
Images/Training/zucchini_dark_1/r0_146.jpg,zucchini_dark_1,train
Images/Training/zucchini_dark_1/r0_148.jpg,zucchini_dark_1,train
Images/Training/zucchini_dark_1/r0_150.jpg,zucchini_dark_1,train
Images/Training/zucchini_dark_1/r0_152.jpg,zucchini_dark_1,train
Images/Training/zucchini_dark_1/r0_154.jpg,zucchini_dark_1,train
Images/Training/zucchini_dark_1/r0_156.jpg,zucchini_dark_1,train
Images/Training/zucchini_dark_1/r0_158.jpg,zucchini_dark_1,train
Images/Training/zucchini_dark_1/r0_16.jpg,zucchini_dark_1,train
Images/Training/zucchini_dark_1/r0_160.jpg,zucchini_dark_1,train
Images/Training/zucchini_dark_1/r0_162.jpg,zucchini_dark_1,train
Images/Training/zucchini_dark_1/r0_164.jpg,zucchini_dark_1,train
Images/Training/zucchini_dark_1/r0_166.jpg,zucchini_dark_1,train
Images/Training/zucchini_dark_1/r0_168.jpg,zucchini_dark_1,train
Images/Training/zucchini_dark_1/r0_170.jpg,zucchini_dark_1,train
Images/Training/zucchini_dark_1/r0_172.jpg,zucchini_dark_1,train
Images/Training/zucchini_dark_1/r0_174.jpg,zucchini_dark_1,train
Images/Training/zucchini_dark_1/r0_176.jpg,zucchini_dark_1,train
Images/Training/zucchini_dark_1/r0_178.jpg,zucchini_dark_1,train
Images/Training/zucchini_dark_1/r0_18.jpg,zucchini_dark_1,train
Images/Training/zucchini_dark_1/r0_180.jpg,zucchini_dark_1,train
Images/Training/zucchini_dark_1/r0_182.jpg,zucchini_dark_1,train
Images/Training/zucchini_dark_1/r0_184.jpg,zucchini_dark_1,train
Images/Training/zucchini_dark_1/r0_186.jpg,zucchini_dark_1,train
Images/Training/zucchini_dark_1/r0_188.jpg,zucchini_dark_1,train
Images/Training/zucchini_dark_1/r0_190.jpg,zucchini_dark_1,train
Images/Training/zucchini_dark_1/r0_192.jpg,zucchini_dark_1,train
Images/Training/zucchini_dark_1/r0_194.jpg,zucchini_dark_1,train
Images/Training/zucchini_dark_1/r0_196.jpg,zucchini_dark_1,train
Images/Training/zucchini_dark_1/r0_198.jpg,zucchini_dark_1,train
Images/Training/zucchini_dark_1/r0_2.jpg,zucchini_dark_1,train
Images/Training/zucchini_dark_1/r0_20.jpg,zucchini_dark_1,train
Images/Training/zucchini_dark_1/r0_200.jpg,zucchini_dark_1,train
Images/Training/zucchini_dark_1/r0_202.jpg,zucchini_dark_1,train
Images/Training/zucchini_dark_1/r0_204.jpg,zucchini_dark_1,train
Images/Training/zucchini_dark_1/r0_206.jpg,zucchini_dark_1,train
Images/Training/zucchini_dark_1/r0_208.jpg,zucchini_dark_1,train
Images/Training/zucchini_dark_1/r0_210.jpg,zucchini_dark_1,train
Images/Training/zucchini_dark_1/r0_212.jpg,zucchini_dark_1,train
Images/Training/zucchini_dark_1/r0_214.jpg,zucchini_dark_1,train
Images/Training/zucchini_dark_1/r0_216.jpg,zucchini_dark_1,train
Images/Training/zucchini_dark_1/r0_218.jpg,zucchini_dark_1,train
Images/Training/zucchini_dark_1/r0_22.jpg,zucchini_dark_1,train
Images/Training/zucchini_dark_1/r0_220.jpg,zucchini_dark_1,train
Images/Training/zucchini_dark_1/r0_222.jpg,zucchini_dark_1,train
Images/Training/zucchini_dark_1/r0_224.jpg,zucchini_dark_1,val
Images/Training/zucchini_dark_1/r0_226.jpg,zucchini_dark_1,val
Images/Training/zucchini_dark_1/r0_228.jpg,zucchini_dark_1,val
Images/Training/zucchini_dark_1/r0_230.jpg,zucchini_dark_1,val
Images/Training/zucchini_dark_1/r0_232.jpg,zucchini_dark_1,val
Images/Training/zucchini_dark_1/r0_234.jpg,zucchini_dark_1,val
Images/Training/zucchini_dark_1/r0_236.jpg,zucchini_dark_1,val
Images/Training/zucchini_dark_1/r0_238.jpg,zucchini_dark_1,val
Images/Training/zucchini_dark_1/r0_24.jpg,zucchini_dark_1,train
Images/Training/zucchini_dark_1/r0_240.jpg,zucchini_dark_1,val
Images/Training/zucchini_dark_1/r0_242.jpg,zucchini_dark_1,val
Images/Training/zucchini_dark_1/r0_244.jpg,zucchini_dark_1,val
Images/Training/zucchini_dark_1/r0_246.jpg,zucchini_dark_1,val
Images/Training/zucchini_dark_1/r0_248.jpg,zucchini_dark_1,val
Images/Training/zucchini_dark_1/r0_250.jpg,zucchini_dark_1,val
Images/Training/zucchini_dark_1/r0_252.jpg,zucchini_dark_1,val
Images/Training/zucchini_dark_1/r0_254.jpg,zucchini_dark_1,val
Images/Training/zucchini_dark_1/r0_256.jpg,zucchini_dark_1,val
Images/Training/zucchini_dark_1/r0_258.jpg,zucchini_dark_1,val
Images/Training/zucchini_dark_1/r0_26.jpg,zucchini_dark_1,train
Images/Training/zucchini_dark_1/r0_260.jpg,zucchini_dark_1,val
Images/Training/zucchini_dark_1/r0_262.jpg,zucchini_dark_1,val
Images/Training/zucchini_dark_1/r0_264.jpg,zucchini_dark_1,val
Images/Training/zucchini_dark_1/r0_266.jpg,zucchini_dark_1,val
Images/Training/zucchini_dark_1/r0_268.jpg,zucchini_dark_1,val
Images/Training/zucchini_dark_1/r0_270.jpg,zucchini_dark_1,val
Images/Training/zucchini_dark_1/r0_272.jpg,zucchini_dark_1,test
Images/Training/zucchini_dark_1/r0_274.jpg,zucchini_dark_1,test
Images/Training/zucchini_dark_1/r0_276.jpg,zucchini_dark_1,test
Images/Training/zucchini_dark_1/r0_278.jpg,zucchini_dark_1,test
Images/Training/zucchini_dark_1/r0_28.jpg,zucchini_dark_1,train
Images/Training/zucchini_dark_1/r0_280.jpg,zucchini_dark_1,test
Images/Training/zucchini_dark_1/r0_282.jpg,zucchini_dark_1,test
Images/Training/zucchini_dark_1/r0_284.jpg,zucchini_dark_1,test
Images/Training/zucchini_dark_1/r0_286.jpg,zucchini_dark_1,test
Images/Training/zucchini_dark_1/r0_288.jpg,zucchini_dark_1,test
Images/Training/zucchini_dark_1/r0_290.jpg,zucchini_dark_1,test
Images/Training/zucchini_dark_1/r0_292.jpg,zucchini_dark_1,test
Images/Training/zucchini_dark_1/r0_294.jpg,zucchini_dark_1,test
Images/Training/zucchini_dark_1/r0_296.jpg,zucchini_dark_1,test
Images/Training/zucchini_dark_1/r0_298.jpg,zucchini_dark_1,test
Images/Training/zucchini_dark_1/r0_30.jpg,zucchini_dark_1,train
Images/Training/zucchini_dark_1/r0_300.jpg,zucchini_dark_1,test
Images/Training/zucchini_dark_1/r0_302.jpg,zucchini_dark_1,test
Images/Training/zucchini_dark_1/r0_304.jpg,zucchini_dark_1,test
Images/Training/zucchini_dark_1/r0_306.jpg,zucchini_dark_1,test
Images/Training/zucchini_dark_1/r0_308.jpg,zucchini_dark_1,test
Images/Training/zucchini_dark_1/r0_310.jpg,zucchini_dark_1,test
Images/Training/zucchini_dark_1/r0_312.jpg,zucchini_dark_1,test
Images/Training/zucchini_dark_1/r0_314.jpg,zucchini_dark_1,test
Images/Training/zucchini_dark_1/r0_316.jpg,zucchini_dark_1,test
Images/Training/zucchini_dark_1/r0_318.jpg,zucchini_dark_1,test
Images/Training/zucchini_dark_1/r0_32.jpg,zucchini_dark_1,train
Images/Training/zucchini_dark_1/r0_34.jpg,zucchini_dark_1,train
Images/Training/zucchini_dark_1/r0_36.jpg,zucchini_dark_1,train
Images/Training/zucchini_dark_1/r0_38.jpg,zucchini_dark_1,train
Images/Training/zucchini_dark_1/r0_4.jpg,zucchini_dark_1,train
Images/Training/zucchini_dark_1/r0_40.jpg,zucchini_dark_1,train
Images/Training/zucchini_dark_1/r0_42.jpg,zucchini_dark_1,train
Images/Training/zucchini_dark_1/r0_44.jpg,zucchini_dark_1,train
Images/Training/zucchini_dark_1/r0_46.jpg,zucchini_dark_1,train
Images/Training/zucchini_dark_1/r0_48.jpg,zucchini_dark_1,train
Images/Training/zucchini_dark_1/r0_50.jpg,zucchini_dark_1,train
Images/Training/zucchini_dark_1/r0_52.jpg,zucchini_dark_1,train
Images/Training/zucchini_dark_1/r0_54.jpg,zucchini_dark_1,train
Images/Training/zucchini_dark_1/r0_56.jpg,zucchini_dark_1,train
Images/Training/zucchini_dark_1/r0_58.jpg,zucchini_dark_1,train
Images/Training/zucchini_dark_1/r0_6.jpg,zucchini_dark_1,train
Images/Training/zucchini_dark_1/r0_60.jpg,zucchini_dark_1,train
Images/Training/zucchini_dark_1/r0_62.jpg,zucchini_dark_1,train
Images/Training/zucchini_dark_1/r0_64.jpg,zucchini_dark_1,train
Images/Training/zucchini_dark_1/r0_66.jpg,zucchini_dark_1,train
Images/Training/zucchini_dark_1/r0_68.jpg,zucchini_dark_1,train
Images/Training/zucchini_dark_1/r0_70.jpg,zucchini_dark_1,train
Images/Training/zucchini_dark_1/r0_72.jpg,zucchini_dark_1,train
Images/Training/zucchini_dark_1/r0_74.jpg,zucchini_dark_1,train
Images/Training/zucchini_dark_1/r0_76.jpg,zucchini_dark_1,train
Images/Training/zucchini_dark_1/r0_78.jpg,zucchini_dark_1,train
Images/Training/zucchini_dark_1/r0_8.jpg,zucchini_dark_1,train
Images/Training/zucchini_dark_1/r0_80.jpg,zucchini_dark_1,train
Images/Training/zucchini_dark_1/r0_82.jpg,zucchini_dark_1,train
Images/Training/zucchini_dark_1/r0_84.jpg,zucchini_dark_1,train
Images/Training/zucchini_dark_1/r0_86.jpg,zucchini_dark_1,train
Images/Training/zucchini_dark_1/r0_88.jpg,zucchini_dark_1,train
Images/Training/zucchini_dark_1/r0_90.jpg,zucchini_dark_1,train
Images/Training/zucchini_dark_1/r0_92.jpg,zucchini_dark_1,train
Images/Training/zucchini_dark_1/r0_94.jpg,zucchini_dark_1,train
Images/Training/zucchini_dark_1/r0_96.jpg,zucchini_dark_1,train
Images/Training/zucchini_dark_1/r0_98.jpg,zucchini_dark_1,train
Images/Validation/apple_6/r0_1.jpg,apple_6,train
Images/Validation/apple_6/r0_101.jpg,apple_6,train
Images/Validation/apple_6/r0_105.jpg,apple_6,train
Images/Validation/apple_6/r0_109.jpg,apple_6,train
Images/Validation/apple_6/r0_113.jpg,apple_6,train
Images/Validation/apple_6/r0_117.jpg,apple_6,train
Images/Validation/apple_6/r0_121.jpg,apple_6,train
Images/Validation/apple_6/r0_125.jpg,apple_6,train
Images/Validation/apple_6/r0_129.jpg,apple_6,train
Images/Validation/apple_6/r0_13.jpg,apple_6,train
Images/Validation/apple_6/r0_133.jpg,apple_6,train
Images/Validation/apple_6/r0_137.jpg,apple_6,train
Images/Validation/apple_6/r0_141.jpg,apple_6,train
Images/Validation/apple_6/r0_145.jpg,apple_6,train
Images/Validation/apple_6/r0_149.jpg,apple_6,train
Images/Validation/apple_6/r0_153.jpg,apple_6,train
Images/Validation/apple_6/r0_157.jpg,apple_6,train
Images/Validation/apple_6/r0_161.jpg,apple_6,train
Images/Validation/apple_6/r0_165.jpg,apple_6,train
Images/Validation/apple_6/r0_169.jpg,apple_6,train
Images/Validation/apple_6/r0_17.jpg,apple_6,train
Images/Validation/apple_6/r0_173.jpg,apple_6,train
Images/Validation/apple_6/r0_177.jpg,apple_6,train
Images/Validation/apple_6/r0_181.jpg,apple_6,train
Images/Validation/apple_6/r0_185.jpg,apple_6,train
Images/Validation/apple_6/r0_189.jpg,apple_6,train
Images/Validation/apple_6/r0_193.jpg,apple_6,train
Images/Validation/apple_6/r0_197.jpg,apple_6,train
Images/Validation/apple_6/r0_201.jpg,apple_6,train
Images/Validation/apple_6/r0_205.jpg,apple_6,train
Images/Validation/apple_6/r0_209.jpg,apple_6,train
Images/Validation/apple_6/r0_21.jpg,apple_6,train
Images/Validation/apple_6/r0_213.jpg,apple_6,train
Images/Validation/apple_6/r0_217.jpg,apple_6,train
Images/Validation/apple_6/r0_221.jpg,apple_6,train
Images/Validation/apple_6/r0_225.jpg,apple_6,val
Images/Validation/apple_6/r0_229.jpg,apple_6,val
Images/Validation/apple_6/r0_233.jpg,apple_6,val
Images/Validation/apple_6/r0_237.jpg,apple_6,val
Images/Validation/apple_6/r0_241.jpg,apple_6,val
Images/Validation/apple_6/r0_245.jpg,apple_6,val
Images/Validation/apple_6/r0_249.jpg,apple_6,val
Images/Validation/apple_6/r0_25.jpg,apple_6,train
Images/Validation/apple_6/r0_253.jpg,apple_6,val
Images/Validation/apple_6/r0_257.jpg,apple_6,val
Images/Validation/apple_6/r0_261.jpg,apple_6,val
Images/Validation/apple_6/r0_265.jpg,apple_6,val
Images/Validation/apple_6/r0_269.jpg,apple_6,val
Images/Validation/apple_6/r0_273.jpg,apple_6,test
Images/Validation/apple_6/r0_277.jpg,apple_6,test
Images/Validation/apple_6/r0_281.jpg,apple_6,test
Images/Validation/apple_6/r0_285.jpg,apple_6,test
Images/Validation/apple_6/r0_289.jpg,apple_6,test
Images/Validation/apple_6/r0_29.jpg,apple_6,train
Images/Validation/apple_6/r0_293.jpg,apple_6,test
Images/Validation/apple_6/r0_297.jpg,apple_6,test
Images/Validation/apple_6/r0_301.jpg,apple_6,test
Images/Validation/apple_6/r0_305.jpg,apple_6,test
Images/Validation/apple_6/r0_309.jpg,apple_6,test
Images/Validation/apple_6/r0_313.jpg,apple_6,test
Images/Validation/apple_6/r0_317.jpg,apple_6,test
Images/Validation/apple_6/r0_33.jpg,apple_6,train
Images/Validation/apple_6/r0_37.jpg,apple_6,train
Images/Validation/apple_6/r0_41.jpg,apple_6,train
Images/Validation/apple_6/r0_45.jpg,apple_6,train
Images/Validation/apple_6/r0_49.jpg,apple_6,train
Images/Validation/apple_6/r0_5.jpg,apple_6,train
Images/Validation/apple_6/r0_53.jpg,apple_6,train
Images/Validation/apple_6/r0_57.jpg,apple_6,train
Images/Validation/apple_6/r0_61.jpg,apple_6,train
Images/Validation/apple_6/r0_65.jpg,apple_6,train
Images/Validation/apple_6/r0_69.jpg,apple_6,train
Images/Validation/apple_6/r0_73.jpg,apple_6,train
Images/Validation/apple_6/r0_77.jpg,apple_6,train
Images/Validation/apple_6/r0_81.jpg,apple_6,train
Images/Validation/apple_6/r0_85.jpg,apple_6,train
Images/Validation/apple_6/r0_89.jpg,apple_6,train
Images/Validation/apple_6/r0_9.jpg,apple_6,train
Images/Validation/apple_6/r0_93.jpg,apple_6,train
Images/Validation/apple_6/r0_97.jpg,apple_6,train
Images/Validation/apple_6/r1_1.jpg,apple_6,train
Images/Validation/apple_6/r1_101.jpg,apple_6,train
Images/Validation/apple_6/r1_105.jpg,apple_6,train
Images/Validation/apple_6/r1_109.jpg,apple_6,train
Images/Validation/apple_6/r1_113.jpg,apple_6,train
Images/Validation/apple_6/r1_117.jpg,apple_6,train
Images/Validation/apple_6/r1_121.jpg,apple_6,train
Images/Validation/apple_6/r1_125.jpg,apple_6,train
Images/Validation/apple_6/r1_129.jpg,apple_6,train
Images/Validation/apple_6/r1_13.jpg,apple_6,train
Images/Validation/apple_6/r1_133.jpg,apple_6,train
Images/Validation/apple_6/r1_137.jpg,apple_6,train
Images/Validation/apple_6/r1_141.jpg,apple_6,train
Images/Validation/apple_6/r1_145.jpg,apple_6,train
Images/Validation/apple_6/r1_149.jpg,apple_6,train
Images/Validation/apple_6/r1_153.jpg,apple_6,train
Images/Validation/apple_6/r1_157.jpg,apple_6,train
Images/Validation/apple_6/r1_161.jpg,apple_6,train
Images/Validation/apple_6/r1_165.jpg,apple_6,train
Images/Validation/apple_6/r1_169.jpg,apple_6,train
Images/Validation/apple_6/r1_17.jpg,apple_6,train
Images/Validation/apple_6/r1_173.jpg,apple_6,train
Images/Validation/apple_6/r1_177.jpg,apple_6,train
Images/Validation/apple_6/r1_181.jpg,apple_6,train
Images/Validation/apple_6/r1_185.jpg,apple_6,train
Images/Validation/apple_6/r1_189.jpg,apple_6,train
Images/Validation/apple_6/r1_193.jpg,apple_6,train
Images/Validation/apple_6/r1_197.jpg,apple_6,train
Images/Validation/apple_6/r1_201.jpg,apple_6,train
Images/Validation/apple_6/r1_205.jpg,apple_6,train
Images/Validation/apple_6/r1_209.jpg,apple_6,train
Images/Validation/apple_6/r1_21.jpg,apple_6,train
Images/Validation/apple_6/r1_213.jpg,apple_6,train
Images/Validation/apple_6/r1_217.jpg,apple_6,train
Images/Validation/apple_6/r1_221.jpg,apple_6,val
Images/Validation/apple_6/r1_225.jpg,apple_6,val
Images/Validation/apple_6/r1_229.jpg,apple_6,val
Images/Validation/apple_6/r1_233.jpg,apple_6,val
Images/Validation/apple_6/r1_237.jpg,apple_6,val
Images/Validation/apple_6/r1_241.jpg,apple_6,val
Images/Validation/apple_6/r1_245.jpg,apple_6,val
Images/Validation/apple_6/r1_249.jpg,apple_6,val
Images/Validation/apple_6/r1_25.jpg,apple_6,train
Images/Validation/apple_6/r1_253.jpg,apple_6,val
Images/Validation/apple_6/r1_257.jpg,apple_6,val
Images/Validation/apple_6/r1_261.jpg,apple_6,val
Images/Validation/apple_6/r1_265.jpg,apple_6,test
Images/Validation/apple_6/r1_269.jpg,apple_6,test
Images/Validation/apple_6/r1_273.jpg,apple_6,test
Images/Validation/apple_6/r1_277.jpg,apple_6,test
Images/Validation/apple_6/r1_281.jpg,apple_6,test
Images/Validation/apple_6/r1_285.jpg,apple_6,test
Images/Validation/apple_6/r1_289.jpg,apple_6,test
Images/Validation/apple_6/r1_29.jpg,apple_6,train
Images/Validation/apple_6/r1_293.jpg,apple_6,test
Images/Validation/apple_6/r1_297.jpg,apple_6,test
Images/Validation/apple_6/r1_301.jpg,apple_6,test
Images/Validation/apple_6/r1_305.jpg,apple_6,test
Images/Validation/apple_6/r1_309.jpg,apple_6,test
Images/Validation/apple_6/r1_33.jpg,apple_6,train
Images/Validation/apple_6/r1_37.jpg,apple_6,train
Images/Validation/apple_6/r1_41.jpg,apple_6,train
Images/Validation/apple_6/r1_45.jpg,apple_6,train
Images/Validation/apple_6/r1_49.jpg,apple_6,train
Images/Validation/apple_6/r1_5.jpg,apple_6,train
Images/Validation/apple_6/r1_53.jpg,apple_6,train
Images/Validation/apple_6/r1_57.jpg,apple_6,train
Images/Validation/apple_6/r1_61.jpg,apple_6,train
Images/Validation/apple_6/r1_65.jpg,apple_6,train
Images/Validation/apple_6/r1_69.jpg,apple_6,train
Images/Validation/apple_6/r1_73.jpg,apple_6,train
Images/Validation/apple_6/r1_77.jpg,apple_6,train
Images/Validation/apple_6/r1_81.jpg,apple_6,train
Images/Validation/apple_6/r1_85.jpg,apple_6,train
Images/Validation/apple_6/r1_89.jpg,apple_6,train
Images/Validation/apple_6/r1_9.jpg,apple_6,train
Images/Validation/apple_6/r1_93.jpg,apple_6,train
Images/Validation/apple_6/r1_97.jpg,apple_6,train
Images/Validation/apple_braeburn_1/r0_1.jpg,apple_braeburn_1,train
Images/Validation/apple_braeburn_1/r0_101.jpg,apple_braeburn_1,train
Images/Validation/apple_braeburn_1/r0_105.jpg,apple_braeburn_1,train
Images/Validation/apple_braeburn_1/r0_109.jpg,apple_braeburn_1,train
Images/Validation/apple_braeburn_1/r0_113.jpg,apple_braeburn_1,train
Images/Validation/apple_braeburn_1/r0_117.jpg,apple_braeburn_1,train
Images/Validation/apple_braeburn_1/r0_121.jpg,apple_braeburn_1,train
Images/Validation/apple_braeburn_1/r0_125.jpg,apple_braeburn_1,train
Images/Validation/apple_braeburn_1/r0_129.jpg,apple_braeburn_1,train
Images/Validation/apple_braeburn_1/r0_13.jpg,apple_braeburn_1,train
Images/Validation/apple_braeburn_1/r0_133.jpg,apple_braeburn_1,train
Images/Validation/apple_braeburn_1/r0_137.jpg,apple_braeburn_1,train
Images/Validation/apple_braeburn_1/r0_141.jpg,apple_braeburn_1,train
Images/Validation/apple_braeburn_1/r0_145.jpg,apple_braeburn_1,train
Images/Validation/apple_braeburn_1/r0_149.jpg,apple_braeburn_1,train
Images/Validation/apple_braeburn_1/r0_153.jpg,apple_braeburn_1,train
Images/Validation/apple_braeburn_1/r0_157.jpg,apple_braeburn_1,train
Images/Validation/apple_braeburn_1/r0_161.jpg,apple_braeburn_1,train
Images/Validation/apple_braeburn_1/r0_165.jpg,apple_braeburn_1,train
Images/Validation/apple_braeburn_1/r0_169.jpg,apple_braeburn_1,train
Images/Validation/apple_braeburn_1/r0_17.jpg,apple_braeburn_1,train
Images/Validation/apple_braeburn_1/r0_173.jpg,apple_braeburn_1,train
Images/Validation/apple_braeburn_1/r0_177.jpg,apple_braeburn_1,train
Images/Validation/apple_braeburn_1/r0_181.jpg,apple_braeburn_1,train
Images/Validation/apple_braeburn_1/r0_185.jpg,apple_braeburn_1,train
Images/Validation/apple_braeburn_1/r0_189.jpg,apple_braeburn_1,train
Images/Validation/apple_braeburn_1/r0_193.jpg,apple_braeburn_1,train
Images/Validation/apple_braeburn_1/r0_197.jpg,apple_braeburn_1,train
Images/Validation/apple_braeburn_1/r0_201.jpg,apple_braeburn_1,train
Images/Validation/apple_braeburn_1/r0_205.jpg,apple_braeburn_1,train
Images/Validation/apple_braeburn_1/r0_209.jpg,apple_braeburn_1,train
Images/Validation/apple_braeburn_1/r0_21.jpg,apple_braeburn_1,train
Images/Validation/apple_braeburn_1/r0_213.jpg,apple_braeburn_1,train
Images/Validation/apple_braeburn_1/r0_217.jpg,apple_braeburn_1,train
Images/Validation/apple_braeburn_1/r0_221.jpg,apple_braeburn_1,train
Images/Validation/apple_braeburn_1/r0_225.jpg,apple_braeburn_1,val
Images/Validation/apple_braeburn_1/r0_229.jpg,apple_braeburn_1,val
Images/Validation/apple_braeburn_1/r0_233.jpg,apple_braeburn_1,val
Images/Validation/apple_braeburn_1/r0_237.jpg,apple_braeburn_1,val
Images/Validation/apple_braeburn_1/r0_241.jpg,apple_braeburn_1,val
Images/Validation/apple_braeburn_1/r0_245.jpg,apple_braeburn_1,val
Images/Validation/apple_braeburn_1/r0_249.jpg,apple_braeburn_1,val
Images/Validation/apple_braeburn_1/r0_25.jpg,apple_braeburn_1,train
Images/Validation/apple_braeburn_1/r0_253.jpg,apple_braeburn_1,val
Images/Validation/apple_braeburn_1/r0_257.jpg,apple_braeburn_1,val
Images/Validation/apple_braeburn_1/r0_261.jpg,apple_braeburn_1,val
Images/Validation/apple_braeburn_1/r0_265.jpg,apple_braeburn_1,val
Images/Validation/apple_braeburn_1/r0_269.jpg,apple_braeburn_1,val
Images/Validation/apple_braeburn_1/r0_273.jpg,apple_braeburn_1,test
Images/Validation/apple_braeburn_1/r0_277.jpg,apple_braeburn_1,test
Images/Validation/apple_braeburn_1/r0_281.jpg,apple_braeburn_1,test
Images/Validation/apple_braeburn_1/r0_285.jpg,apple_braeburn_1,test
Images/Validation/apple_braeburn_1/r0_289.jpg,apple_braeburn_1,test
Images/Validation/apple_braeburn_1/r0_29.jpg,apple_braeburn_1,train
Images/Validation/apple_braeburn_1/r0_293.jpg,apple_braeburn_1,test
Images/Validation/apple_braeburn_1/r0_297.jpg,apple_braeburn_1,test
Images/Validation/apple_braeburn_1/r0_301.jpg,apple_braeburn_1,test
Images/Validation/apple_braeburn_1/r0_305.jpg,apple_braeburn_1,test
Images/Validation/apple_braeburn_1/r0_309.jpg,apple_braeburn_1,test
Images/Validation/apple_braeburn_1/r0_313.jpg,apple_braeburn_1,test
Images/Validation/apple_braeburn_1/r0_317.jpg,apple_braeburn_1,test
Images/Validation/apple_braeburn_1/r0_33.jpg,apple_braeburn_1,train
Images/Validation/apple_braeburn_1/r0_37.jpg,apple_braeburn_1,train
Images/Validation/apple_braeburn_1/r0_41.jpg,apple_braeburn_1,train
Images/Validation/apple_braeburn_1/r0_45.jpg,apple_braeburn_1,train
Images/Validation/apple_braeburn_1/r0_49.jpg,apple_braeburn_1,train
Images/Validation/apple_braeburn_1/r0_5.jpg,apple_braeburn_1,train
Images/Validation/apple_braeburn_1/r0_53.jpg,apple_braeburn_1,train
Images/Validation/apple_braeburn_1/r0_57.jpg,apple_braeburn_1,train
Images/Validation/apple_braeburn_1/r0_61.jpg,apple_braeburn_1,train
Images/Validation/apple_braeburn_1/r0_65.jpg,apple_braeburn_1,train
Images/Validation/apple_braeburn_1/r0_69.jpg,apple_braeburn_1,train
Images/Validation/apple_braeburn_1/r0_73.jpg,apple_braeburn_1,train
Images/Validation/apple_braeburn_1/r0_77.jpg,apple_braeburn_1,train
Images/Validation/apple_braeburn_1/r0_81.jpg,apple_braeburn_1,train
Images/Validation/apple_braeburn_1/r0_85.jpg,apple_braeburn_1,train
Images/Validation/apple_braeburn_1/r0_89.jpg,apple_braeburn_1,train
Images/Validation/apple_braeburn_1/r0_9.jpg,apple_braeburn_1,train
Images/Validation/apple_braeburn_1/r0_93.jpg,apple_braeburn_1,train
Images/Validation/apple_braeburn_1/r0_97.jpg,apple_braeburn_1,train
Images/Validation/apple_braeburn_1/r1_1.jpg,apple_braeburn_1,train
Images/Validation/apple_braeburn_1/r1_101.jpg,apple_braeburn_1,train
Images/Validation/apple_braeburn_1/r1_105.jpg,apple_braeburn_1,train
Images/Validation/apple_braeburn_1/r1_109.jpg,apple_braeburn_1,train
Images/Validation/apple_braeburn_1/r1_113.jpg,apple_braeburn_1,train
Images/Validation/apple_braeburn_1/r1_117.jpg,apple_braeburn_1,train
Images/Validation/apple_braeburn_1/r1_121.jpg,apple_braeburn_1,train
Images/Validation/apple_braeburn_1/r1_125.jpg,apple_braeburn_1,train
Images/Validation/apple_braeburn_1/r1_129.jpg,apple_braeburn_1,train
Images/Validation/apple_braeburn_1/r1_13.jpg,apple_braeburn_1,train
Images/Validation/apple_braeburn_1/r1_133.jpg,apple_braeburn_1,train
Images/Validation/apple_braeburn_1/r1_137.jpg,apple_braeburn_1,train
Images/Validation/apple_braeburn_1/r1_141.jpg,apple_braeburn_1,train
Images/Validation/apple_braeburn_1/r1_145.jpg,apple_braeburn_1,train
Images/Validation/apple_braeburn_1/r1_149.jpg,apple_braeburn_1,train
Images/Validation/apple_braeburn_1/r1_153.jpg,apple_braeburn_1,train
Images/Validation/apple_braeburn_1/r1_157.jpg,apple_braeburn_1,train
Images/Validation/apple_braeburn_1/r1_161.jpg,apple_braeburn_1,train
Images/Validation/apple_braeburn_1/r1_165.jpg,apple_braeburn_1,train
Images/Validation/apple_braeburn_1/r1_169.jpg,apple_braeburn_1,train
Images/Validation/apple_braeburn_1/r1_17.jpg,apple_braeburn_1,train
Images/Validation/apple_braeburn_1/r1_173.jpg,apple_braeburn_1,train
Images/Validation/apple_braeburn_1/r1_177.jpg,apple_braeburn_1,train
Images/Validation/apple_braeburn_1/r1_181.jpg,apple_braeburn_1,train
Images/Validation/apple_braeburn_1/r1_185.jpg,apple_braeburn_1,train
Images/Validation/apple_braeburn_1/r1_189.jpg,apple_braeburn_1,train
Images/Validation/apple_braeburn_1/r1_193.jpg,apple_braeburn_1,train
Images/Validation/apple_braeburn_1/r1_197.jpg,apple_braeburn_1,train
Images/Validation/apple_braeburn_1/r1_201.jpg,apple_braeburn_1,train
Images/Validation/apple_braeburn_1/r1_205.jpg,apple_braeburn_1,train
Images/Validation/apple_braeburn_1/r1_209.jpg,apple_braeburn_1,train
Images/Validation/apple_braeburn_1/r1_21.jpg,apple_braeburn_1,train
Images/Validation/apple_braeburn_1/r1_213.jpg,apple_braeburn_1,train
Images/Validation/apple_braeburn_1/r1_217.jpg,apple_braeburn_1,train
Images/Validation/apple_braeburn_1/r1_221.jpg,apple_braeburn_1,train
Images/Validation/apple_braeburn_1/r1_225.jpg,apple_braeburn_1,val
Images/Validation/apple_braeburn_1/r1_229.jpg,apple_braeburn_1,val
Images/Validation/apple_braeburn_1/r1_233.jpg,apple_braeburn_1,val
Images/Validation/apple_braeburn_1/r1_237.jpg,apple_braeburn_1,val
Images/Validation/apple_braeburn_1/r1_241.jpg,apple_braeburn_1,val
Images/Validation/apple_braeburn_1/r1_245.jpg,apple_braeburn_1,val
Images/Validation/apple_braeburn_1/r1_249.jpg,apple_braeburn_1,val
Images/Validation/apple_braeburn_1/r1_25.jpg,apple_braeburn_1,train
Images/Validation/apple_braeburn_1/r1_253.jpg,apple_braeburn_1,val
Images/Validation/apple_braeburn_1/r1_257.jpg,apple_braeburn_1,val
Images/Validation/apple_braeburn_1/r1_261.jpg,apple_braeburn_1,val
Images/Validation/apple_braeburn_1/r1_265.jpg,apple_braeburn_1,val
Images/Validation/apple_braeburn_1/r1_269.jpg,apple_braeburn_1,val
Images/Validation/apple_braeburn_1/r1_273.jpg,apple_braeburn_1,test
Images/Validation/apple_braeburn_1/r1_277.jpg,apple_braeburn_1,test
Images/Validation/apple_braeburn_1/r1_281.jpg,apple_braeburn_1,test
Images/Validation/apple_braeburn_1/r1_285.jpg,apple_braeburn_1,test
Images/Validation/apple_braeburn_1/r1_289.jpg,apple_braeburn_1,test
Images/Validation/apple_braeburn_1/r1_29.jpg,apple_braeburn_1,train
Images/Validation/apple_braeburn_1/r1_293.jpg,apple_braeburn_1,test
Images/Validation/apple_braeburn_1/r1_297.jpg,apple_braeburn_1,test
Images/Validation/apple_braeburn_1/r1_301.jpg,apple_braeburn_1,test
Images/Validation/apple_braeburn_1/r1_305.jpg,apple_braeburn_1,test
Images/Validation/apple_braeburn_1/r1_309.jpg,apple_braeburn_1,test
Images/Validation/apple_braeburn_1/r1_313.jpg,apple_braeburn_1,test
Images/Validation/apple_braeburn_1/r1_317.jpg,apple_braeburn_1,test
Images/Validation/apple_braeburn_1/r1_33.jpg,apple_braeburn_1,train
Images/Validation/apple_braeburn_1/r1_37.jpg,apple_braeburn_1,train
Images/Validation/apple_braeburn_1/r1_41.jpg,apple_braeburn_1,train
Images/Validation/apple_braeburn_1/r1_45.jpg,apple_braeburn_1,train
Images/Validation/apple_braeburn_1/r1_49.jpg,apple_braeburn_1,train
Images/Validation/apple_braeburn_1/r1_5.jpg,apple_braeburn_1,train
Images/Validation/apple_braeburn_1/r1_53.jpg,apple_braeburn_1,train
Images/Validation/apple_braeburn_1/r1_57.jpg,apple_braeburn_1,train
Images/Validation/apple_braeburn_1/r1_61.jpg,apple_braeburn_1,train
Images/Validation/apple_braeburn_1/r1_65.jpg,apple_braeburn_1,train
Images/Validation/apple_braeburn_1/r1_69.jpg,apple_braeburn_1,train
Images/Validation/apple_braeburn_1/r1_73.jpg,apple_braeburn_1,train
Images/Validation/apple_braeburn_1/r1_77.jpg,apple_braeburn_1,train
Images/Validation/apple_braeburn_1/r1_81.jpg,apple_braeburn_1,train
Images/Validation/apple_braeburn_1/r1_85.jpg,apple_braeburn_1,train
Images/Validation/apple_braeburn_1/r1_89.jpg,apple_braeburn_1,train
Images/Validation/apple_braeburn_1/r1_9.jpg,apple_braeburn_1,train
Images/Validation/apple_braeburn_1/r1_93.jpg,apple_braeburn_1,train
Images/Validation/apple_braeburn_1/r1_97.jpg,apple_braeburn_1,train
Images/Validation/apple_crimson_snow_1/r0_1.jpg,apple_crimson_snow_1,train
Images/Validation/apple_crimson_snow_1/r0_101.jpg,apple_crimson_snow_1,train
Images/Validation/apple_crimson_snow_1/r0_105.jpg,apple_crimson_snow_1,train
Images/Validation/apple_crimson_snow_1/r0_109.jpg,apple_crimson_snow_1,train
Images/Validation/apple_crimson_snow_1/r0_113.jpg,apple_crimson_snow_1,train
Images/Validation/apple_crimson_snow_1/r0_117.jpg,apple_crimson_snow_1,train
Images/Validation/apple_crimson_snow_1/r0_121.jpg,apple_crimson_snow_1,train
Images/Validation/apple_crimson_snow_1/r0_125.jpg,apple_crimson_snow_1,train
Images/Validation/apple_crimson_snow_1/r0_129.jpg,apple_crimson_snow_1,train
Images/Validation/apple_crimson_snow_1/r0_13.jpg,apple_crimson_snow_1,train
Images/Validation/apple_crimson_snow_1/r0_133.jpg,apple_crimson_snow_1,train
Images/Validation/apple_crimson_snow_1/r0_137.jpg,apple_crimson_snow_1,train
Images/Validation/apple_crimson_snow_1/r0_141.jpg,apple_crimson_snow_1,train
Images/Validation/apple_crimson_snow_1/r0_145.jpg,apple_crimson_snow_1,train
Images/Validation/apple_crimson_snow_1/r0_149.jpg,apple_crimson_snow_1,train
Images/Validation/apple_crimson_snow_1/r0_153.jpg,apple_crimson_snow_1,train
Images/Validation/apple_crimson_snow_1/r0_157.jpg,apple_crimson_snow_1,train
Images/Validation/apple_crimson_snow_1/r0_161.jpg,apple_crimson_snow_1,train
Images/Validation/apple_crimson_snow_1/r0_165.jpg,apple_crimson_snow_1,train
Images/Validation/apple_crimson_snow_1/r0_169.jpg,apple_crimson_snow_1,train
Images/Validation/apple_crimson_snow_1/r0_17.jpg,apple_crimson_snow_1,train
Images/Validation/apple_crimson_snow_1/r0_173.jpg,apple_crimson_snow_1,train
Images/Validation/apple_crimson_snow_1/r0_177.jpg,apple_crimson_snow_1,train
Images/Validation/apple_crimson_snow_1/r0_181.jpg,apple_crimson_snow_1,train
Images/Validation/apple_crimson_snow_1/r0_185.jpg,apple_crimson_snow_1,train
Images/Validation/apple_crimson_snow_1/r0_189.jpg,apple_crimson_snow_1,train
Images/Validation/apple_crimson_snow_1/r0_193.jpg,apple_crimson_snow_1,train
Images/Validation/apple_crimson_snow_1/r0_197.jpg,apple_crimson_snow_1,train
Images/Validation/apple_crimson_snow_1/r0_201.jpg,apple_crimson_snow_1,train
Images/Validation/apple_crimson_snow_1/r0_205.jpg,apple_crimson_snow_1,train
Images/Validation/apple_crimson_snow_1/r0_209.jpg,apple_crimson_snow_1,train
Images/Validation/apple_crimson_snow_1/r0_21.jpg,apple_crimson_snow_1,train
Images/Validation/apple_crimson_snow_1/r0_213.jpg,apple_crimson_snow_1,train
Images/Validation/apple_crimson_snow_1/r0_217.jpg,apple_crimson_snow_1,train
Images/Validation/apple_crimson_snow_1/r0_221.jpg,apple_crimson_snow_1,val
Images/Validation/apple_crimson_snow_1/r0_225.jpg,apple_crimson_snow_1,val
Images/Validation/apple_crimson_snow_1/r0_229.jpg,apple_crimson_snow_1,val
Images/Validation/apple_crimson_snow_1/r0_233.jpg,apple_crimson_snow_1,val
Images/Validation/apple_crimson_snow_1/r0_237.jpg,apple_crimson_snow_1,val
Images/Validation/apple_crimson_snow_1/r0_241.jpg,apple_crimson_snow_1,val
Images/Validation/apple_crimson_snow_1/r0_245.jpg,apple_crimson_snow_1,val
Images/Validation/apple_crimson_snow_1/r0_249.jpg,apple_crimson_snow_1,val
Images/Validation/apple_crimson_snow_1/r0_25.jpg,apple_crimson_snow_1,train
Images/Validation/apple_crimson_snow_1/r0_253.jpg,apple_crimson_snow_1,val
Images/Validation/apple_crimson_snow_1/r0_257.jpg,apple_crimson_snow_1,val
Images/Validation/apple_crimson_snow_1/r0_261.jpg,apple_crimson_snow_1,val
Images/Validation/apple_crimson_snow_1/r0_265.jpg,apple_crimson_snow_1,val
Images/Validation/apple_crimson_snow_1/r0_269.jpg,apple_crimson_snow_1,test
Images/Validation/apple_crimson_snow_1/r0_273.jpg,apple_crimson_snow_1,test
Images/Validation/apple_crimson_snow_1/r0_277.jpg,apple_crimson_snow_1,test
Images/Validation/apple_crimson_snow_1/r0_281.jpg,apple_crimson_snow_1,test
Images/Validation/apple_crimson_snow_1/r0_285.jpg,apple_crimson_snow_1,test
Images/Validation/apple_crimson_snow_1/r0_289.jpg,apple_crimson_snow_1,test
Images/Validation/apple_crimson_snow_1/r0_29.jpg,apple_crimson_snow_1,train
Images/Validation/apple_crimson_snow_1/r0_293.jpg,apple_crimson_snow_1,test
Images/Validation/apple_crimson_snow_1/r0_297.jpg,apple_crimson_snow_1,test
Images/Validation/apple_crimson_snow_1/r0_301.jpg,apple_crimson_snow_1,test
Images/Validation/apple_crimson_snow_1/r0_305.jpg,apple_crimson_snow_1,test
Images/Validation/apple_crimson_snow_1/r0_309.jpg,apple_crimson_snow_1,test
Images/Validation/apple_crimson_snow_1/r0_313.jpg,apple_crimson_snow_1,test
Images/Validation/apple_crimson_snow_1/r0_33.jpg,apple_crimson_snow_1,train
Images/Validation/apple_crimson_snow_1/r0_37.jpg,apple_crimson_snow_1,train
Images/Validation/apple_crimson_snow_1/r0_41.jpg,apple_crimson_snow_1,train
Images/Validation/apple_crimson_snow_1/r0_45.jpg,apple_crimson_snow_1,train
Images/Validation/apple_crimson_snow_1/r0_49.jpg,apple_crimson_snow_1,train
Images/Validation/apple_crimson_snow_1/r0_5.jpg,apple_crimson_snow_1,train
Images/Validation/apple_crimson_snow_1/r0_53.jpg,apple_crimson_snow_1,train
Images/Validation/apple_crimson_snow_1/r0_57.jpg,apple_crimson_snow_1,train
Images/Validation/apple_crimson_snow_1/r0_61.jpg,apple_crimson_snow_1,train
Images/Validation/apple_crimson_snow_1/r0_65.jpg,apple_crimson_snow_1,train
Images/Validation/apple_crimson_snow_1/r0_69.jpg,apple_crimson_snow_1,train
Images/Validation/apple_crimson_snow_1/r0_73.jpg,apple_crimson_snow_1,train
Images/Validation/apple_crimson_snow_1/r0_77.jpg,apple_crimson_snow_1,train
Images/Validation/apple_crimson_snow_1/r0_81.jpg,apple_crimson_snow_1,train
Images/Validation/apple_crimson_snow_1/r0_85.jpg,apple_crimson_snow_1,train
Images/Validation/apple_crimson_snow_1/r0_89.jpg,apple_crimson_snow_1,train
Images/Validation/apple_crimson_snow_1/r0_9.jpg,apple_crimson_snow_1,train
Images/Validation/apple_crimson_snow_1/r0_93.jpg,apple_crimson_snow_1,train
Images/Validation/apple_crimson_snow_1/r0_97.jpg,apple_crimson_snow_1,train
Images/Validation/apple_crimson_snow_1/r1_1.jpg,apple_crimson_snow_1,train
Images/Validation/apple_crimson_snow_1/r1_101.jpg,apple_crimson_snow_1,train
Images/Validation/apple_crimson_snow_1/r1_105.jpg,apple_crimson_snow_1,train
Images/Validation/apple_crimson_snow_1/r1_109.jpg,apple_crimson_snow_1,train
Images/Validation/apple_crimson_snow_1/r1_113.jpg,apple_crimson_snow_1,train
Images/Validation/apple_crimson_snow_1/r1_117.jpg,apple_crimson_snow_1,train
Images/Validation/apple_crimson_snow_1/r1_121.jpg,apple_crimson_snow_1,train
Images/Validation/apple_crimson_snow_1/r1_125.jpg,apple_crimson_snow_1,train
Images/Validation/apple_crimson_snow_1/r1_129.jpg,apple_crimson_snow_1,train
Images/Validation/apple_crimson_snow_1/r1_13.jpg,apple_crimson_snow_1,train
Images/Validation/apple_crimson_snow_1/r1_133.jpg,apple_crimson_snow_1,train
Images/Validation/apple_crimson_snow_1/r1_137.jpg,apple_crimson_snow_1,train
Images/Validation/apple_crimson_snow_1/r1_141.jpg,apple_crimson_snow_1,train
Images/Validation/apple_crimson_snow_1/r1_145.jpg,apple_crimson_snow_1,train
Images/Validation/apple_crimson_snow_1/r1_149.jpg,apple_crimson_snow_1,train
Images/Validation/apple_crimson_snow_1/r1_153.jpg,apple_crimson_snow_1,train
Images/Validation/apple_crimson_snow_1/r1_157.jpg,apple_crimson_snow_1,train
Images/Validation/apple_crimson_snow_1/r1_161.jpg,apple_crimson_snow_1,train
Images/Validation/apple_crimson_snow_1/r1_165.jpg,apple_crimson_snow_1,train
Images/Validation/apple_crimson_snow_1/r1_169.jpg,apple_crimson_snow_1,train
Images/Validation/apple_crimson_snow_1/r1_17.jpg,apple_crimson_snow_1,train
Images/Validation/apple_crimson_snow_1/r1_173.jpg,apple_crimson_snow_1,train
Images/Validation/apple_crimson_snow_1/r1_177.jpg,apple_crimson_snow_1,train
Images/Validation/apple_crimson_snow_1/r1_181.jpg,apple_crimson_snow_1,train
Images/Validation/apple_crimson_snow_1/r1_185.jpg,apple_crimson_snow_1,train
Images/Validation/apple_crimson_snow_1/r1_189.jpg,apple_crimson_snow_1,train
Images/Validation/apple_crimson_snow_1/r1_193.jpg,apple_crimson_snow_1,train
Images/Validation/apple_crimson_snow_1/r1_197.jpg,apple_crimson_snow_1,train
Images/Validation/apple_crimson_snow_1/r1_201.jpg,apple_crimson_snow_1,train
Images/Validation/apple_crimson_snow_1/r1_205.jpg,apple_crimson_snow_1,train
Images/Validation/apple_crimson_snow_1/r1_209.jpg,apple_crimson_snow_1,train
Images/Validation/apple_crimson_snow_1/r1_21.jpg,apple_crimson_snow_1,train
Images/Validation/apple_crimson_snow_1/r1_213.jpg,apple_crimson_snow_1,train
Images/Validation/apple_crimson_snow_1/r1_217.jpg,apple_crimson_snow_1,train
Images/Validation/apple_crimson_snow_1/r1_221.jpg,apple_crimson_snow_1,train
Images/Validation/apple_crimson_snow_1/r1_225.jpg,apple_crimson_snow_1,val
Images/Validation/apple_crimson_snow_1/r1_229.jpg,apple_crimson_snow_1,val
Images/Validation/apple_crimson_snow_1/r1_233.jpg,apple_crimson_snow_1,val
Images/Validation/apple_crimson_snow_1/r1_237.jpg,apple_crimson_snow_1,val
Images/Validation/apple_crimson_snow_1/r1_241.jpg,apple_crimson_snow_1,val
Images/Validation/apple_crimson_snow_1/r1_245.jpg,apple_crimson_snow_1,val
Images/Validation/apple_crimson_snow_1/r1_249.jpg,apple_crimson_snow_1,val
Images/Validation/apple_crimson_snow_1/r1_25.jpg,apple_crimson_snow_1,train
Images/Validation/apple_crimson_snow_1/r1_253.jpg,apple_crimson_snow_1,val
Images/Validation/apple_crimson_snow_1/r1_257.jpg,apple_crimson_snow_1,val
Images/Validation/apple_crimson_snow_1/r1_261.jpg,apple_crimson_snow_1,val
Images/Validation/apple_crimson_snow_1/r1_265.jpg,apple_crimson_snow_1,val
Images/Validation/apple_crimson_snow_1/r1_269.jpg,apple_crimson_snow_1,val
Images/Validation/apple_crimson_snow_1/r1_273.jpg,apple_crimson_snow_1,test
Images/Validation/apple_crimson_snow_1/r1_277.jpg,apple_crimson_snow_1,test
Images/Validation/apple_crimson_snow_1/r1_281.jpg,apple_crimson_snow_1,test
Images/Validation/apple_crimson_snow_1/r1_285.jpg,apple_crimson_snow_1,test
Images/Validation/apple_crimson_snow_1/r1_289.jpg,apple_crimson_snow_1,test
Images/Validation/apple_crimson_snow_1/r1_29.jpg,apple_crimson_snow_1,train
Images/Validation/apple_crimson_snow_1/r1_293.jpg,apple_crimson_snow_1,test
Images/Validation/apple_crimson_snow_1/r1_297.jpg,apple_crimson_snow_1,test
Images/Validation/apple_crimson_snow_1/r1_301.jpg,apple_crimson_snow_1,test
Images/Validation/apple_crimson_snow_1/r1_305.jpg,apple_crimson_snow_1,test
Images/Validation/apple_crimson_snow_1/r1_309.jpg,apple_crimson_snow_1,test
Images/Validation/apple_crimson_snow_1/r1_313.jpg,apple_crimson_snow_1,test
Images/Validation/apple_crimson_snow_1/r1_317.jpg,apple_crimson_snow_1,test
Images/Validation/apple_crimson_snow_1/r1_33.jpg,apple_crimson_snow_1,train
Images/Validation/apple_crimson_snow_1/r1_37.jpg,apple_crimson_snow_1,train
Images/Validation/apple_crimson_snow_1/r1_41.jpg,apple_crimson_snow_1,train
Images/Validation/apple_crimson_snow_1/r1_45.jpg,apple_crimson_snow_1,train
Images/Validation/apple_crimson_snow_1/r1_49.jpg,apple_crimson_snow_1,train
Images/Validation/apple_crimson_snow_1/r1_5.jpg,apple_crimson_snow_1,train
Images/Validation/apple_crimson_snow_1/r1_53.jpg,apple_crimson_snow_1,train
Images/Validation/apple_crimson_snow_1/r1_57.jpg,apple_crimson_snow_1,train
Images/Validation/apple_crimson_snow_1/r1_61.jpg,apple_crimson_snow_1,train
Images/Validation/apple_crimson_snow_1/r1_65.jpg,apple_crimson_snow_1,train
Images/Validation/apple_crimson_snow_1/r1_69.jpg,apple_crimson_snow_1,train
Images/Validation/apple_crimson_snow_1/r1_73.jpg,apple_crimson_snow_1,train
Images/Validation/apple_crimson_snow_1/r1_77.jpg,apple_crimson_snow_1,train
Images/Validation/apple_crimson_snow_1/r1_81.jpg,apple_crimson_snow_1,train
Images/Validation/apple_crimson_snow_1/r1_85.jpg,apple_crimson_snow_1,train
Images/Validation/apple_crimson_snow_1/r1_89.jpg,apple_crimson_snow_1,train
Images/Validation/apple_crimson_snow_1/r1_9.jpg,apple_crimson_snow_1,train
Images/Validation/apple_crimson_snow_1/r1_93.jpg,apple_crimson_snow_1,train
Images/Validation/apple_crimson_snow_1/r1_97.jpg,apple_crimson_snow_1,train
Images/Validation/apple_golden_1/r0_1.jpg,apple_golden_1,train
Images/Validation/apple_golden_1/r0_101.jpg,apple_golden_1,train
Images/Validation/apple_golden_1/r0_105.jpg,apple_golden_1,train
Images/Validation/apple_golden_1/r0_109.jpg,apple_golden_1,train
Images/Validation/apple_golden_1/r0_113.jpg,apple_golden_1,train
Images/Validation/apple_golden_1/r0_117.jpg,apple_golden_1,train
Images/Validation/apple_golden_1/r0_121.jpg,apple_golden_1,train
Images/Validation/apple_golden_1/r0_125.jpg,apple_golden_1,train
Images/Validation/apple_golden_1/r0_129.jpg,apple_golden_1,train
Images/Validation/apple_golden_1/r0_13.jpg,apple_golden_1,train
Images/Validation/apple_golden_1/r0_133.jpg,apple_golden_1,train
Images/Validation/apple_golden_1/r0_137.jpg,apple_golden_1,train
Images/Validation/apple_golden_1/r0_141.jpg,apple_golden_1,train
Images/Validation/apple_golden_1/r0_145.jpg,apple_golden_1,train
Images/Validation/apple_golden_1/r0_149.jpg,apple_golden_1,train
Images/Validation/apple_golden_1/r0_153.jpg,apple_golden_1,train
Images/Validation/apple_golden_1/r0_157.jpg,apple_golden_1,train
Images/Validation/apple_golden_1/r0_161.jpg,apple_golden_1,train
Images/Validation/apple_golden_1/r0_165.jpg,apple_golden_1,train
Images/Validation/apple_golden_1/r0_169.jpg,apple_golden_1,train
Images/Validation/apple_golden_1/r0_17.jpg,apple_golden_1,train
Images/Validation/apple_golden_1/r0_173.jpg,apple_golden_1,train
Images/Validation/apple_golden_1/r0_177.jpg,apple_golden_1,train
Images/Validation/apple_golden_1/r0_181.jpg,apple_golden_1,train
Images/Validation/apple_golden_1/r0_185.jpg,apple_golden_1,train
Images/Validation/apple_golden_1/r0_189.jpg,apple_golden_1,train
Images/Validation/apple_golden_1/r0_193.jpg,apple_golden_1,train
Images/Validation/apple_golden_1/r0_197.jpg,apple_golden_1,train
Images/Validation/apple_golden_1/r0_201.jpg,apple_golden_1,train
Images/Validation/apple_golden_1/r0_205.jpg,apple_golden_1,train
Images/Validation/apple_golden_1/r0_209.jpg,apple_golden_1,train
Images/Validation/apple_golden_1/r0_21.jpg,apple_golden_1,train
Images/Validation/apple_golden_1/r0_213.jpg,apple_golden_1,train
Images/Validation/apple_golden_1/r0_217.jpg,apple_golden_1,val
Images/Validation/apple_golden_1/r0_221.jpg,apple_golden_1,val
Images/Validation/apple_golden_1/r0_225.jpg,apple_golden_1,val
Images/Validation/apple_golden_1/r0_229.jpg,apple_golden_1,val
Images/Validation/apple_golden_1/r0_233.jpg,apple_golden_1,val
Images/Validation/apple_golden_1/r0_237.jpg,apple_golden_1,val
Images/Validation/apple_golden_1/r0_241.jpg,apple_golden_1,val
Images/Validation/apple_golden_1/r0_245.jpg,apple_golden_1,val
Images/Validation/apple_golden_1/r0_249.jpg,apple_golden_1,val
Images/Validation/apple_golden_1/r0_25.jpg,apple_golden_1,train
Images/Validation/apple_golden_1/r0_253.jpg,apple_golden_1,val
Images/Validation/apple_golden_1/r0_257.jpg,apple_golden_1,val
Images/Validation/apple_golden_1/r0_261.jpg,apple_golden_1,val
Images/Validation/apple_golden_1/r0_265.jpg,apple_golden_1,test
Images/Validation/apple_golden_1/r0_269.jpg,apple_golden_1,test
Images/Validation/apple_golden_1/r0_273.jpg,apple_golden_1,test
Images/Validation/apple_golden_1/r0_277.jpg,apple_golden_1,test
Images/Validation/apple_golden_1/r0_281.jpg,apple_golden_1,test
Images/Validation/apple_golden_1/r0_285.jpg,apple_golden_1,test
Images/Validation/apple_golden_1/r0_289.jpg,apple_golden_1,test
Images/Validation/apple_golden_1/r0_29.jpg,apple_golden_1,train
Images/Validation/apple_golden_1/r0_293.jpg,apple_golden_1,test
Images/Validation/apple_golden_1/r0_297.jpg,apple_golden_1,test
Images/Validation/apple_golden_1/r0_301.jpg,apple_golden_1,test
Images/Validation/apple_golden_1/r0_305.jpg,apple_golden_1,test
Images/Validation/apple_golden_1/r0_33.jpg,apple_golden_1,train
Images/Validation/apple_golden_1/r0_37.jpg,apple_golden_1,train
Images/Validation/apple_golden_1/r0_41.jpg,apple_golden_1,train
Images/Validation/apple_golden_1/r0_45.jpg,apple_golden_1,train
Images/Validation/apple_golden_1/r0_49.jpg,apple_golden_1,train
Images/Validation/apple_golden_1/r0_5.jpg,apple_golden_1,train
Images/Validation/apple_golden_1/r0_53.jpg,apple_golden_1,train
Images/Validation/apple_golden_1/r0_57.jpg,apple_golden_1,train
Images/Validation/apple_golden_1/r0_61.jpg,apple_golden_1,train
Images/Validation/apple_golden_1/r0_65.jpg,apple_golden_1,train
Images/Validation/apple_golden_1/r0_69.jpg,apple_golden_1,train
Images/Validation/apple_golden_1/r0_73.jpg,apple_golden_1,train
Images/Validation/apple_golden_1/r0_77.jpg,apple_golden_1,train
Images/Validation/apple_golden_1/r0_81.jpg,apple_golden_1,train
Images/Validation/apple_golden_1/r0_85.jpg,apple_golden_1,train
Images/Validation/apple_golden_1/r0_89.jpg,apple_golden_1,train
Images/Validation/apple_golden_1/r0_9.jpg,apple_golden_1,train
Images/Validation/apple_golden_1/r0_93.jpg,apple_golden_1,train
Images/Validation/apple_golden_1/r0_97.jpg,apple_golden_1,train
Images/Validation/apple_golden_1/r1_1.jpg,apple_golden_1,train
Images/Validation/apple_golden_1/r1_101.jpg,apple_golden_1,train
Images/Validation/apple_golden_1/r1_105.jpg,apple_golden_1,train
Images/Validation/apple_golden_1/r1_109.jpg,apple_golden_1,train
Images/Validation/apple_golden_1/r1_113.jpg,apple_golden_1,train
Images/Validation/apple_golden_1/r1_117.jpg,apple_golden_1,train
Images/Validation/apple_golden_1/r1_121.jpg,apple_golden_1,train
Images/Validation/apple_golden_1/r1_125.jpg,apple_golden_1,train
Images/Validation/apple_golden_1/r1_129.jpg,apple_golden_1,train
Images/Validation/apple_golden_1/r1_13.jpg,apple_golden_1,train
Images/Validation/apple_golden_1/r1_133.jpg,apple_golden_1,train
Images/Validation/apple_golden_1/r1_137.jpg,apple_golden_1,train
Images/Validation/apple_golden_1/r1_141.jpg,apple_golden_1,train
Images/Validation/apple_golden_1/r1_145.jpg,apple_golden_1,train
Images/Validation/apple_golden_1/r1_149.jpg,apple_golden_1,train
Images/Validation/apple_golden_1/r1_153.jpg,apple_golden_1,train
Images/Validation/apple_golden_1/r1_157.jpg,apple_golden_1,train
Images/Validation/apple_golden_1/r1_161.jpg,apple_golden_1,train
Images/Validation/apple_golden_1/r1_165.jpg,apple_golden_1,train
Images/Validation/apple_golden_1/r1_169.jpg,apple_golden_1,train
Images/Validation/apple_golden_1/r1_17.jpg,apple_golden_1,train
Images/Validation/apple_golden_1/r1_173.jpg,apple_golden_1,train
Images/Validation/apple_golden_1/r1_177.jpg,apple_golden_1,train
Images/Validation/apple_golden_1/r1_181.jpg,apple_golden_1,train
Images/Validation/apple_golden_1/r1_185.jpg,apple_golden_1,train
Images/Validation/apple_golden_1/r1_189.jpg,apple_golden_1,train
Images/Validation/apple_golden_1/r1_193.jpg,apple_golden_1,train
Images/Validation/apple_golden_1/r1_197.jpg,apple_golden_1,train
Images/Validation/apple_golden_1/r1_201.jpg,apple_golden_1,train
Images/Validation/apple_golden_1/r1_205.jpg,apple_golden_1,train
Images/Validation/apple_golden_1/r1_209.jpg,apple_golden_1,train
Images/Validation/apple_golden_1/r1_21.jpg,apple_golden_1,train
Images/Validation/apple_golden_1/r1_213.jpg,apple_golden_1,train
Images/Validation/apple_golden_1/r1_217.jpg,apple_golden_1,val
Images/Validation/apple_golden_1/r1_221.jpg,apple_golden_1,val
Images/Validation/apple_golden_1/r1_225.jpg,apple_golden_1,val
Images/Validation/apple_golden_1/r1_229.jpg,apple_golden_1,val
Images/Validation/apple_golden_1/r1_233.jpg,apple_golden_1,val
Images/Validation/apple_golden_1/r1_237.jpg,apple_golden_1,val
Images/Validation/apple_golden_1/r1_241.jpg,apple_golden_1,val
Images/Validation/apple_golden_1/r1_245.jpg,apple_golden_1,val
Images/Validation/apple_golden_1/r1_249.jpg,apple_golden_1,val
Images/Validation/apple_golden_1/r1_25.jpg,apple_golden_1,train
Images/Validation/apple_golden_1/r1_253.jpg,apple_golden_1,val
Images/Validation/apple_golden_1/r1_257.jpg,apple_golden_1,val
Images/Validation/apple_golden_1/r1_261.jpg,apple_golden_1,val
Images/Validation/apple_golden_1/r1_265.jpg,apple_golden_1,test
Images/Validation/apple_golden_1/r1_269.jpg,apple_golden_1,test
Images/Validation/apple_golden_1/r1_273.jpg,apple_golden_1,test
Images/Validation/apple_golden_1/r1_277.jpg,apple_golden_1,test
Images/Validation/apple_golden_1/r1_281.jpg,apple_golden_1,test
Images/Validation/apple_golden_1/r1_285.jpg,apple_golden_1,test
Images/Validation/apple_golden_1/r1_289.jpg,apple_golden_1,test
Images/Validation/apple_golden_1/r1_29.jpg,apple_golden_1,train
Images/Validation/apple_golden_1/r1_293.jpg,apple_golden_1,test
Images/Validation/apple_golden_1/r1_297.jpg,apple_golden_1,test
Images/Validation/apple_golden_1/r1_301.jpg,apple_golden_1,test
Images/Validation/apple_golden_1/r1_305.jpg,apple_golden_1,test
Images/Validation/apple_golden_1/r1_33.jpg,apple_golden_1,train
Images/Validation/apple_golden_1/r1_37.jpg,apple_golden_1,train
Images/Validation/apple_golden_1/r1_41.jpg,apple_golden_1,train
Images/Validation/apple_golden_1/r1_45.jpg,apple_golden_1,train
Images/Validation/apple_golden_1/r1_49.jpg,apple_golden_1,train
Images/Validation/apple_golden_1/r1_5.jpg,apple_golden_1,train
Images/Validation/apple_golden_1/r1_53.jpg,apple_golden_1,train
Images/Validation/apple_golden_1/r1_57.jpg,apple_golden_1,train
Images/Validation/apple_golden_1/r1_61.jpg,apple_golden_1,train
Images/Validation/apple_golden_1/r1_65.jpg,apple_golden_1,train
Images/Validation/apple_golden_1/r1_69.jpg,apple_golden_1,train
Images/Validation/apple_golden_1/r1_73.jpg,apple_golden_1,train
Images/Validation/apple_golden_1/r1_77.jpg,apple_golden_1,train
Images/Validation/apple_golden_1/r1_81.jpg,apple_golden_1,train
Images/Validation/apple_golden_1/r1_85.jpg,apple_golden_1,train
Images/Validation/apple_golden_1/r1_89.jpg,apple_golden_1,train
Images/Validation/apple_golden_1/r1_9.jpg,apple_golden_1,train
Images/Validation/apple_golden_1/r1_93.jpg,apple_golden_1,train
Images/Validation/apple_golden_1/r1_97.jpg,apple_golden_1,train
Images/Validation/apple_golden_2/r0_1.jpg,apple_golden_2,train
Images/Validation/apple_golden_2/r0_101.jpg,apple_golden_2,train
Images/Validation/apple_golden_2/r0_105.jpg,apple_golden_2,train
Images/Validation/apple_golden_2/r0_109.jpg,apple_golden_2,train
Images/Validation/apple_golden_2/r0_113.jpg,apple_golden_2,train
Images/Validation/apple_golden_2/r0_117.jpg,apple_golden_2,train
Images/Validation/apple_golden_2/r0_121.jpg,apple_golden_2,train
Images/Validation/apple_golden_2/r0_125.jpg,apple_golden_2,train
Images/Validation/apple_golden_2/r0_129.jpg,apple_golden_2,train
Images/Validation/apple_golden_2/r0_13.jpg,apple_golden_2,train
Images/Validation/apple_golden_2/r0_133.jpg,apple_golden_2,train
Images/Validation/apple_golden_2/r0_137.jpg,apple_golden_2,train
Images/Validation/apple_golden_2/r0_141.jpg,apple_golden_2,train
Images/Validation/apple_golden_2/r0_145.jpg,apple_golden_2,train
Images/Validation/apple_golden_2/r0_149.jpg,apple_golden_2,train
Images/Validation/apple_golden_2/r0_153.jpg,apple_golden_2,train
Images/Validation/apple_golden_2/r0_157.jpg,apple_golden_2,train
Images/Validation/apple_golden_2/r0_161.jpg,apple_golden_2,train
Images/Validation/apple_golden_2/r0_165.jpg,apple_golden_2,train
Images/Validation/apple_golden_2/r0_169.jpg,apple_golden_2,train
Images/Validation/apple_golden_2/r0_17.jpg,apple_golden_2,train
Images/Validation/apple_golden_2/r0_173.jpg,apple_golden_2,train
Images/Validation/apple_golden_2/r0_177.jpg,apple_golden_2,train
Images/Validation/apple_golden_2/r0_181.jpg,apple_golden_2,train
Images/Validation/apple_golden_2/r0_185.jpg,apple_golden_2,train
Images/Validation/apple_golden_2/r0_189.jpg,apple_golden_2,train
Images/Validation/apple_golden_2/r0_193.jpg,apple_golden_2,train
Images/Validation/apple_golden_2/r0_197.jpg,apple_golden_2,train
Images/Validation/apple_golden_2/r0_201.jpg,apple_golden_2,train
Images/Validation/apple_golden_2/r0_205.jpg,apple_golden_2,train
Images/Validation/apple_golden_2/r0_209.jpg,apple_golden_2,train
Images/Validation/apple_golden_2/r0_21.jpg,apple_golden_2,train
Images/Validation/apple_golden_2/r0_213.jpg,apple_golden_2,train
Images/Validation/apple_golden_2/r0_217.jpg,apple_golden_2,val
Images/Validation/apple_golden_2/r0_221.jpg,apple_golden_2,val
Images/Validation/apple_golden_2/r0_225.jpg,apple_golden_2,val
Images/Validation/apple_golden_2/r0_229.jpg,apple_golden_2,val
Images/Validation/apple_golden_2/r0_233.jpg,apple_golden_2,val
Images/Validation/apple_golden_2/r0_237.jpg,apple_golden_2,val
Images/Validation/apple_golden_2/r0_241.jpg,apple_golden_2,val
Images/Validation/apple_golden_2/r0_245.jpg,apple_golden_2,val
Images/Validation/apple_golden_2/r0_249.jpg,apple_golden_2,val
Images/Validation/apple_golden_2/r0_25.jpg,apple_golden_2,train
Images/Validation/apple_golden_2/r0_253.jpg,apple_golden_2,val
Images/Validation/apple_golden_2/r0_257.jpg,apple_golden_2,val
Images/Validation/apple_golden_2/r0_261.jpg,apple_golden_2,val
Images/Validation/apple_golden_2/r0_265.jpg,apple_golden_2,test
Images/Validation/apple_golden_2/r0_269.jpg,apple_golden_2,test
Images/Validation/apple_golden_2/r0_273.jpg,apple_golden_2,test
Images/Validation/apple_golden_2/r0_277.jpg,apple_golden_2,test
Images/Validation/apple_golden_2/r0_281.jpg,apple_golden_2,test
Images/Validation/apple_golden_2/r0_285.jpg,apple_golden_2,test
Images/Validation/apple_golden_2/r0_289.jpg,apple_golden_2,test
Images/Validation/apple_golden_2/r0_29.jpg,apple_golden_2,train
Images/Validation/apple_golden_2/r0_293.jpg,apple_golden_2,test
Images/Validation/apple_golden_2/r0_297.jpg,apple_golden_2,test
Images/Validation/apple_golden_2/r0_301.jpg,apple_golden_2,test
Images/Validation/apple_golden_2/r0_305.jpg,apple_golden_2,test
Images/Validation/apple_golden_2/r0_33.jpg,apple_golden_2,train
Images/Validation/apple_golden_2/r0_37.jpg,apple_golden_2,train
Images/Validation/apple_golden_2/r0_41.jpg,apple_golden_2,train
Images/Validation/apple_golden_2/r0_45.jpg,apple_golden_2,train
Images/Validation/apple_golden_2/r0_49.jpg,apple_golden_2,train
Images/Validation/apple_golden_2/r0_5.jpg,apple_golden_2,train
Images/Validation/apple_golden_2/r0_53.jpg,apple_golden_2,train
Images/Validation/apple_golden_2/r0_57.jpg,apple_golden_2,train
Images/Validation/apple_golden_2/r0_61.jpg,apple_golden_2,train
Images/Validation/apple_golden_2/r0_65.jpg,apple_golden_2,train
Images/Validation/apple_golden_2/r0_69.jpg,apple_golden_2,train
Images/Validation/apple_golden_2/r0_73.jpg,apple_golden_2,train
Images/Validation/apple_golden_2/r0_77.jpg,apple_golden_2,train
Images/Validation/apple_golden_2/r0_81.jpg,apple_golden_2,train
Images/Validation/apple_golden_2/r0_85.jpg,apple_golden_2,train
Images/Validation/apple_golden_2/r0_89.jpg,apple_golden_2,train
Images/Validation/apple_golden_2/r0_9.jpg,apple_golden_2,train
Images/Validation/apple_golden_2/r0_93.jpg,apple_golden_2,train
Images/Validation/apple_golden_2/r0_97.jpg,apple_golden_2,train
Images/Validation/apple_golden_2/r1_1.jpg,apple_golden_2,train
Images/Validation/apple_golden_2/r1_101.jpg,apple_golden_2,train
Images/Validation/apple_golden_2/r1_105.jpg,apple_golden_2,train
Images/Validation/apple_golden_2/r1_109.jpg,apple_golden_2,train
Images/Validation/apple_golden_2/r1_113.jpg,apple_golden_2,train
Images/Validation/apple_golden_2/r1_117.jpg,apple_golden_2,train
Images/Validation/apple_golden_2/r1_121.jpg,apple_golden_2,train
Images/Validation/apple_golden_2/r1_125.jpg,apple_golden_2,train
Images/Validation/apple_golden_2/r1_129.jpg,apple_golden_2,train
Images/Validation/apple_golden_2/r1_13.jpg,apple_golden_2,train
Images/Validation/apple_golden_2/r1_133.jpg,apple_golden_2,train
Images/Validation/apple_golden_2/r1_137.jpg,apple_golden_2,train
Images/Validation/apple_golden_2/r1_141.jpg,apple_golden_2,train
Images/Validation/apple_golden_2/r1_145.jpg,apple_golden_2,train
Images/Validation/apple_golden_2/r1_149.jpg,apple_golden_2,train
Images/Validation/apple_golden_2/r1_153.jpg,apple_golden_2,train
Images/Validation/apple_golden_2/r1_157.jpg,apple_golden_2,train
Images/Validation/apple_golden_2/r1_161.jpg,apple_golden_2,train
Images/Validation/apple_golden_2/r1_165.jpg,apple_golden_2,train
Images/Validation/apple_golden_2/r1_169.jpg,apple_golden_2,train
Images/Validation/apple_golden_2/r1_17.jpg,apple_golden_2,train
Images/Validation/apple_golden_2/r1_173.jpg,apple_golden_2,train
Images/Validation/apple_golden_2/r1_177.jpg,apple_golden_2,train
Images/Validation/apple_golden_2/r1_181.jpg,apple_golden_2,train
Images/Validation/apple_golden_2/r1_185.jpg,apple_golden_2,train
Images/Validation/apple_golden_2/r1_189.jpg,apple_golden_2,train
Images/Validation/apple_golden_2/r1_193.jpg,apple_golden_2,train
Images/Validation/apple_golden_2/r1_197.jpg,apple_golden_2,train
Images/Validation/apple_golden_2/r1_201.jpg,apple_golden_2,train
Images/Validation/apple_golden_2/r1_205.jpg,apple_golden_2,train
Images/Validation/apple_golden_2/r1_209.jpg,apple_golden_2,train
Images/Validation/apple_golden_2/r1_21.jpg,apple_golden_2,train
Images/Validation/apple_golden_2/r1_213.jpg,apple_golden_2,train
Images/Validation/apple_golden_2/r1_217.jpg,apple_golden_2,val
Images/Validation/apple_golden_2/r1_221.jpg,apple_golden_2,val
Images/Validation/apple_golden_2/r1_225.jpg,apple_golden_2,val
Images/Validation/apple_golden_2/r1_229.jpg,apple_golden_2,val
Images/Validation/apple_golden_2/r1_233.jpg,apple_golden_2,val
Images/Validation/apple_golden_2/r1_237.jpg,apple_golden_2,val
Images/Validation/apple_golden_2/r1_241.jpg,apple_golden_2,val
Images/Validation/apple_golden_2/r1_245.jpg,apple_golden_2,val
Images/Validation/apple_golden_2/r1_249.jpg,apple_golden_2,val
Images/Validation/apple_golden_2/r1_25.jpg,apple_golden_2,train
Images/Validation/apple_golden_2/r1_253.jpg,apple_golden_2,val
Images/Validation/apple_golden_2/r1_257.jpg,apple_golden_2,val
Images/Validation/apple_golden_2/r1_261.jpg,apple_golden_2,val
Images/Validation/apple_golden_2/r1_265.jpg,apple_golden_2,test
Images/Validation/apple_golden_2/r1_269.jpg,apple_golden_2,test
Images/Validation/apple_golden_2/r1_273.jpg,apple_golden_2,test
Images/Validation/apple_golden_2/r1_277.jpg,apple_golden_2,test
Images/Validation/apple_golden_2/r1_281.jpg,apple_golden_2,test
Images/Validation/apple_golden_2/r1_285.jpg,apple_golden_2,test
Images/Validation/apple_golden_2/r1_289.jpg,apple_golden_2,test
Images/Validation/apple_golden_2/r1_29.jpg,apple_golden_2,train
Images/Validation/apple_golden_2/r1_293.jpg,apple_golden_2,test
Images/Validation/apple_golden_2/r1_297.jpg,apple_golden_2,test
Images/Validation/apple_golden_2/r1_301.jpg,apple_golden_2,test
Images/Validation/apple_golden_2/r1_305.jpg,apple_golden_2,test
Images/Validation/apple_golden_2/r1_33.jpg,apple_golden_2,train
Images/Validation/apple_golden_2/r1_37.jpg,apple_golden_2,train
Images/Validation/apple_golden_2/r1_41.jpg,apple_golden_2,train
Images/Validation/apple_golden_2/r1_45.jpg,apple_golden_2,train
Images/Validation/apple_golden_2/r1_49.jpg,apple_golden_2,train
Images/Validation/apple_golden_2/r1_5.jpg,apple_golden_2,train
Images/Validation/apple_golden_2/r1_53.jpg,apple_golden_2,train
Images/Validation/apple_golden_2/r1_57.jpg,apple_golden_2,train
Images/Validation/apple_golden_2/r1_61.jpg,apple_golden_2,train
Images/Validation/apple_golden_2/r1_65.jpg,apple_golden_2,train
Images/Validation/apple_golden_2/r1_69.jpg,apple_golden_2,train
Images/Validation/apple_golden_2/r1_73.jpg,apple_golden_2,train
Images/Validation/apple_golden_2/r1_77.jpg,apple_golden_2,train
Images/Validation/apple_golden_2/r1_81.jpg,apple_golden_2,train
Images/Validation/apple_golden_2/r1_85.jpg,apple_golden_2,train
Images/Validation/apple_golden_2/r1_89.jpg,apple_golden_2,train
Images/Validation/apple_golden_2/r1_9.jpg,apple_golden_2,train
Images/Validation/apple_golden_2/r1_93.jpg,apple_golden_2,train
Images/Validation/apple_golden_2/r1_97.jpg,apple_golden_2,train
Images/Validation/apple_golden_3/r0_1.jpg,apple_golden_3,train
Images/Validation/apple_golden_3/r0_101.jpg,apple_golden_3,train
Images/Validation/apple_golden_3/r0_105.jpg,apple_golden_3,train
Images/Validation/apple_golden_3/r0_109.jpg,apple_golden_3,train
Images/Validation/apple_golden_3/r0_113.jpg,apple_golden_3,train
Images/Validation/apple_golden_3/r0_117.jpg,apple_golden_3,train
Images/Validation/apple_golden_3/r0_121.jpg,apple_golden_3,train
Images/Validation/apple_golden_3/r0_125.jpg,apple_golden_3,train
Images/Validation/apple_golden_3/r0_129.jpg,apple_golden_3,train
Images/Validation/apple_golden_3/r0_13.jpg,apple_golden_3,train
Images/Validation/apple_golden_3/r0_133.jpg,apple_golden_3,train
Images/Validation/apple_golden_3/r0_137.jpg,apple_golden_3,train
Images/Validation/apple_golden_3/r0_141.jpg,apple_golden_3,train
Images/Validation/apple_golden_3/r0_145.jpg,apple_golden_3,train
Images/Validation/apple_golden_3/r0_149.jpg,apple_golden_3,train
Images/Validation/apple_golden_3/r0_153.jpg,apple_golden_3,train
Images/Validation/apple_golden_3/r0_157.jpg,apple_golden_3,train
Images/Validation/apple_golden_3/r0_161.jpg,apple_golden_3,train
Images/Validation/apple_golden_3/r0_165.jpg,apple_golden_3,train
Images/Validation/apple_golden_3/r0_169.jpg,apple_golden_3,train
Images/Validation/apple_golden_3/r0_17.jpg,apple_golden_3,train
Images/Validation/apple_golden_3/r0_173.jpg,apple_golden_3,train
Images/Validation/apple_golden_3/r0_177.jpg,apple_golden_3,train
Images/Validation/apple_golden_3/r0_181.jpg,apple_golden_3,train
Images/Validation/apple_golden_3/r0_185.jpg,apple_golden_3,train
Images/Validation/apple_golden_3/r0_189.jpg,apple_golden_3,train
Images/Validation/apple_golden_3/r0_193.jpg,apple_golden_3,train
Images/Validation/apple_golden_3/r0_197.jpg,apple_golden_3,train
Images/Validation/apple_golden_3/r0_201.jpg,apple_golden_3,train
Images/Validation/apple_golden_3/r0_205.jpg,apple_golden_3,train
Images/Validation/apple_golden_3/r0_209.jpg,apple_golden_3,train
Images/Validation/apple_golden_3/r0_21.jpg,apple_golden_3,train
Images/Validation/apple_golden_3/r0_213.jpg,apple_golden_3,train
Images/Validation/apple_golden_3/r0_217.jpg,apple_golden_3,train
Images/Validation/apple_golden_3/r0_221.jpg,apple_golden_3,val
Images/Validation/apple_golden_3/r0_225.jpg,apple_golden_3,val
Images/Validation/apple_golden_3/r0_229.jpg,apple_golden_3,val
Images/Validation/apple_golden_3/r0_233.jpg,apple_golden_3,val
Images/Validation/apple_golden_3/r0_237.jpg,apple_golden_3,val
Images/Validation/apple_golden_3/r0_241.jpg,apple_golden_3,val
Images/Validation/apple_golden_3/r0_245.jpg,apple_golden_3,val
Images/Validation/apple_golden_3/r0_249.jpg,apple_golden_3,val
Images/Validation/apple_golden_3/r0_25.jpg,apple_golden_3,train
Images/Validation/apple_golden_3/r0_253.jpg,apple_golden_3,val
Images/Validation/apple_golden_3/r0_257.jpg,apple_golden_3,val
Images/Validation/apple_golden_3/r0_261.jpg,apple_golden_3,val
Images/Validation/apple_golden_3/r0_265.jpg,apple_golden_3,test
Images/Validation/apple_golden_3/r0_269.jpg,apple_golden_3,test
Images/Validation/apple_golden_3/r0_273.jpg,apple_golden_3,test
Images/Validation/apple_golden_3/r0_277.jpg,apple_golden_3,test
Images/Validation/apple_golden_3/r0_281.jpg,apple_golden_3,test
Images/Validation/apple_golden_3/r0_285.jpg,apple_golden_3,test
Images/Validation/apple_golden_3/r0_289.jpg,apple_golden_3,test
Images/Validation/apple_golden_3/r0_29.jpg,apple_golden_3,train
Images/Validation/apple_golden_3/r0_293.jpg,apple_golden_3,test
Images/Validation/apple_golden_3/r0_297.jpg,apple_golden_3,test
Images/Validation/apple_golden_3/r0_301.jpg,apple_golden_3,test
Images/Validation/apple_golden_3/r0_305.jpg,apple_golden_3,test
Images/Validation/apple_golden_3/r0_309.jpg,apple_golden_3,test
Images/Validation/apple_golden_3/r0_33.jpg,apple_golden_3,train
Images/Validation/apple_golden_3/r0_37.jpg,apple_golden_3,train
Images/Validation/apple_golden_3/r0_41.jpg,apple_golden_3,train
Images/Validation/apple_golden_3/r0_45.jpg,apple_golden_3,train
Images/Validation/apple_golden_3/r0_49.jpg,apple_golden_3,train
Images/Validation/apple_golden_3/r0_5.jpg,apple_golden_3,train
Images/Validation/apple_golden_3/r0_53.jpg,apple_golden_3,train
Images/Validation/apple_golden_3/r0_57.jpg,apple_golden_3,train
Images/Validation/apple_golden_3/r0_61.jpg,apple_golden_3,train
Images/Validation/apple_golden_3/r0_65.jpg,apple_golden_3,train
Images/Validation/apple_golden_3/r0_69.jpg,apple_golden_3,train
Images/Validation/apple_golden_3/r0_73.jpg,apple_golden_3,train
Images/Validation/apple_golden_3/r0_77.jpg,apple_golden_3,train
Images/Validation/apple_golden_3/r0_81.jpg,apple_golden_3,train
Images/Validation/apple_golden_3/r0_85.jpg,apple_golden_3,train
Images/Validation/apple_golden_3/r0_89.jpg,apple_golden_3,train
Images/Validation/apple_golden_3/r0_9.jpg,apple_golden_3,train
Images/Validation/apple_golden_3/r0_93.jpg,apple_golden_3,train
Images/Validation/apple_golden_3/r0_97.jpg,apple_golden_3,train
Images/Validation/apple_golden_3/r1_1.jpg,apple_golden_3,train
Images/Validation/apple_golden_3/r1_101.jpg,apple_golden_3,train
Images/Validation/apple_golden_3/r1_105.jpg,apple_golden_3,train
Images/Validation/apple_golden_3/r1_109.jpg,apple_golden_3,train
Images/Validation/apple_golden_3/r1_113.jpg,apple_golden_3,train
Images/Validation/apple_golden_3/r1_117.jpg,apple_golden_3,train
Images/Validation/apple_golden_3/r1_121.jpg,apple_golden_3,train
Images/Validation/apple_golden_3/r1_125.jpg,apple_golden_3,train
Images/Validation/apple_golden_3/r1_129.jpg,apple_golden_3,train
Images/Validation/apple_golden_3/r1_13.jpg,apple_golden_3,train
Images/Validation/apple_golden_3/r1_133.jpg,apple_golden_3,train
Images/Validation/apple_golden_3/r1_137.jpg,apple_golden_3,train
Images/Validation/apple_golden_3/r1_141.jpg,apple_golden_3,train
Images/Validation/apple_golden_3/r1_145.jpg,apple_golden_3,train
Images/Validation/apple_golden_3/r1_149.jpg,apple_golden_3,train
Images/Validation/apple_golden_3/r1_153.jpg,apple_golden_3,train
Images/Validation/apple_golden_3/r1_157.jpg,apple_golden_3,train
Images/Validation/apple_golden_3/r1_161.jpg,apple_golden_3,train
Images/Validation/apple_golden_3/r1_165.jpg,apple_golden_3,train
Images/Validation/apple_golden_3/r1_169.jpg,apple_golden_3,train
Images/Validation/apple_golden_3/r1_17.jpg,apple_golden_3,train
Images/Validation/apple_golden_3/r1_173.jpg,apple_golden_3,train
Images/Validation/apple_golden_3/r1_177.jpg,apple_golden_3,train
Images/Validation/apple_golden_3/r1_181.jpg,apple_golden_3,train
Images/Validation/apple_golden_3/r1_185.jpg,apple_golden_3,train
Images/Validation/apple_golden_3/r1_189.jpg,apple_golden_3,train
Images/Validation/apple_golden_3/r1_193.jpg,apple_golden_3,train
Images/Validation/apple_golden_3/r1_197.jpg,apple_golden_3,train
Images/Validation/apple_golden_3/r1_201.jpg,apple_golden_3,train
Images/Validation/apple_golden_3/r1_205.jpg,apple_golden_3,train
Images/Validation/apple_golden_3/r1_209.jpg,apple_golden_3,train
Images/Validation/apple_golden_3/r1_21.jpg,apple_golden_3,train
Images/Validation/apple_golden_3/r1_213.jpg,apple_golden_3,train
Images/Validation/apple_golden_3/r1_217.jpg,apple_golden_3,train
Images/Validation/apple_golden_3/r1_221.jpg,apple_golden_3,train
Images/Validation/apple_golden_3/r1_225.jpg,apple_golden_3,val
Images/Validation/apple_golden_3/r1_229.jpg,apple_golden_3,val
Images/Validation/apple_golden_3/r1_233.jpg,apple_golden_3,val
Images/Validation/apple_golden_3/r1_237.jpg,apple_golden_3,val
Images/Validation/apple_golden_3/r1_241.jpg,apple_golden_3,val
Images/Validation/apple_golden_3/r1_245.jpg,apple_golden_3,val
Images/Validation/apple_golden_3/r1_249.jpg,apple_golden_3,val
Images/Validation/apple_golden_3/r1_25.jpg,apple_golden_3,train
Images/Validation/apple_golden_3/r1_253.jpg,apple_golden_3,val
Images/Validation/apple_golden_3/r1_257.jpg,apple_golden_3,val
Images/Validation/apple_golden_3/r1_261.jpg,apple_golden_3,val
Images/Validation/apple_golden_3/r1_265.jpg,apple_golden_3,val
Images/Validation/apple_golden_3/r1_269.jpg,apple_golden_3,val
Images/Validation/apple_golden_3/r1_273.jpg,apple_golden_3,test
Images/Validation/apple_golden_3/r1_277.jpg,apple_golden_3,test
Images/Validation/apple_golden_3/r1_281.jpg,apple_golden_3,test
Images/Validation/apple_golden_3/r1_285.jpg,apple_golden_3,test
Images/Validation/apple_golden_3/r1_289.jpg,apple_golden_3,test
Images/Validation/apple_golden_3/r1_29.jpg,apple_golden_3,train
Images/Validation/apple_golden_3/r1_293.jpg,apple_golden_3,test
Images/Validation/apple_golden_3/r1_297.jpg,apple_golden_3,test
Images/Validation/apple_golden_3/r1_301.jpg,apple_golden_3,test
Images/Validation/apple_golden_3/r1_305.jpg,apple_golden_3,test
Images/Validation/apple_golden_3/r1_309.jpg,apple_golden_3,test
Images/Validation/apple_golden_3/r1_313.jpg,apple_golden_3,test
Images/Validation/apple_golden_3/r1_317.jpg,apple_golden_3,test
Images/Validation/apple_golden_3/r1_33.jpg,apple_golden_3,train
Images/Validation/apple_golden_3/r1_37.jpg,apple_golden_3,train
Images/Validation/apple_golden_3/r1_41.jpg,apple_golden_3,train
Images/Validation/apple_golden_3/r1_45.jpg,apple_golden_3,train
Images/Validation/apple_golden_3/r1_49.jpg,apple_golden_3,train
Images/Validation/apple_golden_3/r1_5.jpg,apple_golden_3,train
Images/Validation/apple_golden_3/r1_53.jpg,apple_golden_3,train
Images/Validation/apple_golden_3/r1_57.jpg,apple_golden_3,train
Images/Validation/apple_golden_3/r1_61.jpg,apple_golden_3,train
Images/Validation/apple_golden_3/r1_65.jpg,apple_golden_3,train
Images/Validation/apple_golden_3/r1_69.jpg,apple_golden_3,train
Images/Validation/apple_golden_3/r1_73.jpg,apple_golden_3,train
Images/Validation/apple_golden_3/r1_77.jpg,apple_golden_3,train
Images/Validation/apple_golden_3/r1_81.jpg,apple_golden_3,train
Images/Validation/apple_golden_3/r1_85.jpg,apple_golden_3,train
Images/Validation/apple_golden_3/r1_89.jpg,apple_golden_3,train
Images/Validation/apple_golden_3/r1_9.jpg,apple_golden_3,train
Images/Validation/apple_golden_3/r1_93.jpg,apple_golden_3,train
Images/Validation/apple_golden_3/r1_97.jpg,apple_golden_3,train
Images/Validation/apple_granny_smith_1/r0_1.jpg,apple_granny_smith_1,train
Images/Validation/apple_granny_smith_1/r0_101.jpg,apple_granny_smith_1,train
Images/Validation/apple_granny_smith_1/r0_105.jpg,apple_granny_smith_1,train
Images/Validation/apple_granny_smith_1/r0_109.jpg,apple_granny_smith_1,train
Images/Validation/apple_granny_smith_1/r0_113.jpg,apple_granny_smith_1,train
Images/Validation/apple_granny_smith_1/r0_117.jpg,apple_granny_smith_1,train
Images/Validation/apple_granny_smith_1/r0_121.jpg,apple_granny_smith_1,train
Images/Validation/apple_granny_smith_1/r0_125.jpg,apple_granny_smith_1,train
Images/Validation/apple_granny_smith_1/r0_129.jpg,apple_granny_smith_1,train
Images/Validation/apple_granny_smith_1/r0_13.jpg,apple_granny_smith_1,train
Images/Validation/apple_granny_smith_1/r0_133.jpg,apple_granny_smith_1,train
Images/Validation/apple_granny_smith_1/r0_137.jpg,apple_granny_smith_1,train
Images/Validation/apple_granny_smith_1/r0_141.jpg,apple_granny_smith_1,train
Images/Validation/apple_granny_smith_1/r0_145.jpg,apple_granny_smith_1,train
Images/Validation/apple_granny_smith_1/r0_149.jpg,apple_granny_smith_1,train
Images/Validation/apple_granny_smith_1/r0_153.jpg,apple_granny_smith_1,train
Images/Validation/apple_granny_smith_1/r0_157.jpg,apple_granny_smith_1,train
Images/Validation/apple_granny_smith_1/r0_161.jpg,apple_granny_smith_1,train
Images/Validation/apple_granny_smith_1/r0_165.jpg,apple_granny_smith_1,train
Images/Validation/apple_granny_smith_1/r0_169.jpg,apple_granny_smith_1,train
Images/Validation/apple_granny_smith_1/r0_17.jpg,apple_granny_smith_1,train
Images/Validation/apple_granny_smith_1/r0_173.jpg,apple_granny_smith_1,train
Images/Validation/apple_granny_smith_1/r0_177.jpg,apple_granny_smith_1,train
Images/Validation/apple_granny_smith_1/r0_181.jpg,apple_granny_smith_1,train
Images/Validation/apple_granny_smith_1/r0_185.jpg,apple_granny_smith_1,train
Images/Validation/apple_granny_smith_1/r0_189.jpg,apple_granny_smith_1,train
Images/Validation/apple_granny_smith_1/r0_193.jpg,apple_granny_smith_1,train
Images/Validation/apple_granny_smith_1/r0_197.jpg,apple_granny_smith_1,train
Images/Validation/apple_granny_smith_1/r0_201.jpg,apple_granny_smith_1,train
Images/Validation/apple_granny_smith_1/r0_205.jpg,apple_granny_smith_1,train
Images/Validation/apple_granny_smith_1/r0_209.jpg,apple_granny_smith_1,train
Images/Validation/apple_granny_smith_1/r0_21.jpg,apple_granny_smith_1,train
Images/Validation/apple_granny_smith_1/r0_213.jpg,apple_granny_smith_1,train
Images/Validation/apple_granny_smith_1/r0_217.jpg,apple_granny_smith_1,train
Images/Validation/apple_granny_smith_1/r0_221.jpg,apple_granny_smith_1,train
Images/Validation/apple_granny_smith_1/r0_225.jpg,apple_granny_smith_1,val
Images/Validation/apple_granny_smith_1/r0_229.jpg,apple_granny_smith_1,val
Images/Validation/apple_granny_smith_1/r0_233.jpg,apple_granny_smith_1,val
Images/Validation/apple_granny_smith_1/r0_237.jpg,apple_granny_smith_1,val
Images/Validation/apple_granny_smith_1/r0_241.jpg,apple_granny_smith_1,val
Images/Validation/apple_granny_smith_1/r0_245.jpg,apple_granny_smith_1,val
Images/Validation/apple_granny_smith_1/r0_249.jpg,apple_granny_smith_1,val
Images/Validation/apple_granny_smith_1/r0_25.jpg,apple_granny_smith_1,train
Images/Validation/apple_granny_smith_1/r0_253.jpg,apple_granny_smith_1,val
Images/Validation/apple_granny_smith_1/r0_257.jpg,apple_granny_smith_1,val
Images/Validation/apple_granny_smith_1/r0_261.jpg,apple_granny_smith_1,val
Images/Validation/apple_granny_smith_1/r0_265.jpg,apple_granny_smith_1,val
Images/Validation/apple_granny_smith_1/r0_269.jpg,apple_granny_smith_1,val
Images/Validation/apple_granny_smith_1/r0_273.jpg,apple_granny_smith_1,test
Images/Validation/apple_granny_smith_1/r0_277.jpg,apple_granny_smith_1,test
Images/Validation/apple_granny_smith_1/r0_281.jpg,apple_granny_smith_1,test
Images/Validation/apple_granny_smith_1/r0_285.jpg,apple_granny_smith_1,test
Images/Validation/apple_granny_smith_1/r0_289.jpg,apple_granny_smith_1,test
Images/Validation/apple_granny_smith_1/r0_29.jpg,apple_granny_smith_1,train
Images/Validation/apple_granny_smith_1/r0_293.jpg,apple_granny_smith_1,test
Images/Validation/apple_granny_smith_1/r0_297.jpg,apple_granny_smith_1,test
Images/Validation/apple_granny_smith_1/r0_301.jpg,apple_granny_smith_1,test
Images/Validation/apple_granny_smith_1/r0_305.jpg,apple_granny_smith_1,test
Images/Validation/apple_granny_smith_1/r0_309.jpg,apple_granny_smith_1,test
Images/Validation/apple_granny_smith_1/r0_313.jpg,apple_granny_smith_1,test
Images/Validation/apple_granny_smith_1/r0_317.jpg,apple_granny_smith_1,test
Images/Validation/apple_granny_smith_1/r0_33.jpg,apple_granny_smith_1,train
Images/Validation/apple_granny_smith_1/r0_37.jpg,apple_granny_smith_1,train
Images/Validation/apple_granny_smith_1/r0_41.jpg,apple_granny_smith_1,train
Images/Validation/apple_granny_smith_1/r0_45.jpg,apple_granny_smith_1,train
Images/Validation/apple_granny_smith_1/r0_49.jpg,apple_granny_smith_1,train
Images/Validation/apple_granny_smith_1/r0_5.jpg,apple_granny_smith_1,train
Images/Validation/apple_granny_smith_1/r0_53.jpg,apple_granny_smith_1,train
Images/Validation/apple_granny_smith_1/r0_57.jpg,apple_granny_smith_1,train
Images/Validation/apple_granny_smith_1/r0_61.jpg,apple_granny_smith_1,train
Images/Validation/apple_granny_smith_1/r0_65.jpg,apple_granny_smith_1,train
Images/Validation/apple_granny_smith_1/r0_69.jpg,apple_granny_smith_1,train
Images/Validation/apple_granny_smith_1/r0_73.jpg,apple_granny_smith_1,train
Images/Validation/apple_granny_smith_1/r0_77.jpg,apple_granny_smith_1,train
Images/Validation/apple_granny_smith_1/r0_81.jpg,apple_granny_smith_1,train
Images/Validation/apple_granny_smith_1/r0_85.jpg,apple_granny_smith_1,train
Images/Validation/apple_granny_smith_1/r0_89.jpg,apple_granny_smith_1,train
Images/Validation/apple_granny_smith_1/r0_9.jpg,apple_granny_smith_1,train
Images/Validation/apple_granny_smith_1/r0_93.jpg,apple_granny_smith_1,train
Images/Validation/apple_granny_smith_1/r0_97.jpg,apple_granny_smith_1,train
Images/Validation/apple_granny_smith_1/r1_1.jpg,apple_granny_smith_1,train
Images/Validation/apple_granny_smith_1/r1_101.jpg,apple_granny_smith_1,train
Images/Validation/apple_granny_smith_1/r1_105.jpg,apple_granny_smith_1,train
Images/Validation/apple_granny_smith_1/r1_109.jpg,apple_granny_smith_1,train
Images/Validation/apple_granny_smith_1/r1_113.jpg,apple_granny_smith_1,train
Images/Validation/apple_granny_smith_1/r1_117.jpg,apple_granny_smith_1,train
Images/Validation/apple_granny_smith_1/r1_121.jpg,apple_granny_smith_1,train
Images/Validation/apple_granny_smith_1/r1_125.jpg,apple_granny_smith_1,train
Images/Validation/apple_granny_smith_1/r1_129.jpg,apple_granny_smith_1,train
Images/Validation/apple_granny_smith_1/r1_13.jpg,apple_granny_smith_1,train
Images/Validation/apple_granny_smith_1/r1_133.jpg,apple_granny_smith_1,train
Images/Validation/apple_granny_smith_1/r1_137.jpg,apple_granny_smith_1,train
Images/Validation/apple_granny_smith_1/r1_141.jpg,apple_granny_smith_1,train
Images/Validation/apple_granny_smith_1/r1_145.jpg,apple_granny_smith_1,train
Images/Validation/apple_granny_smith_1/r1_149.jpg,apple_granny_smith_1,train
Images/Validation/apple_granny_smith_1/r1_153.jpg,apple_granny_smith_1,train
Images/Validation/apple_granny_smith_1/r1_157.jpg,apple_granny_smith_1,train
Images/Validation/apple_granny_smith_1/r1_161.jpg,apple_granny_smith_1,train
Images/Validation/apple_granny_smith_1/r1_165.jpg,apple_granny_smith_1,train
Images/Validation/apple_granny_smith_1/r1_169.jpg,apple_granny_smith_1,train
Images/Validation/apple_granny_smith_1/r1_17.jpg,apple_granny_smith_1,train
Images/Validation/apple_granny_smith_1/r1_173.jpg,apple_granny_smith_1,train
Images/Validation/apple_granny_smith_1/r1_177.jpg,apple_granny_smith_1,train
Images/Validation/apple_granny_smith_1/r1_181.jpg,apple_granny_smith_1,train
Images/Validation/apple_granny_smith_1/r1_185.jpg,apple_granny_smith_1,train
Images/Validation/apple_granny_smith_1/r1_189.jpg,apple_granny_smith_1,train
Images/Validation/apple_granny_smith_1/r1_193.jpg,apple_granny_smith_1,train
Images/Validation/apple_granny_smith_1/r1_197.jpg,apple_granny_smith_1,train
Images/Validation/apple_granny_smith_1/r1_201.jpg,apple_granny_smith_1,train
Images/Validation/apple_granny_smith_1/r1_205.jpg,apple_granny_smith_1,train
Images/Validation/apple_granny_smith_1/r1_209.jpg,apple_granny_smith_1,train
Images/Validation/apple_granny_smith_1/r1_21.jpg,apple_granny_smith_1,train
Images/Validation/apple_granny_smith_1/r1_213.jpg,apple_granny_smith_1,train
Images/Validation/apple_granny_smith_1/r1_217.jpg,apple_granny_smith_1,train
Images/Validation/apple_granny_smith_1/r1_221.jpg,apple_granny_smith_1,train
Images/Validation/apple_granny_smith_1/r1_225.jpg,apple_granny_smith_1,val
Images/Validation/apple_granny_smith_1/r1_229.jpg,apple_granny_smith_1,val
Images/Validation/apple_granny_smith_1/r1_233.jpg,apple_granny_smith_1,val
Images/Validation/apple_granny_smith_1/r1_237.jpg,apple_granny_smith_1,val
Images/Validation/apple_granny_smith_1/r1_241.jpg,apple_granny_smith_1,val
Images/Validation/apple_granny_smith_1/r1_245.jpg,apple_granny_smith_1,val
Images/Validation/apple_granny_smith_1/r1_249.jpg,apple_granny_smith_1,val
Images/Validation/apple_granny_smith_1/r1_25.jpg,apple_granny_smith_1,train
Images/Validation/apple_granny_smith_1/r1_253.jpg,apple_granny_smith_1,val
Images/Validation/apple_granny_smith_1/r1_257.jpg,apple_granny_smith_1,val
Images/Validation/apple_granny_smith_1/r1_261.jpg,apple_granny_smith_1,val
Images/Validation/apple_granny_smith_1/r1_265.jpg,apple_granny_smith_1,val
Images/Validation/apple_granny_smith_1/r1_269.jpg,apple_granny_smith_1,val
Images/Validation/apple_granny_smith_1/r1_273.jpg,apple_granny_smith_1,test
Images/Validation/apple_granny_smith_1/r1_277.jpg,apple_granny_smith_1,test
Images/Validation/apple_granny_smith_1/r1_281.jpg,apple_granny_smith_1,test
Images/Validation/apple_granny_smith_1/r1_285.jpg,apple_granny_smith_1,test
Images/Validation/apple_granny_smith_1/r1_289.jpg,apple_granny_smith_1,test
Images/Validation/apple_granny_smith_1/r1_29.jpg,apple_granny_smith_1,train
Images/Validation/apple_granny_smith_1/r1_293.jpg,apple_granny_smith_1,test
Images/Validation/apple_granny_smith_1/r1_297.jpg,apple_granny_smith_1,test
Images/Validation/apple_granny_smith_1/r1_301.jpg,apple_granny_smith_1,test
Images/Validation/apple_granny_smith_1/r1_305.jpg,apple_granny_smith_1,test
Images/Validation/apple_granny_smith_1/r1_309.jpg,apple_granny_smith_1,test
Images/Validation/apple_granny_smith_1/r1_313.jpg,apple_granny_smith_1,test
Images/Validation/apple_granny_smith_1/r1_317.jpg,apple_granny_smith_1,test
Images/Validation/apple_granny_smith_1/r1_33.jpg,apple_granny_smith_1,train
Images/Validation/apple_granny_smith_1/r1_37.jpg,apple_granny_smith_1,train
Images/Validation/apple_granny_smith_1/r1_41.jpg,apple_granny_smith_1,train
Images/Validation/apple_granny_smith_1/r1_45.jpg,apple_granny_smith_1,train
Images/Validation/apple_granny_smith_1/r1_49.jpg,apple_granny_smith_1,train
Images/Validation/apple_granny_smith_1/r1_5.jpg,apple_granny_smith_1,train
Images/Validation/apple_granny_smith_1/r1_53.jpg,apple_granny_smith_1,train
Images/Validation/apple_granny_smith_1/r1_57.jpg,apple_granny_smith_1,train
Images/Validation/apple_granny_smith_1/r1_61.jpg,apple_granny_smith_1,train
Images/Validation/apple_granny_smith_1/r1_65.jpg,apple_granny_smith_1,train
Images/Validation/apple_granny_smith_1/r1_69.jpg,apple_granny_smith_1,train
Images/Validation/apple_granny_smith_1/r1_73.jpg,apple_granny_smith_1,train
Images/Validation/apple_granny_smith_1/r1_77.jpg,apple_granny_smith_1,train
Images/Validation/apple_granny_smith_1/r1_81.jpg,apple_granny_smith_1,train
Images/Validation/apple_granny_smith_1/r1_85.jpg,apple_granny_smith_1,train
Images/Validation/apple_granny_smith_1/r1_89.jpg,apple_granny_smith_1,train
Images/Validation/apple_granny_smith_1/r1_9.jpg,apple_granny_smith_1,train
Images/Validation/apple_granny_smith_1/r1_93.jpg,apple_granny_smith_1,train
Images/Validation/apple_granny_smith_1/r1_97.jpg,apple_granny_smith_1,train
Images/Validation/apple_hit_1/r0_1.jpg,apple_hit_1,train
Images/Validation/apple_hit_1/r0_101.jpg,apple_hit_1,train
Images/Validation/apple_hit_1/r0_105.jpg,apple_hit_1,train
Images/Validation/apple_hit_1/r0_109.jpg,apple_hit_1,train
Images/Validation/apple_hit_1/r0_113.jpg,apple_hit_1,train
Images/Validation/apple_hit_1/r0_117.jpg,apple_hit_1,train
Images/Validation/apple_hit_1/r0_121.jpg,apple_hit_1,train
Images/Validation/apple_hit_1/r0_125.jpg,apple_hit_1,train
Images/Validation/apple_hit_1/r0_129.jpg,apple_hit_1,train
Images/Validation/apple_hit_1/r0_13.jpg,apple_hit_1,train
Images/Validation/apple_hit_1/r0_133.jpg,apple_hit_1,train
Images/Validation/apple_hit_1/r0_137.jpg,apple_hit_1,train
Images/Validation/apple_hit_1/r0_141.jpg,apple_hit_1,train
Images/Validation/apple_hit_1/r0_145.jpg,apple_hit_1,train
Images/Validation/apple_hit_1/r0_149.jpg,apple_hit_1,train
Images/Validation/apple_hit_1/r0_153.jpg,apple_hit_1,train
Images/Validation/apple_hit_1/r0_157.jpg,apple_hit_1,train
Images/Validation/apple_hit_1/r0_161.jpg,apple_hit_1,train
Images/Validation/apple_hit_1/r0_165.jpg,apple_hit_1,train
Images/Validation/apple_hit_1/r0_169.jpg,apple_hit_1,train
Images/Validation/apple_hit_1/r0_17.jpg,apple_hit_1,train
Images/Validation/apple_hit_1/r0_173.jpg,apple_hit_1,train
Images/Validation/apple_hit_1/r0_177.jpg,apple_hit_1,train
Images/Validation/apple_hit_1/r0_181.jpg,apple_hit_1,train
Images/Validation/apple_hit_1/r0_185.jpg,apple_hit_1,train
Images/Validation/apple_hit_1/r0_189.jpg,apple_hit_1,train
Images/Validation/apple_hit_1/r0_193.jpg,apple_hit_1,train
Images/Validation/apple_hit_1/r0_197.jpg,apple_hit_1,train
Images/Validation/apple_hit_1/r0_201.jpg,apple_hit_1,train
Images/Validation/apple_hit_1/r0_205.jpg,apple_hit_1,train
Images/Validation/apple_hit_1/r0_209.jpg,apple_hit_1,train
Images/Validation/apple_hit_1/r0_21.jpg,apple_hit_1,train
Images/Validation/apple_hit_1/r0_213.jpg,apple_hit_1,train
Images/Validation/apple_hit_1/r0_217.jpg,apple_hit_1,train
Images/Validation/apple_hit_1/r0_221.jpg,apple_hit_1,train
Images/Validation/apple_hit_1/r0_225.jpg,apple_hit_1,val
Images/Validation/apple_hit_1/r0_229.jpg,apple_hit_1,val
Images/Validation/apple_hit_1/r0_233.jpg,apple_hit_1,val
Images/Validation/apple_hit_1/r0_237.jpg,apple_hit_1,val
Images/Validation/apple_hit_1/r0_241.jpg,apple_hit_1,val
Images/Validation/apple_hit_1/r0_245.jpg,apple_hit_1,val
Images/Validation/apple_hit_1/r0_249.jpg,apple_hit_1,val
Images/Validation/apple_hit_1/r0_25.jpg,apple_hit_1,train
Images/Validation/apple_hit_1/r0_253.jpg,apple_hit_1,val
Images/Validation/apple_hit_1/r0_257.jpg,apple_hit_1,val
Images/Validation/apple_hit_1/r0_261.jpg,apple_hit_1,val
Images/Validation/apple_hit_1/r0_265.jpg,apple_hit_1,val
Images/Validation/apple_hit_1/r0_269.jpg,apple_hit_1,val
Images/Validation/apple_hit_1/r0_273.jpg,apple_hit_1,test
Images/Validation/apple_hit_1/r0_277.jpg,apple_hit_1,test
Images/Validation/apple_hit_1/r0_281.jpg,apple_hit_1,test
Images/Validation/apple_hit_1/r0_285.jpg,apple_hit_1,test
Images/Validation/apple_hit_1/r0_289.jpg,apple_hit_1,test
Images/Validation/apple_hit_1/r0_29.jpg,apple_hit_1,train
Images/Validation/apple_hit_1/r0_293.jpg,apple_hit_1,test
Images/Validation/apple_hit_1/r0_297.jpg,apple_hit_1,test
Images/Validation/apple_hit_1/r0_301.jpg,apple_hit_1,test
Images/Validation/apple_hit_1/r0_305.jpg,apple_hit_1,test
Images/Validation/apple_hit_1/r0_309.jpg,apple_hit_1,test
Images/Validation/apple_hit_1/r0_313.jpg,apple_hit_1,test
Images/Validation/apple_hit_1/r0_317.jpg,apple_hit_1,test
Images/Validation/apple_hit_1/r0_33.jpg,apple_hit_1,train
Images/Validation/apple_hit_1/r0_37.jpg,apple_hit_1,train
Images/Validation/apple_hit_1/r0_41.jpg,apple_hit_1,train
Images/Validation/apple_hit_1/r0_45.jpg,apple_hit_1,train
Images/Validation/apple_hit_1/r0_49.jpg,apple_hit_1,train
Images/Validation/apple_hit_1/r0_5.jpg,apple_hit_1,train
Images/Validation/apple_hit_1/r0_53.jpg,apple_hit_1,train
Images/Validation/apple_hit_1/r0_57.jpg,apple_hit_1,train
Images/Validation/apple_hit_1/r0_61.jpg,apple_hit_1,train
Images/Validation/apple_hit_1/r0_65.jpg,apple_hit_1,train
Images/Validation/apple_hit_1/r0_69.jpg,apple_hit_1,train
Images/Validation/apple_hit_1/r0_73.jpg,apple_hit_1,train
Images/Validation/apple_hit_1/r0_77.jpg,apple_hit_1,train
Images/Validation/apple_hit_1/r0_81.jpg,apple_hit_1,train
Images/Validation/apple_hit_1/r0_85.jpg,apple_hit_1,train
Images/Validation/apple_hit_1/r0_89.jpg,apple_hit_1,train
Images/Validation/apple_hit_1/r0_9.jpg,apple_hit_1,train
Images/Validation/apple_hit_1/r0_93.jpg,apple_hit_1,train
Images/Validation/apple_hit_1/r0_97.jpg,apple_hit_1,train
Images/Validation/apple_hit_1/r1_1.jpg,apple_hit_1,train
Images/Validation/apple_hit_1/r1_101.jpg,apple_hit_1,train
Images/Validation/apple_hit_1/r1_105.jpg,apple_hit_1,train
Images/Validation/apple_hit_1/r1_109.jpg,apple_hit_1,train
Images/Validation/apple_hit_1/r1_113.jpg,apple_hit_1,train
Images/Validation/apple_hit_1/r1_117.jpg,apple_hit_1,train
Images/Validation/apple_hit_1/r1_121.jpg,apple_hit_1,train
Images/Validation/apple_hit_1/r1_125.jpg,apple_hit_1,train
Images/Validation/apple_hit_1/r1_129.jpg,apple_hit_1,train
Images/Validation/apple_hit_1/r1_13.jpg,apple_hit_1,train
Images/Validation/apple_hit_1/r1_133.jpg,apple_hit_1,train
Images/Validation/apple_hit_1/r1_137.jpg,apple_hit_1,train
Images/Validation/apple_hit_1/r1_141.jpg,apple_hit_1,train
Images/Validation/apple_hit_1/r1_145.jpg,apple_hit_1,train
Images/Validation/apple_hit_1/r1_149.jpg,apple_hit_1,train
Images/Validation/apple_hit_1/r1_153.jpg,apple_hit_1,train
Images/Validation/apple_hit_1/r1_157.jpg,apple_hit_1,train
Images/Validation/apple_hit_1/r1_161.jpg,apple_hit_1,train
Images/Validation/apple_hit_1/r1_165.jpg,apple_hit_1,train
Images/Validation/apple_hit_1/r1_169.jpg,apple_hit_1,train
Images/Validation/apple_hit_1/r1_17.jpg,apple_hit_1,train
Images/Validation/apple_hit_1/r1_173.jpg,apple_hit_1,train
Images/Validation/apple_hit_1/r1_177.jpg,apple_hit_1,train
Images/Validation/apple_hit_1/r1_181.jpg,apple_hit_1,train
Images/Validation/apple_hit_1/r1_185.jpg,apple_hit_1,train
Images/Validation/apple_hit_1/r1_189.jpg,apple_hit_1,train
Images/Validation/apple_hit_1/r1_193.jpg,apple_hit_1,train
Images/Validation/apple_hit_1/r1_197.jpg,apple_hit_1,train
Images/Validation/apple_hit_1/r1_201.jpg,apple_hit_1,train
Images/Validation/apple_hit_1/r1_205.jpg,apple_hit_1,train
Images/Validation/apple_hit_1/r1_209.jpg,apple_hit_1,train
Images/Validation/apple_hit_1/r1_21.jpg,apple_hit_1,train
Images/Validation/apple_hit_1/r1_213.jpg,apple_hit_1,train
Images/Validation/apple_hit_1/r1_217.jpg,apple_hit_1,val
Images/Validation/apple_hit_1/r1_221.jpg,apple_hit_1,val
Images/Validation/apple_hit_1/r1_225.jpg,apple_hit_1,val
Images/Validation/apple_hit_1/r1_229.jpg,apple_hit_1,val
Images/Validation/apple_hit_1/r1_233.jpg,apple_hit_1,val
Images/Validation/apple_hit_1/r1_237.jpg,apple_hit_1,val
Images/Validation/apple_hit_1/r1_241.jpg,apple_hit_1,val
Images/Validation/apple_hit_1/r1_245.jpg,apple_hit_1,val
Images/Validation/apple_hit_1/r1_249.jpg,apple_hit_1,val
Images/Validation/apple_hit_1/r1_25.jpg,apple_hit_1,train
Images/Validation/apple_hit_1/r1_253.jpg,apple_hit_1,val
Images/Validation/apple_hit_1/r1_257.jpg,apple_hit_1,val
Images/Validation/apple_hit_1/r1_261.jpg,apple_hit_1,val
Images/Validation/apple_hit_1/r1_265.jpg,apple_hit_1,test
Images/Validation/apple_hit_1/r1_269.jpg,apple_hit_1,test
Images/Validation/apple_hit_1/r1_273.jpg,apple_hit_1,test
Images/Validation/apple_hit_1/r1_277.jpg,apple_hit_1,test
Images/Validation/apple_hit_1/r1_281.jpg,apple_hit_1,test
Images/Validation/apple_hit_1/r1_285.jpg,apple_hit_1,test
Images/Validation/apple_hit_1/r1_289.jpg,apple_hit_1,test
Images/Validation/apple_hit_1/r1_29.jpg,apple_hit_1,train
Images/Validation/apple_hit_1/r1_293.jpg,apple_hit_1,test
Images/Validation/apple_hit_1/r1_297.jpg,apple_hit_1,test
Images/Validation/apple_hit_1/r1_301.jpg,apple_hit_1,test
Images/Validation/apple_hit_1/r1_305.jpg,apple_hit_1,test
Images/Validation/apple_hit_1/r1_33.jpg,apple_hit_1,train
Images/Validation/apple_hit_1/r1_37.jpg,apple_hit_1,train
Images/Validation/apple_hit_1/r1_41.jpg,apple_hit_1,train
Images/Validation/apple_hit_1/r1_45.jpg,apple_hit_1,train
Images/Validation/apple_hit_1/r1_49.jpg,apple_hit_1,train
Images/Validation/apple_hit_1/r1_5.jpg,apple_hit_1,train
Images/Validation/apple_hit_1/r1_53.jpg,apple_hit_1,train
Images/Validation/apple_hit_1/r1_57.jpg,apple_hit_1,train
Images/Validation/apple_hit_1/r1_61.jpg,apple_hit_1,train
Images/Validation/apple_hit_1/r1_65.jpg,apple_hit_1,train
Images/Validation/apple_hit_1/r1_69.jpg,apple_hit_1,train
Images/Validation/apple_hit_1/r1_73.jpg,apple_hit_1,train
Images/Validation/apple_hit_1/r1_77.jpg,apple_hit_1,train
Images/Validation/apple_hit_1/r1_81.jpg,apple_hit_1,train
Images/Validation/apple_hit_1/r1_85.jpg,apple_hit_1,train
Images/Validation/apple_hit_1/r1_89.jpg,apple_hit_1,train
Images/Validation/apple_hit_1/r1_9.jpg,apple_hit_1,train
Images/Validation/apple_hit_1/r1_93.jpg,apple_hit_1,train
Images/Validation/apple_hit_1/r1_97.jpg,apple_hit_1,train
Images/Validation/apple_hit_1/r2_1.jpg,apple_hit_1,train
Images/Validation/apple_hit_1/r2_101.jpg,apple_hit_1,train
Images/Validation/apple_hit_1/r2_105.jpg,apple_hit_1,train
Images/Validation/apple_hit_1/r2_109.jpg,apple_hit_1,train
Images/Validation/apple_hit_1/r2_113.jpg,apple_hit_1,train
Images/Validation/apple_hit_1/r2_117.jpg,apple_hit_1,train
Images/Validation/apple_hit_1/r2_121.jpg,apple_hit_1,train
Images/Validation/apple_hit_1/r2_125.jpg,apple_hit_1,train
Images/Validation/apple_hit_1/r2_129.jpg,apple_hit_1,train
Images/Validation/apple_hit_1/r2_13.jpg,apple_hit_1,train
Images/Validation/apple_hit_1/r2_133.jpg,apple_hit_1,train
Images/Validation/apple_hit_1/r2_137.jpg,apple_hit_1,train
Images/Validation/apple_hit_1/r2_141.jpg,apple_hit_1,train
Images/Validation/apple_hit_1/r2_145.jpg,apple_hit_1,train
Images/Validation/apple_hit_1/r2_149.jpg,apple_hit_1,train
Images/Validation/apple_hit_1/r2_153.jpg,apple_hit_1,train
Images/Validation/apple_hit_1/r2_157.jpg,apple_hit_1,train
Images/Validation/apple_hit_1/r2_161.jpg,apple_hit_1,train
Images/Validation/apple_hit_1/r2_165.jpg,apple_hit_1,train
Images/Validation/apple_hit_1/r2_169.jpg,apple_hit_1,train
Images/Validation/apple_hit_1/r2_17.jpg,apple_hit_1,train
Images/Validation/apple_hit_1/r2_173.jpg,apple_hit_1,train
Images/Validation/apple_hit_1/r2_177.jpg,apple_hit_1,train
Images/Validation/apple_hit_1/r2_181.jpg,apple_hit_1,train
Images/Validation/apple_hit_1/r2_185.jpg,apple_hit_1,train
Images/Validation/apple_hit_1/r2_189.jpg,apple_hit_1,train
Images/Validation/apple_hit_1/r2_193.jpg,apple_hit_1,train
Images/Validation/apple_hit_1/r2_197.jpg,apple_hit_1,train
Images/Validation/apple_hit_1/r2_201.jpg,apple_hit_1,train
Images/Validation/apple_hit_1/r2_205.jpg,apple_hit_1,train
Images/Validation/apple_hit_1/r2_209.jpg,apple_hit_1,train
Images/Validation/apple_hit_1/r2_21.jpg,apple_hit_1,train
Images/Validation/apple_hit_1/r2_213.jpg,apple_hit_1,train
Images/Validation/apple_hit_1/r2_217.jpg,apple_hit_1,val
Images/Validation/apple_hit_1/r2_221.jpg,apple_hit_1,val
Images/Validation/apple_hit_1/r2_225.jpg,apple_hit_1,val
Images/Validation/apple_hit_1/r2_229.jpg,apple_hit_1,val
Images/Validation/apple_hit_1/r2_233.jpg,apple_hit_1,val
Images/Validation/apple_hit_1/r2_237.jpg,apple_hit_1,val
Images/Validation/apple_hit_1/r2_241.jpg,apple_hit_1,val
Images/Validation/apple_hit_1/r2_245.jpg,apple_hit_1,val
Images/Validation/apple_hit_1/r2_249.jpg,apple_hit_1,val
Images/Validation/apple_hit_1/r2_25.jpg,apple_hit_1,train
Images/Validation/apple_hit_1/r2_253.jpg,apple_hit_1,val
Images/Validation/apple_hit_1/r2_257.jpg,apple_hit_1,val
Images/Validation/apple_hit_1/r2_261.jpg,apple_hit_1,val
Images/Validation/apple_hit_1/r2_265.jpg,apple_hit_1,test
Images/Validation/apple_hit_1/r2_269.jpg,apple_hit_1,test
Images/Validation/apple_hit_1/r2_273.jpg,apple_hit_1,test
Images/Validation/apple_hit_1/r2_277.jpg,apple_hit_1,test
Images/Validation/apple_hit_1/r2_281.jpg,apple_hit_1,test
Images/Validation/apple_hit_1/r2_285.jpg,apple_hit_1,test
Images/Validation/apple_hit_1/r2_289.jpg,apple_hit_1,test
Images/Validation/apple_hit_1/r2_29.jpg,apple_hit_1,train
Images/Validation/apple_hit_1/r2_293.jpg,apple_hit_1,test
Images/Validation/apple_hit_1/r2_297.jpg,apple_hit_1,test
Images/Validation/apple_hit_1/r2_301.jpg,apple_hit_1,test
Images/Validation/apple_hit_1/r2_305.jpg,apple_hit_1,test
Images/Validation/apple_hit_1/r2_33.jpg,apple_hit_1,train
Images/Validation/apple_hit_1/r2_37.jpg,apple_hit_1,train
Images/Validation/apple_hit_1/r2_41.jpg,apple_hit_1,train
Images/Validation/apple_hit_1/r2_45.jpg,apple_hit_1,train
Images/Validation/apple_hit_1/r2_49.jpg,apple_hit_1,train
Images/Validation/apple_hit_1/r2_5.jpg,apple_hit_1,train
Images/Validation/apple_hit_1/r2_53.jpg,apple_hit_1,train
Images/Validation/apple_hit_1/r2_57.jpg,apple_hit_1,train
Images/Validation/apple_hit_1/r2_61.jpg,apple_hit_1,train
Images/Validation/apple_hit_1/r2_65.jpg,apple_hit_1,train
Images/Validation/apple_hit_1/r2_69.jpg,apple_hit_1,train
Images/Validation/apple_hit_1/r2_73.jpg,apple_hit_1,train
Images/Validation/apple_hit_1/r2_77.jpg,apple_hit_1,train
Images/Validation/apple_hit_1/r2_81.jpg,apple_hit_1,train
Images/Validation/apple_hit_1/r2_85.jpg,apple_hit_1,train
Images/Validation/apple_hit_1/r2_89.jpg,apple_hit_1,train
Images/Validation/apple_hit_1/r2_9.jpg,apple_hit_1,train
Images/Validation/apple_hit_1/r2_93.jpg,apple_hit_1,train
Images/Validation/apple_hit_1/r2_97.jpg,apple_hit_1,train
Images/Validation/apple_pink_lady_1/r0_1.jpg,apple_pink_lady_1,train
Images/Validation/apple_pink_lady_1/r0_101.jpg,apple_pink_lady_1,train
Images/Validation/apple_pink_lady_1/r0_105.jpg,apple_pink_lady_1,train
Images/Validation/apple_pink_lady_1/r0_109.jpg,apple_pink_lady_1,train
Images/Validation/apple_pink_lady_1/r0_113.jpg,apple_pink_lady_1,train
Images/Validation/apple_pink_lady_1/r0_117.jpg,apple_pink_lady_1,train
Images/Validation/apple_pink_lady_1/r0_121.jpg,apple_pink_lady_1,train
Images/Validation/apple_pink_lady_1/r0_125.jpg,apple_pink_lady_1,train
Images/Validation/apple_pink_lady_1/r0_129.jpg,apple_pink_lady_1,train
Images/Validation/apple_pink_lady_1/r0_13.jpg,apple_pink_lady_1,train
Images/Validation/apple_pink_lady_1/r0_133.jpg,apple_pink_lady_1,train
Images/Validation/apple_pink_lady_1/r0_137.jpg,apple_pink_lady_1,train
Images/Validation/apple_pink_lady_1/r0_141.jpg,apple_pink_lady_1,train
Images/Validation/apple_pink_lady_1/r0_145.jpg,apple_pink_lady_1,train
Images/Validation/apple_pink_lady_1/r0_149.jpg,apple_pink_lady_1,train
Images/Validation/apple_pink_lady_1/r0_153.jpg,apple_pink_lady_1,train
Images/Validation/apple_pink_lady_1/r0_157.jpg,apple_pink_lady_1,train
Images/Validation/apple_pink_lady_1/r0_161.jpg,apple_pink_lady_1,train
Images/Validation/apple_pink_lady_1/r0_165.jpg,apple_pink_lady_1,train
Images/Validation/apple_pink_lady_1/r0_169.jpg,apple_pink_lady_1,train
Images/Validation/apple_pink_lady_1/r0_17.jpg,apple_pink_lady_1,train
Images/Validation/apple_pink_lady_1/r0_173.jpg,apple_pink_lady_1,train
Images/Validation/apple_pink_lady_1/r0_177.jpg,apple_pink_lady_1,train
Images/Validation/apple_pink_lady_1/r0_181.jpg,apple_pink_lady_1,train
Images/Validation/apple_pink_lady_1/r0_185.jpg,apple_pink_lady_1,train
Images/Validation/apple_pink_lady_1/r0_189.jpg,apple_pink_lady_1,train
Images/Validation/apple_pink_lady_1/r0_193.jpg,apple_pink_lady_1,train
Images/Validation/apple_pink_lady_1/r0_197.jpg,apple_pink_lady_1,train
Images/Validation/apple_pink_lady_1/r0_201.jpg,apple_pink_lady_1,train
Images/Validation/apple_pink_lady_1/r0_205.jpg,apple_pink_lady_1,train
Images/Validation/apple_pink_lady_1/r0_209.jpg,apple_pink_lady_1,train
Images/Validation/apple_pink_lady_1/r0_21.jpg,apple_pink_lady_1,train
Images/Validation/apple_pink_lady_1/r0_213.jpg,apple_pink_lady_1,train
Images/Validation/apple_pink_lady_1/r0_217.jpg,apple_pink_lady_1,val
Images/Validation/apple_pink_lady_1/r0_221.jpg,apple_pink_lady_1,val
Images/Validation/apple_pink_lady_1/r0_225.jpg,apple_pink_lady_1,val
Images/Validation/apple_pink_lady_1/r0_229.jpg,apple_pink_lady_1,val
Images/Validation/apple_pink_lady_1/r0_233.jpg,apple_pink_lady_1,val
Images/Validation/apple_pink_lady_1/r0_237.jpg,apple_pink_lady_1,val
Images/Validation/apple_pink_lady_1/r0_241.jpg,apple_pink_lady_1,val
Images/Validation/apple_pink_lady_1/r0_245.jpg,apple_pink_lady_1,val
Images/Validation/apple_pink_lady_1/r0_249.jpg,apple_pink_lady_1,val
Images/Validation/apple_pink_lady_1/r0_25.jpg,apple_pink_lady_1,train
Images/Validation/apple_pink_lady_1/r0_253.jpg,apple_pink_lady_1,val
Images/Validation/apple_pink_lady_1/r0_257.jpg,apple_pink_lady_1,val
Images/Validation/apple_pink_lady_1/r0_261.jpg,apple_pink_lady_1,test
Images/Validation/apple_pink_lady_1/r0_265.jpg,apple_pink_lady_1,test
Images/Validation/apple_pink_lady_1/r0_269.jpg,apple_pink_lady_1,test
Images/Validation/apple_pink_lady_1/r0_273.jpg,apple_pink_lady_1,test
Images/Validation/apple_pink_lady_1/r0_277.jpg,apple_pink_lady_1,test
Images/Validation/apple_pink_lady_1/r0_281.jpg,apple_pink_lady_1,test
Images/Validation/apple_pink_lady_1/r0_285.jpg,apple_pink_lady_1,test
Images/Validation/apple_pink_lady_1/r0_289.jpg,apple_pink_lady_1,test
Images/Validation/apple_pink_lady_1/r0_29.jpg,apple_pink_lady_1,train
Images/Validation/apple_pink_lady_1/r0_293.jpg,apple_pink_lady_1,test
Images/Validation/apple_pink_lady_1/r0_297.jpg,apple_pink_lady_1,test
Images/Validation/apple_pink_lady_1/r0_301.jpg,apple_pink_lady_1,test
Images/Validation/apple_pink_lady_1/r0_33.jpg,apple_pink_lady_1,train
Images/Validation/apple_pink_lady_1/r0_37.jpg,apple_pink_lady_1,train
Images/Validation/apple_pink_lady_1/r0_41.jpg,apple_pink_lady_1,train
Images/Validation/apple_pink_lady_1/r0_45.jpg,apple_pink_lady_1,train
Images/Validation/apple_pink_lady_1/r0_49.jpg,apple_pink_lady_1,train
Images/Validation/apple_pink_lady_1/r0_5.jpg,apple_pink_lady_1,train
Images/Validation/apple_pink_lady_1/r0_53.jpg,apple_pink_lady_1,train
Images/Validation/apple_pink_lady_1/r0_57.jpg,apple_pink_lady_1,train
Images/Validation/apple_pink_lady_1/r0_61.jpg,apple_pink_lady_1,train
Images/Validation/apple_pink_lady_1/r0_65.jpg,apple_pink_lady_1,train
Images/Validation/apple_pink_lady_1/r0_69.jpg,apple_pink_lady_1,train
Images/Validation/apple_pink_lady_1/r0_73.jpg,apple_pink_lady_1,train
Images/Validation/apple_pink_lady_1/r0_77.jpg,apple_pink_lady_1,train
Images/Validation/apple_pink_lady_1/r0_81.jpg,apple_pink_lady_1,train
Images/Validation/apple_pink_lady_1/r0_85.jpg,apple_pink_lady_1,train
Images/Validation/apple_pink_lady_1/r0_89.jpg,apple_pink_lady_1,train
Images/Validation/apple_pink_lady_1/r0_9.jpg,apple_pink_lady_1,train
Images/Validation/apple_pink_lady_1/r0_93.jpg,apple_pink_lady_1,train
Images/Validation/apple_pink_lady_1/r0_97.jpg,apple_pink_lady_1,train
Images/Validation/apple_pink_lady_1/r1_1.jpg,apple_pink_lady_1,train
Images/Validation/apple_pink_lady_1/r1_101.jpg,apple_pink_lady_1,train
Images/Validation/apple_pink_lady_1/r1_105.jpg,apple_pink_lady_1,train
Images/Validation/apple_pink_lady_1/r1_109.jpg,apple_pink_lady_1,train
Images/Validation/apple_pink_lady_1/r1_113.jpg,apple_pink_lady_1,train
Images/Validation/apple_pink_lady_1/r1_117.jpg,apple_pink_lady_1,train
Images/Validation/apple_pink_lady_1/r1_121.jpg,apple_pink_lady_1,train
Images/Validation/apple_pink_lady_1/r1_125.jpg,apple_pink_lady_1,train
Images/Validation/apple_pink_lady_1/r1_129.jpg,apple_pink_lady_1,train
Images/Validation/apple_pink_lady_1/r1_13.jpg,apple_pink_lady_1,train
Images/Validation/apple_pink_lady_1/r1_133.jpg,apple_pink_lady_1,train
Images/Validation/apple_pink_lady_1/r1_137.jpg,apple_pink_lady_1,train
Images/Validation/apple_pink_lady_1/r1_141.jpg,apple_pink_lady_1,train
Images/Validation/apple_pink_lady_1/r1_145.jpg,apple_pink_lady_1,train
Images/Validation/apple_pink_lady_1/r1_149.jpg,apple_pink_lady_1,train
Images/Validation/apple_pink_lady_1/r1_153.jpg,apple_pink_lady_1,train
Images/Validation/apple_pink_lady_1/r1_157.jpg,apple_pink_lady_1,train
Images/Validation/apple_pink_lady_1/r1_161.jpg,apple_pink_lady_1,train
Images/Validation/apple_pink_lady_1/r1_165.jpg,apple_pink_lady_1,train
Images/Validation/apple_pink_lady_1/r1_169.jpg,apple_pink_lady_1,train
Images/Validation/apple_pink_lady_1/r1_17.jpg,apple_pink_lady_1,train
Images/Validation/apple_pink_lady_1/r1_173.jpg,apple_pink_lady_1,train
Images/Validation/apple_pink_lady_1/r1_177.jpg,apple_pink_lady_1,train
Images/Validation/apple_pink_lady_1/r1_181.jpg,apple_pink_lady_1,train
Images/Validation/apple_pink_lady_1/r1_185.jpg,apple_pink_lady_1,train
Images/Validation/apple_pink_lady_1/r1_189.jpg,apple_pink_lady_1,train
Images/Validation/apple_pink_lady_1/r1_193.jpg,apple_pink_lady_1,train
Images/Validation/apple_pink_lady_1/r1_197.jpg,apple_pink_lady_1,train
Images/Validation/apple_pink_lady_1/r1_201.jpg,apple_pink_lady_1,train
Images/Validation/apple_pink_lady_1/r1_205.jpg,apple_pink_lady_1,train
Images/Validation/apple_pink_lady_1/r1_209.jpg,apple_pink_lady_1,train
Images/Validation/apple_pink_lady_1/r1_21.jpg,apple_pink_lady_1,train
Images/Validation/apple_pink_lady_1/r1_213.jpg,apple_pink_lady_1,train
Images/Validation/apple_pink_lady_1/r1_217.jpg,apple_pink_lady_1,train
Images/Validation/apple_pink_lady_1/r1_221.jpg,apple_pink_lady_1,train
Images/Validation/apple_pink_lady_1/r1_225.jpg,apple_pink_lady_1,val
Images/Validation/apple_pink_lady_1/r1_229.jpg,apple_pink_lady_1,val
Images/Validation/apple_pink_lady_1/r1_233.jpg,apple_pink_lady_1,val
Images/Validation/apple_pink_lady_1/r1_237.jpg,apple_pink_lady_1,val
Images/Validation/apple_pink_lady_1/r1_241.jpg,apple_pink_lady_1,val
Images/Validation/apple_pink_lady_1/r1_245.jpg,apple_pink_lady_1,val
Images/Validation/apple_pink_lady_1/r1_249.jpg,apple_pink_lady_1,val
Images/Validation/apple_pink_lady_1/r1_25.jpg,apple_pink_lady_1,train
Images/Validation/apple_pink_lady_1/r1_253.jpg,apple_pink_lady_1,val
Images/Validation/apple_pink_lady_1/r1_257.jpg,apple_pink_lady_1,val
Images/Validation/apple_pink_lady_1/r1_261.jpg,apple_pink_lady_1,val
Images/Validation/apple_pink_lady_1/r1_265.jpg,apple_pink_lady_1,val
Images/Validation/apple_pink_lady_1/r1_269.jpg,apple_pink_lady_1,val
Images/Validation/apple_pink_lady_1/r1_273.jpg,apple_pink_lady_1,test
Images/Validation/apple_pink_lady_1/r1_277.jpg,apple_pink_lady_1,test
Images/Validation/apple_pink_lady_1/r1_281.jpg,apple_pink_lady_1,test
Images/Validation/apple_pink_lady_1/r1_285.jpg,apple_pink_lady_1,test
Images/Validation/apple_pink_lady_1/r1_289.jpg,apple_pink_lady_1,test
Images/Validation/apple_pink_lady_1/r1_29.jpg,apple_pink_lady_1,train
Images/Validation/apple_pink_lady_1/r1_293.jpg,apple_pink_lady_1,test
Images/Validation/apple_pink_lady_1/r1_297.jpg,apple_pink_lady_1,test
Images/Validation/apple_pink_lady_1/r1_301.jpg,apple_pink_lady_1,test
Images/Validation/apple_pink_lady_1/r1_305.jpg,apple_pink_lady_1,test
Images/Validation/apple_pink_lady_1/r1_309.jpg,apple_pink_lady_1,test
Images/Validation/apple_pink_lady_1/r1_313.jpg,apple_pink_lady_1,test
Images/Validation/apple_pink_lady_1/r1_317.jpg,apple_pink_lady_1,test
Images/Validation/apple_pink_lady_1/r1_33.jpg,apple_pink_lady_1,train
Images/Validation/apple_pink_lady_1/r1_37.jpg,apple_pink_lady_1,train
Images/Validation/apple_pink_lady_1/r1_41.jpg,apple_pink_lady_1,train
Images/Validation/apple_pink_lady_1/r1_45.jpg,apple_pink_lady_1,train
Images/Validation/apple_pink_lady_1/r1_49.jpg,apple_pink_lady_1,train
Images/Validation/apple_pink_lady_1/r1_5.jpg,apple_pink_lady_1,train
Images/Validation/apple_pink_lady_1/r1_53.jpg,apple_pink_lady_1,train
Images/Validation/apple_pink_lady_1/r1_57.jpg,apple_pink_lady_1,train
Images/Validation/apple_pink_lady_1/r1_61.jpg,apple_pink_lady_1,train
Images/Validation/apple_pink_lady_1/r1_65.jpg,apple_pink_lady_1,train
Images/Validation/apple_pink_lady_1/r1_69.jpg,apple_pink_lady_1,train
Images/Validation/apple_pink_lady_1/r1_73.jpg,apple_pink_lady_1,train
Images/Validation/apple_pink_lady_1/r1_77.jpg,apple_pink_lady_1,train
Images/Validation/apple_pink_lady_1/r1_81.jpg,apple_pink_lady_1,train
Images/Validation/apple_pink_lady_1/r1_85.jpg,apple_pink_lady_1,train
Images/Validation/apple_pink_lady_1/r1_89.jpg,apple_pink_lady_1,train
Images/Validation/apple_pink_lady_1/r1_9.jpg,apple_pink_lady_1,train
Images/Validation/apple_pink_lady_1/r1_93.jpg,apple_pink_lady_1,train
Images/Validation/apple_pink_lady_1/r1_97.jpg,apple_pink_lady_1,train
Images/Validation/apple_red_1/r0_1.jpg,apple_red_1,train
Images/Validation/apple_red_1/r0_101.jpg,apple_red_1,train
Images/Validation/apple_red_1/r0_105.jpg,apple_red_1,train
Images/Validation/apple_red_1/r0_109.jpg,apple_red_1,train
Images/Validation/apple_red_1/r0_113.jpg,apple_red_1,train
Images/Validation/apple_red_1/r0_117.jpg,apple_red_1,train
Images/Validation/apple_red_1/r0_121.jpg,apple_red_1,train
Images/Validation/apple_red_1/r0_125.jpg,apple_red_1,train
Images/Validation/apple_red_1/r0_129.jpg,apple_red_1,train
Images/Validation/apple_red_1/r0_13.jpg,apple_red_1,train
Images/Validation/apple_red_1/r0_133.jpg,apple_red_1,train
Images/Validation/apple_red_1/r0_137.jpg,apple_red_1,train
Images/Validation/apple_red_1/r0_141.jpg,apple_red_1,train
Images/Validation/apple_red_1/r0_145.jpg,apple_red_1,train
Images/Validation/apple_red_1/r0_149.jpg,apple_red_1,train
Images/Validation/apple_red_1/r0_153.jpg,apple_red_1,train
Images/Validation/apple_red_1/r0_157.jpg,apple_red_1,train
Images/Validation/apple_red_1/r0_161.jpg,apple_red_1,train
Images/Validation/apple_red_1/r0_165.jpg,apple_red_1,train
Images/Validation/apple_red_1/r0_169.jpg,apple_red_1,train
Images/Validation/apple_red_1/r0_17.jpg,apple_red_1,train
Images/Validation/apple_red_1/r0_173.jpg,apple_red_1,train
Images/Validation/apple_red_1/r0_177.jpg,apple_red_1,train
Images/Validation/apple_red_1/r0_181.jpg,apple_red_1,train
Images/Validation/apple_red_1/r0_185.jpg,apple_red_1,train
Images/Validation/apple_red_1/r0_189.jpg,apple_red_1,train
Images/Validation/apple_red_1/r0_193.jpg,apple_red_1,train
Images/Validation/apple_red_1/r0_197.jpg,apple_red_1,train
Images/Validation/apple_red_1/r0_201.jpg,apple_red_1,train
Images/Validation/apple_red_1/r0_205.jpg,apple_red_1,train
Images/Validation/apple_red_1/r0_209.jpg,apple_red_1,train
Images/Validation/apple_red_1/r0_21.jpg,apple_red_1,train
Images/Validation/apple_red_1/r0_213.jpg,apple_red_1,train
Images/Validation/apple_red_1/r0_217.jpg,apple_red_1,val
Images/Validation/apple_red_1/r0_221.jpg,apple_red_1,val
Images/Validation/apple_red_1/r0_225.jpg,apple_red_1,val
Images/Validation/apple_red_1/r0_229.jpg,apple_red_1,val
Images/Validation/apple_red_1/r0_233.jpg,apple_red_1,val
Images/Validation/apple_red_1/r0_237.jpg,apple_red_1,val
Images/Validation/apple_red_1/r0_241.jpg,apple_red_1,val
Images/Validation/apple_red_1/r0_245.jpg,apple_red_1,val
Images/Validation/apple_red_1/r0_249.jpg,apple_red_1,val
Images/Validation/apple_red_1/r0_25.jpg,apple_red_1,train
Images/Validation/apple_red_1/r0_253.jpg,apple_red_1,val
Images/Validation/apple_red_1/r0_257.jpg,apple_red_1,val
Images/Validation/apple_red_1/r0_261.jpg,apple_red_1,val
Images/Validation/apple_red_1/r0_265.jpg,apple_red_1,test
Images/Validation/apple_red_1/r0_269.jpg,apple_red_1,test
Images/Validation/apple_red_1/r0_273.jpg,apple_red_1,test
Images/Validation/apple_red_1/r0_277.jpg,apple_red_1,test
Images/Validation/apple_red_1/r0_281.jpg,apple_red_1,test
Images/Validation/apple_red_1/r0_285.jpg,apple_red_1,test
Images/Validation/apple_red_1/r0_289.jpg,apple_red_1,test
Images/Validation/apple_red_1/r0_29.jpg,apple_red_1,train
Images/Validation/apple_red_1/r0_293.jpg,apple_red_1,test
Images/Validation/apple_red_1/r0_297.jpg,apple_red_1,test
Images/Validation/apple_red_1/r0_301.jpg,apple_red_1,test
Images/Validation/apple_red_1/r0_305.jpg,apple_red_1,test
Images/Validation/apple_red_1/r0_33.jpg,apple_red_1,train
Images/Validation/apple_red_1/r0_37.jpg,apple_red_1,train
Images/Validation/apple_red_1/r0_41.jpg,apple_red_1,train
Images/Validation/apple_red_1/r0_45.jpg,apple_red_1,train
Images/Validation/apple_red_1/r0_49.jpg,apple_red_1,train
Images/Validation/apple_red_1/r0_5.jpg,apple_red_1,train
Images/Validation/apple_red_1/r0_53.jpg,apple_red_1,train
Images/Validation/apple_red_1/r0_57.jpg,apple_red_1,train
Images/Validation/apple_red_1/r0_61.jpg,apple_red_1,train
Images/Validation/apple_red_1/r0_65.jpg,apple_red_1,train
Images/Validation/apple_red_1/r0_69.jpg,apple_red_1,train
Images/Validation/apple_red_1/r0_73.jpg,apple_red_1,train
Images/Validation/apple_red_1/r0_77.jpg,apple_red_1,train
Images/Validation/apple_red_1/r0_81.jpg,apple_red_1,train
Images/Validation/apple_red_1/r0_85.jpg,apple_red_1,train
Images/Validation/apple_red_1/r0_89.jpg,apple_red_1,train
Images/Validation/apple_red_1/r0_9.jpg,apple_red_1,train
Images/Validation/apple_red_1/r0_93.jpg,apple_red_1,train
Images/Validation/apple_red_1/r0_97.jpg,apple_red_1,train
Images/Validation/apple_red_1/r1_1.jpg,apple_red_1,train
Images/Validation/apple_red_1/r1_101.jpg,apple_red_1,train
Images/Validation/apple_red_1/r1_105.jpg,apple_red_1,train
Images/Validation/apple_red_1/r1_109.jpg,apple_red_1,train
Images/Validation/apple_red_1/r1_113.jpg,apple_red_1,train
Images/Validation/apple_red_1/r1_117.jpg,apple_red_1,train
Images/Validation/apple_red_1/r1_121.jpg,apple_red_1,train
Images/Validation/apple_red_1/r1_125.jpg,apple_red_1,train
Images/Validation/apple_red_1/r1_129.jpg,apple_red_1,train
Images/Validation/apple_red_1/r1_13.jpg,apple_red_1,train
Images/Validation/apple_red_1/r1_133.jpg,apple_red_1,train
Images/Validation/apple_red_1/r1_137.jpg,apple_red_1,train
Images/Validation/apple_red_1/r1_141.jpg,apple_red_1,train
Images/Validation/apple_red_1/r1_145.jpg,apple_red_1,train
Images/Validation/apple_red_1/r1_149.jpg,apple_red_1,train
Images/Validation/apple_red_1/r1_153.jpg,apple_red_1,train
Images/Validation/apple_red_1/r1_157.jpg,apple_red_1,train
Images/Validation/apple_red_1/r1_161.jpg,apple_red_1,train
Images/Validation/apple_red_1/r1_165.jpg,apple_red_1,train
Images/Validation/apple_red_1/r1_169.jpg,apple_red_1,train
Images/Validation/apple_red_1/r1_17.jpg,apple_red_1,train
Images/Validation/apple_red_1/r1_173.jpg,apple_red_1,train
Images/Validation/apple_red_1/r1_177.jpg,apple_red_1,train
Images/Validation/apple_red_1/r1_181.jpg,apple_red_1,train
Images/Validation/apple_red_1/r1_185.jpg,apple_red_1,train
Images/Validation/apple_red_1/r1_189.jpg,apple_red_1,train
Images/Validation/apple_red_1/r1_193.jpg,apple_red_1,train
Images/Validation/apple_red_1/r1_197.jpg,apple_red_1,train
Images/Validation/apple_red_1/r1_201.jpg,apple_red_1,train
Images/Validation/apple_red_1/r1_205.jpg,apple_red_1,train
Images/Validation/apple_red_1/r1_209.jpg,apple_red_1,train
Images/Validation/apple_red_1/r1_21.jpg,apple_red_1,train
Images/Validation/apple_red_1/r1_213.jpg,apple_red_1,train
Images/Validation/apple_red_1/r1_217.jpg,apple_red_1,val
Images/Validation/apple_red_1/r1_221.jpg,apple_red_1,val
Images/Validation/apple_red_1/r1_225.jpg,apple_red_1,val
Images/Validation/apple_red_1/r1_229.jpg,apple_red_1,val
Images/Validation/apple_red_1/r1_233.jpg,apple_red_1,val
Images/Validation/apple_red_1/r1_237.jpg,apple_red_1,val
Images/Validation/apple_red_1/r1_241.jpg,apple_red_1,val
Images/Validation/apple_red_1/r1_245.jpg,apple_red_1,val
Images/Validation/apple_red_1/r1_249.jpg,apple_red_1,val
Images/Validation/apple_red_1/r1_25.jpg,apple_red_1,train
Images/Validation/apple_red_1/r1_253.jpg,apple_red_1,val
Images/Validation/apple_red_1/r1_257.jpg,apple_red_1,val
Images/Validation/apple_red_1/r1_261.jpg,apple_red_1,val
Images/Validation/apple_red_1/r1_265.jpg,apple_red_1,test
Images/Validation/apple_red_1/r1_269.jpg,apple_red_1,test
Images/Validation/apple_red_1/r1_273.jpg,apple_red_1,test
Images/Validation/apple_red_1/r1_277.jpg,apple_red_1,test
Images/Validation/apple_red_1/r1_281.jpg,apple_red_1,test
Images/Validation/apple_red_1/r1_285.jpg,apple_red_1,test
Images/Validation/apple_red_1/r1_289.jpg,apple_red_1,test
Images/Validation/apple_red_1/r1_29.jpg,apple_red_1,train
Images/Validation/apple_red_1/r1_293.jpg,apple_red_1,test
Images/Validation/apple_red_1/r1_297.jpg,apple_red_1,test
Images/Validation/apple_red_1/r1_301.jpg,apple_red_1,test
Images/Validation/apple_red_1/r1_305.jpg,apple_red_1,test
Images/Validation/apple_red_1/r1_309.jpg,apple_red_1,test
Images/Validation/apple_red_1/r1_33.jpg,apple_red_1,train
Images/Validation/apple_red_1/r1_37.jpg,apple_red_1,train
Images/Validation/apple_red_1/r1_41.jpg,apple_red_1,train
Images/Validation/apple_red_1/r1_45.jpg,apple_red_1,train
Images/Validation/apple_red_1/r1_49.jpg,apple_red_1,train
Images/Validation/apple_red_1/r1_5.jpg,apple_red_1,train
Images/Validation/apple_red_1/r1_53.jpg,apple_red_1,train
Images/Validation/apple_red_1/r1_57.jpg,apple_red_1,train
Images/Validation/apple_red_1/r1_61.jpg,apple_red_1,train
Images/Validation/apple_red_1/r1_65.jpg,apple_red_1,train
Images/Validation/apple_red_1/r1_69.jpg,apple_red_1,train
Images/Validation/apple_red_1/r1_73.jpg,apple_red_1,train
Images/Validation/apple_red_1/r1_77.jpg,apple_red_1,train
Images/Validation/apple_red_1/r1_81.jpg,apple_red_1,train
Images/Validation/apple_red_1/r1_85.jpg,apple_red_1,train
Images/Validation/apple_red_1/r1_89.jpg,apple_red_1,train
Images/Validation/apple_red_1/r1_9.jpg,apple_red_1,train
Images/Validation/apple_red_1/r1_93.jpg,apple_red_1,train
Images/Validation/apple_red_1/r1_97.jpg,apple_red_1,train
Images/Validation/apple_red_2/r0_1.jpg,apple_red_2,train
Images/Validation/apple_red_2/r0_101.jpg,apple_red_2,train
Images/Validation/apple_red_2/r0_105.jpg,apple_red_2,train
Images/Validation/apple_red_2/r0_109.jpg,apple_red_2,train
Images/Validation/apple_red_2/r0_113.jpg,apple_red_2,train
Images/Validation/apple_red_2/r0_117.jpg,apple_red_2,train
Images/Validation/apple_red_2/r0_121.jpg,apple_red_2,train
Images/Validation/apple_red_2/r0_125.jpg,apple_red_2,train
Images/Validation/apple_red_2/r0_129.jpg,apple_red_2,train
Images/Validation/apple_red_2/r0_13.jpg,apple_red_2,train
Images/Validation/apple_red_2/r0_133.jpg,apple_red_2,train
Images/Validation/apple_red_2/r0_137.jpg,apple_red_2,train
Images/Validation/apple_red_2/r0_141.jpg,apple_red_2,train
Images/Validation/apple_red_2/r0_145.jpg,apple_red_2,train
Images/Validation/apple_red_2/r0_149.jpg,apple_red_2,train
Images/Validation/apple_red_2/r0_153.jpg,apple_red_2,train
Images/Validation/apple_red_2/r0_157.jpg,apple_red_2,train
Images/Validation/apple_red_2/r0_161.jpg,apple_red_2,train
Images/Validation/apple_red_2/r0_165.jpg,apple_red_2,train
Images/Validation/apple_red_2/r0_169.jpg,apple_red_2,train
Images/Validation/apple_red_2/r0_17.jpg,apple_red_2,train
Images/Validation/apple_red_2/r0_173.jpg,apple_red_2,train
Images/Validation/apple_red_2/r0_177.jpg,apple_red_2,train
Images/Validation/apple_red_2/r0_181.jpg,apple_red_2,train
Images/Validation/apple_red_2/r0_185.jpg,apple_red_2,train
Images/Validation/apple_red_2/r0_189.jpg,apple_red_2,train
Images/Validation/apple_red_2/r0_193.jpg,apple_red_2,train
Images/Validation/apple_red_2/r0_197.jpg,apple_red_2,train
Images/Validation/apple_red_2/r0_201.jpg,apple_red_2,train
Images/Validation/apple_red_2/r0_205.jpg,apple_red_2,train
Images/Validation/apple_red_2/r0_209.jpg,apple_red_2,train
Images/Validation/apple_red_2/r0_21.jpg,apple_red_2,train
Images/Validation/apple_red_2/r0_213.jpg,apple_red_2,train
Images/Validation/apple_red_2/r0_217.jpg,apple_red_2,train
Images/Validation/apple_red_2/r0_221.jpg,apple_red_2,train
Images/Validation/apple_red_2/r0_225.jpg,apple_red_2,val
Images/Validation/apple_red_2/r0_229.jpg,apple_red_2,val
Images/Validation/apple_red_2/r0_233.jpg,apple_red_2,val
Images/Validation/apple_red_2/r0_237.jpg,apple_red_2,val
Images/Validation/apple_red_2/r0_241.jpg,apple_red_2,val
Images/Validation/apple_red_2/r0_245.jpg,apple_red_2,val
Images/Validation/apple_red_2/r0_249.jpg,apple_red_2,val
Images/Validation/apple_red_2/r0_25.jpg,apple_red_2,train
Images/Validation/apple_red_2/r0_253.jpg,apple_red_2,val
Images/Validation/apple_red_2/r0_257.jpg,apple_red_2,val
Images/Validation/apple_red_2/r0_261.jpg,apple_red_2,val
Images/Validation/apple_red_2/r0_265.jpg,apple_red_2,val
Images/Validation/apple_red_2/r0_269.jpg,apple_red_2,val
Images/Validation/apple_red_2/r0_273.jpg,apple_red_2,test
Images/Validation/apple_red_2/r0_277.jpg,apple_red_2,test
Images/Validation/apple_red_2/r0_281.jpg,apple_red_2,test
Images/Validation/apple_red_2/r0_285.jpg,apple_red_2,test
Images/Validation/apple_red_2/r0_289.jpg,apple_red_2,test
Images/Validation/apple_red_2/r0_29.jpg,apple_red_2,train
Images/Validation/apple_red_2/r0_293.jpg,apple_red_2,test
Images/Validation/apple_red_2/r0_297.jpg,apple_red_2,test
Images/Validation/apple_red_2/r0_301.jpg,apple_red_2,test
Images/Validation/apple_red_2/r0_305.jpg,apple_red_2,test
Images/Validation/apple_red_2/r0_309.jpg,apple_red_2,test
Images/Validation/apple_red_2/r0_313.jpg,apple_red_2,test
Images/Validation/apple_red_2/r0_317.jpg,apple_red_2,test
Images/Validation/apple_red_2/r0_33.jpg,apple_red_2,train
Images/Validation/apple_red_2/r0_37.jpg,apple_red_2,train
Images/Validation/apple_red_2/r0_41.jpg,apple_red_2,train
Images/Validation/apple_red_2/r0_45.jpg,apple_red_2,train
Images/Validation/apple_red_2/r0_49.jpg,apple_red_2,train
Images/Validation/apple_red_2/r0_5.jpg,apple_red_2,train
Images/Validation/apple_red_2/r0_53.jpg,apple_red_2,train
Images/Validation/apple_red_2/r0_57.jpg,apple_red_2,train
Images/Validation/apple_red_2/r0_61.jpg,apple_red_2,train
Images/Validation/apple_red_2/r0_65.jpg,apple_red_2,train
Images/Validation/apple_red_2/r0_69.jpg,apple_red_2,train
Images/Validation/apple_red_2/r0_73.jpg,apple_red_2,train
Images/Validation/apple_red_2/r0_77.jpg,apple_red_2,train
Images/Validation/apple_red_2/r0_81.jpg,apple_red_2,train
Images/Validation/apple_red_2/r0_85.jpg,apple_red_2,train
Images/Validation/apple_red_2/r0_89.jpg,apple_red_2,train
Images/Validation/apple_red_2/r0_9.jpg,apple_red_2,train
Images/Validation/apple_red_2/r0_93.jpg,apple_red_2,train
Images/Validation/apple_red_2/r0_97.jpg,apple_red_2,train
Images/Validation/apple_red_2/r1_1.jpg,apple_red_2,train
Images/Validation/apple_red_2/r1_101.jpg,apple_red_2,train
Images/Validation/apple_red_2/r1_105.jpg,apple_red_2,train
Images/Validation/apple_red_2/r1_109.jpg,apple_red_2,train
Images/Validation/apple_red_2/r1_113.jpg,apple_red_2,train
Images/Validation/apple_red_2/r1_117.jpg,apple_red_2,train
Images/Validation/apple_red_2/r1_121.jpg,apple_red_2,train
Images/Validation/apple_red_2/r1_125.jpg,apple_red_2,train
Images/Validation/apple_red_2/r1_129.jpg,apple_red_2,train
Images/Validation/apple_red_2/r1_13.jpg,apple_red_2,train
Images/Validation/apple_red_2/r1_133.jpg,apple_red_2,train
Images/Validation/apple_red_2/r1_137.jpg,apple_red_2,train
Images/Validation/apple_red_2/r1_141.jpg,apple_red_2,train
Images/Validation/apple_red_2/r1_145.jpg,apple_red_2,train
Images/Validation/apple_red_2/r1_149.jpg,apple_red_2,train
Images/Validation/apple_red_2/r1_153.jpg,apple_red_2,train
Images/Validation/apple_red_2/r1_157.jpg,apple_red_2,train
Images/Validation/apple_red_2/r1_161.jpg,apple_red_2,train
Images/Validation/apple_red_2/r1_165.jpg,apple_red_2,train
Images/Validation/apple_red_2/r1_169.jpg,apple_red_2,train
Images/Validation/apple_red_2/r1_17.jpg,apple_red_2,train
Images/Validation/apple_red_2/r1_173.jpg,apple_red_2,train
Images/Validation/apple_red_2/r1_177.jpg,apple_red_2,train
Images/Validation/apple_red_2/r1_181.jpg,apple_red_2,train
Images/Validation/apple_red_2/r1_185.jpg,apple_red_2,train
Images/Validation/apple_red_2/r1_189.jpg,apple_red_2,train
Images/Validation/apple_red_2/r1_193.jpg,apple_red_2,train
Images/Validation/apple_red_2/r1_197.jpg,apple_red_2,train
Images/Validation/apple_red_2/r1_201.jpg,apple_red_2,train
Images/Validation/apple_red_2/r1_205.jpg,apple_red_2,train
Images/Validation/apple_red_2/r1_209.jpg,apple_red_2,train
Images/Validation/apple_red_2/r1_21.jpg,apple_red_2,train
Images/Validation/apple_red_2/r1_213.jpg,apple_red_2,train
Images/Validation/apple_red_2/r1_217.jpg,apple_red_2,train
Images/Validation/apple_red_2/r1_221.jpg,apple_red_2,val
Images/Validation/apple_red_2/r1_225.jpg,apple_red_2,val
Images/Validation/apple_red_2/r1_229.jpg,apple_red_2,val
Images/Validation/apple_red_2/r1_233.jpg,apple_red_2,val
Images/Validation/apple_red_2/r1_237.jpg,apple_red_2,val
Images/Validation/apple_red_2/r1_241.jpg,apple_red_2,val
Images/Validation/apple_red_2/r1_245.jpg,apple_red_2,val
Images/Validation/apple_red_2/r1_249.jpg,apple_red_2,val
Images/Validation/apple_red_2/r1_25.jpg,apple_red_2,train
Images/Validation/apple_red_2/r1_253.jpg,apple_red_2,val
Images/Validation/apple_red_2/r1_257.jpg,apple_red_2,val
Images/Validation/apple_red_2/r1_261.jpg,apple_red_2,val
Images/Validation/apple_red_2/r1_265.jpg,apple_red_2,val
Images/Validation/apple_red_2/r1_269.jpg,apple_red_2,test
Images/Validation/apple_red_2/r1_273.jpg,apple_red_2,test
Images/Validation/apple_red_2/r1_277.jpg,apple_red_2,test
Images/Validation/apple_red_2/r1_281.jpg,apple_red_2,test
Images/Validation/apple_red_2/r1_285.jpg,apple_red_2,test
Images/Validation/apple_red_2/r1_289.jpg,apple_red_2,test
Images/Validation/apple_red_2/r1_29.jpg,apple_red_2,train
Images/Validation/apple_red_2/r1_293.jpg,apple_red_2,test
Images/Validation/apple_red_2/r1_297.jpg,apple_red_2,test
Images/Validation/apple_red_2/r1_301.jpg,apple_red_2,test
Images/Validation/apple_red_2/r1_305.jpg,apple_red_2,test
Images/Validation/apple_red_2/r1_309.jpg,apple_red_2,test
Images/Validation/apple_red_2/r1_313.jpg,apple_red_2,test
Images/Validation/apple_red_2/r1_33.jpg,apple_red_2,train
Images/Validation/apple_red_2/r1_37.jpg,apple_red_2,train
Images/Validation/apple_red_2/r1_41.jpg,apple_red_2,train
Images/Validation/apple_red_2/r1_45.jpg,apple_red_2,train
Images/Validation/apple_red_2/r1_49.jpg,apple_red_2,train
Images/Validation/apple_red_2/r1_5.jpg,apple_red_2,train
Images/Validation/apple_red_2/r1_53.jpg,apple_red_2,train
Images/Validation/apple_red_2/r1_57.jpg,apple_red_2,train
Images/Validation/apple_red_2/r1_61.jpg,apple_red_2,train
Images/Validation/apple_red_2/r1_65.jpg,apple_red_2,train
Images/Validation/apple_red_2/r1_69.jpg,apple_red_2,train
Images/Validation/apple_red_2/r1_73.jpg,apple_red_2,train
Images/Validation/apple_red_2/r1_77.jpg,apple_red_2,train
Images/Validation/apple_red_2/r1_81.jpg,apple_red_2,train
Images/Validation/apple_red_2/r1_85.jpg,apple_red_2,train
Images/Validation/apple_red_2/r1_89.jpg,apple_red_2,train
Images/Validation/apple_red_2/r1_9.jpg,apple_red_2,train
Images/Validation/apple_red_2/r1_93.jpg,apple_red_2,train
Images/Validation/apple_red_2/r1_97.jpg,apple_red_2,train
Images/Validation/apple_red_3/r0_1.jpg,apple_red_3,train
Images/Validation/apple_red_3/r0_101.jpg,apple_red_3,train
Images/Validation/apple_red_3/r0_105.jpg,apple_red_3,train
Images/Validation/apple_red_3/r0_109.jpg,apple_red_3,train
Images/Validation/apple_red_3/r0_113.jpg,apple_red_3,train
Images/Validation/apple_red_3/r0_117.jpg,apple_red_3,train
Images/Validation/apple_red_3/r0_121.jpg,apple_red_3,train
Images/Validation/apple_red_3/r0_125.jpg,apple_red_3,train
Images/Validation/apple_red_3/r0_129.jpg,apple_red_3,train
Images/Validation/apple_red_3/r0_13.jpg,apple_red_3,train
Images/Validation/apple_red_3/r0_133.jpg,apple_red_3,train
Images/Validation/apple_red_3/r0_137.jpg,apple_red_3,train
Images/Validation/apple_red_3/r0_141.jpg,apple_red_3,train
Images/Validation/apple_red_3/r0_145.jpg,apple_red_3,train
Images/Validation/apple_red_3/r0_149.jpg,apple_red_3,train
Images/Validation/apple_red_3/r0_153.jpg,apple_red_3,train
Images/Validation/apple_red_3/r0_157.jpg,apple_red_3,train
Images/Validation/apple_red_3/r0_161.jpg,apple_red_3,train
Images/Validation/apple_red_3/r0_165.jpg,apple_red_3,train
Images/Validation/apple_red_3/r0_169.jpg,apple_red_3,train
Images/Validation/apple_red_3/r0_17.jpg,apple_red_3,train
Images/Validation/apple_red_3/r0_173.jpg,apple_red_3,val
Images/Validation/apple_red_3/r0_177.jpg,apple_red_3,val
Images/Validation/apple_red_3/r0_181.jpg,apple_red_3,val
Images/Validation/apple_red_3/r0_185.jpg,apple_red_3,val
Images/Validation/apple_red_3/r0_189.jpg,apple_red_3,val
Images/Validation/apple_red_3/r0_193.jpg,apple_red_3,val
Images/Validation/apple_red_3/r0_197.jpg,apple_red_3,val
Images/Validation/apple_red_3/r0_201.jpg,apple_red_3,val
Images/Validation/apple_red_3/r0_205.jpg,apple_red_3,val
Images/Validation/apple_red_3/r0_209.jpg,apple_red_3,test
Images/Validation/apple_red_3/r0_21.jpg,apple_red_3,train
Images/Validation/apple_red_3/r0_213.jpg,apple_red_3,test
Images/Validation/apple_red_3/r0_217.jpg,apple_red_3,test
Images/Validation/apple_red_3/r0_221.jpg,apple_red_3,test
Images/Validation/apple_red_3/r0_225.jpg,apple_red_3,test
Images/Validation/apple_red_3/r0_229.jpg,apple_red_3,test
Images/Validation/apple_red_3/r0_233.jpg,apple_red_3,test
Images/Validation/apple_red_3/r0_237.jpg,apple_red_3,test
Images/Validation/apple_red_3/r0_241.jpg,apple_red_3,test
Images/Validation/apple_red_3/r0_245.jpg,apple_red_3,test
Images/Validation/apple_red_3/r0_25.jpg,apple_red_3,train
Images/Validation/apple_red_3/r0_29.jpg,apple_red_3,train
Images/Validation/apple_red_3/r0_33.jpg,apple_red_3,train
Images/Validation/apple_red_3/r0_37.jpg,apple_red_3,train
Images/Validation/apple_red_3/r0_41.jpg,apple_red_3,train
Images/Validation/apple_red_3/r0_45.jpg,apple_red_3,train
Images/Validation/apple_red_3/r0_49.jpg,apple_red_3,train
Images/Validation/apple_red_3/r0_5.jpg,apple_red_3,train
Images/Validation/apple_red_3/r0_53.jpg,apple_red_3,train
Images/Validation/apple_red_3/r0_57.jpg,apple_red_3,train
Images/Validation/apple_red_3/r0_61.jpg,apple_red_3,train
Images/Validation/apple_red_3/r0_65.jpg,apple_red_3,train
Images/Validation/apple_red_3/r0_69.jpg,apple_red_3,train
Images/Validation/apple_red_3/r0_73.jpg,apple_red_3,train
Images/Validation/apple_red_3/r0_77.jpg,apple_red_3,train
Images/Validation/apple_red_3/r0_81.jpg,apple_red_3,train
Images/Validation/apple_red_3/r0_85.jpg,apple_red_3,train
Images/Validation/apple_red_3/r0_89.jpg,apple_red_3,train
Images/Validation/apple_red_3/r0_9.jpg,apple_red_3,train
Images/Validation/apple_red_3/r0_93.jpg,apple_red_3,train
Images/Validation/apple_red_3/r0_97.jpg,apple_red_3,train
Images/Validation/apple_red_3/r1_1.jpg,apple_red_3,train
Images/Validation/apple_red_3/r1_101.jpg,apple_red_3,train
Images/Validation/apple_red_3/r1_105.jpg,apple_red_3,train
Images/Validation/apple_red_3/r1_109.jpg,apple_red_3,train
Images/Validation/apple_red_3/r1_113.jpg,apple_red_3,train
Images/Validation/apple_red_3/r1_117.jpg,apple_red_3,train
Images/Validation/apple_red_3/r1_121.jpg,apple_red_3,train
Images/Validation/apple_red_3/r1_125.jpg,apple_red_3,train
Images/Validation/apple_red_3/r1_129.jpg,apple_red_3,train
Images/Validation/apple_red_3/r1_13.jpg,apple_red_3,train
Images/Validation/apple_red_3/r1_133.jpg,apple_red_3,train
Images/Validation/apple_red_3/r1_137.jpg,apple_red_3,train
Images/Validation/apple_red_3/r1_141.jpg,apple_red_3,train
Images/Validation/apple_red_3/r1_145.jpg,apple_red_3,train
Images/Validation/apple_red_3/r1_149.jpg,apple_red_3,train
Images/Validation/apple_red_3/r1_153.jpg,apple_red_3,train
Images/Validation/apple_red_3/r1_157.jpg,apple_red_3,train
Images/Validation/apple_red_3/r1_161.jpg,apple_red_3,train
Images/Validation/apple_red_3/r1_165.jpg,apple_red_3,train
Images/Validation/apple_red_3/r1_169.jpg,apple_red_3,train
Images/Validation/apple_red_3/r1_17.jpg,apple_red_3,train
Images/Validation/apple_red_3/r1_173.jpg,apple_red_3,train
Images/Validation/apple_red_3/r1_177.jpg,apple_red_3,train
Images/Validation/apple_red_3/r1_181.jpg,apple_red_3,train
Images/Validation/apple_red_3/r1_185.jpg,apple_red_3,train
Images/Validation/apple_red_3/r1_189.jpg,apple_red_3,train
Images/Validation/apple_red_3/r1_193.jpg,apple_red_3,train
Images/Validation/apple_red_3/r1_197.jpg,apple_red_3,train
Images/Validation/apple_red_3/r1_201.jpg,apple_red_3,train
Images/Validation/apple_red_3/r1_205.jpg,apple_red_3,train
Images/Validation/apple_red_3/r1_209.jpg,apple_red_3,train
Images/Validation/apple_red_3/r1_21.jpg,apple_red_3,train
Images/Validation/apple_red_3/r1_213.jpg,apple_red_3,train
Images/Validation/apple_red_3/r1_217.jpg,apple_red_3,train
Images/Validation/apple_red_3/r1_221.jpg,apple_red_3,val
Images/Validation/apple_red_3/r1_225.jpg,apple_red_3,val
Images/Validation/apple_red_3/r1_229.jpg,apple_red_3,val
Images/Validation/apple_red_3/r1_233.jpg,apple_red_3,val
Images/Validation/apple_red_3/r1_237.jpg,apple_red_3,val
Images/Validation/apple_red_3/r1_241.jpg,apple_red_3,val
Images/Validation/apple_red_3/r1_245.jpg,apple_red_3,val
Images/Validation/apple_red_3/r1_249.jpg,apple_red_3,val
Images/Validation/apple_red_3/r1_25.jpg,apple_red_3,train
Images/Validation/apple_red_3/r1_253.jpg,apple_red_3,val
Images/Validation/apple_red_3/r1_257.jpg,apple_red_3,val
Images/Validation/apple_red_3/r1_261.jpg,apple_red_3,val
Images/Validation/apple_red_3/r1_265.jpg,apple_red_3,val
Images/Validation/apple_red_3/r1_269.jpg,apple_red_3,test
Images/Validation/apple_red_3/r1_273.jpg,apple_red_3,test
Images/Validation/apple_red_3/r1_277.jpg,apple_red_3,test
Images/Validation/apple_red_3/r1_281.jpg,apple_red_3,test
Images/Validation/apple_red_3/r1_285.jpg,apple_red_3,test
Images/Validation/apple_red_3/r1_289.jpg,apple_red_3,test
Images/Validation/apple_red_3/r1_29.jpg,apple_red_3,train
Images/Validation/apple_red_3/r1_293.jpg,apple_red_3,test
Images/Validation/apple_red_3/r1_297.jpg,apple_red_3,test
Images/Validation/apple_red_3/r1_301.jpg,apple_red_3,test
Images/Validation/apple_red_3/r1_305.jpg,apple_red_3,test
Images/Validation/apple_red_3/r1_309.jpg,apple_red_3,test
Images/Validation/apple_red_3/r1_313.jpg,apple_red_3,test
Images/Validation/apple_red_3/r1_33.jpg,apple_red_3,train
Images/Validation/apple_red_3/r1_37.jpg,apple_red_3,train
Images/Validation/apple_red_3/r1_41.jpg,apple_red_3,train
Images/Validation/apple_red_3/r1_45.jpg,apple_red_3,train
Images/Validation/apple_red_3/r1_49.jpg,apple_red_3,train
Images/Validation/apple_red_3/r1_5.jpg,apple_red_3,train
Images/Validation/apple_red_3/r1_53.jpg,apple_red_3,train
Images/Validation/apple_red_3/r1_57.jpg,apple_red_3,train
Images/Validation/apple_red_3/r1_61.jpg,apple_red_3,train
Images/Validation/apple_red_3/r1_65.jpg,apple_red_3,train
Images/Validation/apple_red_3/r1_69.jpg,apple_red_3,train
Images/Validation/apple_red_3/r1_73.jpg,apple_red_3,train
Images/Validation/apple_red_3/r1_77.jpg,apple_red_3,train
Images/Validation/apple_red_3/r1_81.jpg,apple_red_3,train
Images/Validation/apple_red_3/r1_85.jpg,apple_red_3,train
Images/Validation/apple_red_3/r1_89.jpg,apple_red_3,train
Images/Validation/apple_red_3/r1_9.jpg,apple_red_3,train
Images/Validation/apple_red_3/r1_93.jpg,apple_red_3,train
Images/Validation/apple_red_3/r1_97.jpg,apple_red_3,train
Images/Validation/apple_red_delicios_1/r0_1.jpg,apple_red_delicios_1,train
Images/Validation/apple_red_delicios_1/r0_101.jpg,apple_red_delicios_1,train
Images/Validation/apple_red_delicios_1/r0_105.jpg,apple_red_delicios_1,train
Images/Validation/apple_red_delicios_1/r0_109.jpg,apple_red_delicios_1,train
Images/Validation/apple_red_delicios_1/r0_113.jpg,apple_red_delicios_1,train
Images/Validation/apple_red_delicios_1/r0_117.jpg,apple_red_delicios_1,train
Images/Validation/apple_red_delicios_1/r0_121.jpg,apple_red_delicios_1,train
Images/Validation/apple_red_delicios_1/r0_125.jpg,apple_red_delicios_1,train
Images/Validation/apple_red_delicios_1/r0_129.jpg,apple_red_delicios_1,train
Images/Validation/apple_red_delicios_1/r0_13.jpg,apple_red_delicios_1,train
Images/Validation/apple_red_delicios_1/r0_133.jpg,apple_red_delicios_1,train
Images/Validation/apple_red_delicios_1/r0_137.jpg,apple_red_delicios_1,train
Images/Validation/apple_red_delicios_1/r0_141.jpg,apple_red_delicios_1,train
Images/Validation/apple_red_delicios_1/r0_145.jpg,apple_red_delicios_1,train
Images/Validation/apple_red_delicios_1/r0_149.jpg,apple_red_delicios_1,train
Images/Validation/apple_red_delicios_1/r0_153.jpg,apple_red_delicios_1,train
Images/Validation/apple_red_delicios_1/r0_157.jpg,apple_red_delicios_1,train
Images/Validation/apple_red_delicios_1/r0_161.jpg,apple_red_delicios_1,train
Images/Validation/apple_red_delicios_1/r0_165.jpg,apple_red_delicios_1,train
Images/Validation/apple_red_delicios_1/r0_169.jpg,apple_red_delicios_1,train
Images/Validation/apple_red_delicios_1/r0_17.jpg,apple_red_delicios_1,train
Images/Validation/apple_red_delicios_1/r0_173.jpg,apple_red_delicios_1,train
Images/Validation/apple_red_delicios_1/r0_177.jpg,apple_red_delicios_1,train
Images/Validation/apple_red_delicios_1/r0_181.jpg,apple_red_delicios_1,train
Images/Validation/apple_red_delicios_1/r0_185.jpg,apple_red_delicios_1,train
Images/Validation/apple_red_delicios_1/r0_189.jpg,apple_red_delicios_1,train
Images/Validation/apple_red_delicios_1/r0_193.jpg,apple_red_delicios_1,train
Images/Validation/apple_red_delicios_1/r0_197.jpg,apple_red_delicios_1,train
Images/Validation/apple_red_delicios_1/r0_201.jpg,apple_red_delicios_1,train
Images/Validation/apple_red_delicios_1/r0_205.jpg,apple_red_delicios_1,train
Images/Validation/apple_red_delicios_1/r0_209.jpg,apple_red_delicios_1,train
Images/Validation/apple_red_delicios_1/r0_21.jpg,apple_red_delicios_1,train
Images/Validation/apple_red_delicios_1/r0_213.jpg,apple_red_delicios_1,val
Images/Validation/apple_red_delicios_1/r0_217.jpg,apple_red_delicios_1,val
Images/Validation/apple_red_delicios_1/r0_221.jpg,apple_red_delicios_1,val
Images/Validation/apple_red_delicios_1/r0_225.jpg,apple_red_delicios_1,val
Images/Validation/apple_red_delicios_1/r0_229.jpg,apple_red_delicios_1,val
Images/Validation/apple_red_delicios_1/r0_233.jpg,apple_red_delicios_1,val
Images/Validation/apple_red_delicios_1/r0_237.jpg,apple_red_delicios_1,val
Images/Validation/apple_red_delicios_1/r0_241.jpg,apple_red_delicios_1,val
Images/Validation/apple_red_delicios_1/r0_245.jpg,apple_red_delicios_1,val
Images/Validation/apple_red_delicios_1/r0_249.jpg,apple_red_delicios_1,val
Images/Validation/apple_red_delicios_1/r0_25.jpg,apple_red_delicios_1,train
Images/Validation/apple_red_delicios_1/r0_253.jpg,apple_red_delicios_1,val
Images/Validation/apple_red_delicios_1/r0_257.jpg,apple_red_delicios_1,test
Images/Validation/apple_red_delicios_1/r0_261.jpg,apple_red_delicios_1,test
Images/Validation/apple_red_delicios_1/r0_265.jpg,apple_red_delicios_1,test
Images/Validation/apple_red_delicios_1/r0_269.jpg,apple_red_delicios_1,test
Images/Validation/apple_red_delicios_1/r0_273.jpg,apple_red_delicios_1,test
Images/Validation/apple_red_delicios_1/r0_277.jpg,apple_red_delicios_1,test
Images/Validation/apple_red_delicios_1/r0_281.jpg,apple_red_delicios_1,test
Images/Validation/apple_red_delicios_1/r0_285.jpg,apple_red_delicios_1,test
Images/Validation/apple_red_delicios_1/r0_289.jpg,apple_red_delicios_1,test
Images/Validation/apple_red_delicios_1/r0_29.jpg,apple_red_delicios_1,train
Images/Validation/apple_red_delicios_1/r0_293.jpg,apple_red_delicios_1,test
Images/Validation/apple_red_delicios_1/r0_297.jpg,apple_red_delicios_1,test
Images/Validation/apple_red_delicios_1/r0_33.jpg,apple_red_delicios_1,train
Images/Validation/apple_red_delicios_1/r0_37.jpg,apple_red_delicios_1,train
Images/Validation/apple_red_delicios_1/r0_41.jpg,apple_red_delicios_1,train
Images/Validation/apple_red_delicios_1/r0_45.jpg,apple_red_delicios_1,train
Images/Validation/apple_red_delicios_1/r0_49.jpg,apple_red_delicios_1,train
Images/Validation/apple_red_delicios_1/r0_5.jpg,apple_red_delicios_1,train
Images/Validation/apple_red_delicios_1/r0_53.jpg,apple_red_delicios_1,train
Images/Validation/apple_red_delicios_1/r0_57.jpg,apple_red_delicios_1,train
Images/Validation/apple_red_delicios_1/r0_61.jpg,apple_red_delicios_1,train
Images/Validation/apple_red_delicios_1/r0_65.jpg,apple_red_delicios_1,train
Images/Validation/apple_red_delicios_1/r0_69.jpg,apple_red_delicios_1,train
Images/Validation/apple_red_delicios_1/r0_73.jpg,apple_red_delicios_1,train
Images/Validation/apple_red_delicios_1/r0_77.jpg,apple_red_delicios_1,train
Images/Validation/apple_red_delicios_1/r0_81.jpg,apple_red_delicios_1,train
Images/Validation/apple_red_delicios_1/r0_85.jpg,apple_red_delicios_1,train
Images/Validation/apple_red_delicios_1/r0_89.jpg,apple_red_delicios_1,train
Images/Validation/apple_red_delicios_1/r0_9.jpg,apple_red_delicios_1,train
Images/Validation/apple_red_delicios_1/r0_93.jpg,apple_red_delicios_1,train
Images/Validation/apple_red_delicios_1/r0_97.jpg,apple_red_delicios_1,train
Images/Validation/apple_red_delicios_1/r1_1.jpg,apple_red_delicios_1,train
Images/Validation/apple_red_delicios_1/r1_101.jpg,apple_red_delicios_1,train
Images/Validation/apple_red_delicios_1/r1_105.jpg,apple_red_delicios_1,train
Images/Validation/apple_red_delicios_1/r1_109.jpg,apple_red_delicios_1,train
Images/Validation/apple_red_delicios_1/r1_113.jpg,apple_red_delicios_1,train
Images/Validation/apple_red_delicios_1/r1_117.jpg,apple_red_delicios_1,train
Images/Validation/apple_red_delicios_1/r1_121.jpg,apple_red_delicios_1,train
Images/Validation/apple_red_delicios_1/r1_125.jpg,apple_red_delicios_1,train
Images/Validation/apple_red_delicios_1/r1_129.jpg,apple_red_delicios_1,train
Images/Validation/apple_red_delicios_1/r1_13.jpg,apple_red_delicios_1,train
Images/Validation/apple_red_delicios_1/r1_133.jpg,apple_red_delicios_1,train
Images/Validation/apple_red_delicios_1/r1_137.jpg,apple_red_delicios_1,train
Images/Validation/apple_red_delicios_1/r1_141.jpg,apple_red_delicios_1,train
Images/Validation/apple_red_delicios_1/r1_145.jpg,apple_red_delicios_1,train
Images/Validation/apple_red_delicios_1/r1_149.jpg,apple_red_delicios_1,train
Images/Validation/apple_red_delicios_1/r1_153.jpg,apple_red_delicios_1,train
Images/Validation/apple_red_delicios_1/r1_157.jpg,apple_red_delicios_1,train
Images/Validation/apple_red_delicios_1/r1_161.jpg,apple_red_delicios_1,train
Images/Validation/apple_red_delicios_1/r1_165.jpg,apple_red_delicios_1,train
Images/Validation/apple_red_delicios_1/r1_169.jpg,apple_red_delicios_1,train
Images/Validation/apple_red_delicios_1/r1_17.jpg,apple_red_delicios_1,train
Images/Validation/apple_red_delicios_1/r1_173.jpg,apple_red_delicios_1,train
Images/Validation/apple_red_delicios_1/r1_177.jpg,apple_red_delicios_1,train
Images/Validation/apple_red_delicios_1/r1_181.jpg,apple_red_delicios_1,train
Images/Validation/apple_red_delicios_1/r1_185.jpg,apple_red_delicios_1,train
Images/Validation/apple_red_delicios_1/r1_189.jpg,apple_red_delicios_1,train
Images/Validation/apple_red_delicios_1/r1_193.jpg,apple_red_delicios_1,train
Images/Validation/apple_red_delicios_1/r1_197.jpg,apple_red_delicios_1,train
Images/Validation/apple_red_delicios_1/r1_201.jpg,apple_red_delicios_1,train
Images/Validation/apple_red_delicios_1/r1_205.jpg,apple_red_delicios_1,train
Images/Validation/apple_red_delicios_1/r1_209.jpg,apple_red_delicios_1,train
Images/Validation/apple_red_delicios_1/r1_21.jpg,apple_red_delicios_1,train
Images/Validation/apple_red_delicios_1/r1_213.jpg,apple_red_delicios_1,val
Images/Validation/apple_red_delicios_1/r1_217.jpg,apple_red_delicios_1,val
Images/Validation/apple_red_delicios_1/r1_221.jpg,apple_red_delicios_1,val
Images/Validation/apple_red_delicios_1/r1_225.jpg,apple_red_delicios_1,val
Images/Validation/apple_red_delicios_1/r1_229.jpg,apple_red_delicios_1,val
Images/Validation/apple_red_delicios_1/r1_233.jpg,apple_red_delicios_1,val
Images/Validation/apple_red_delicios_1/r1_237.jpg,apple_red_delicios_1,val
Images/Validation/apple_red_delicios_1/r1_241.jpg,apple_red_delicios_1,val
Images/Validation/apple_red_delicios_1/r1_245.jpg,apple_red_delicios_1,val
Images/Validation/apple_red_delicios_1/r1_249.jpg,apple_red_delicios_1,val
Images/Validation/apple_red_delicios_1/r1_25.jpg,apple_red_delicios_1,train
Images/Validation/apple_red_delicios_1/r1_253.jpg,apple_red_delicios_1,val
Images/Validation/apple_red_delicios_1/r1_257.jpg,apple_red_delicios_1,test
Images/Validation/apple_red_delicios_1/r1_261.jpg,apple_red_delicios_1,test
Images/Validation/apple_red_delicios_1/r1_265.jpg,apple_red_delicios_1,test
Images/Validation/apple_red_delicios_1/r1_269.jpg,apple_red_delicios_1,test
Images/Validation/apple_red_delicios_1/r1_273.jpg,apple_red_delicios_1,test
Images/Validation/apple_red_delicios_1/r1_277.jpg,apple_red_delicios_1,test
Images/Validation/apple_red_delicios_1/r1_281.jpg,apple_red_delicios_1,test
Images/Validation/apple_red_delicios_1/r1_285.jpg,apple_red_delicios_1,test
Images/Validation/apple_red_delicios_1/r1_289.jpg,apple_red_delicios_1,test
Images/Validation/apple_red_delicios_1/r1_29.jpg,apple_red_delicios_1,train
Images/Validation/apple_red_delicios_1/r1_293.jpg,apple_red_delicios_1,test
Images/Validation/apple_red_delicios_1/r1_297.jpg,apple_red_delicios_1,test
Images/Validation/apple_red_delicios_1/r1_33.jpg,apple_red_delicios_1,train
Images/Validation/apple_red_delicios_1/r1_37.jpg,apple_red_delicios_1,train
Images/Validation/apple_red_delicios_1/r1_41.jpg,apple_red_delicios_1,train
Images/Validation/apple_red_delicios_1/r1_45.jpg,apple_red_delicios_1,train
Images/Validation/apple_red_delicios_1/r1_49.jpg,apple_red_delicios_1,train
Images/Validation/apple_red_delicios_1/r1_5.jpg,apple_red_delicios_1,train
Images/Validation/apple_red_delicios_1/r1_53.jpg,apple_red_delicios_1,train
Images/Validation/apple_red_delicios_1/r1_57.jpg,apple_red_delicios_1,train
Images/Validation/apple_red_delicios_1/r1_61.jpg,apple_red_delicios_1,train
Images/Validation/apple_red_delicios_1/r1_65.jpg,apple_red_delicios_1,train
Images/Validation/apple_red_delicios_1/r1_69.jpg,apple_red_delicios_1,train
Images/Validation/apple_red_delicios_1/r1_73.jpg,apple_red_delicios_1,train
Images/Validation/apple_red_delicios_1/r1_77.jpg,apple_red_delicios_1,train
Images/Validation/apple_red_delicios_1/r1_81.jpg,apple_red_delicios_1,train
Images/Validation/apple_red_delicios_1/r1_85.jpg,apple_red_delicios_1,train
Images/Validation/apple_red_delicios_1/r1_89.jpg,apple_red_delicios_1,train
Images/Validation/apple_red_delicios_1/r1_9.jpg,apple_red_delicios_1,train
Images/Validation/apple_red_delicios_1/r1_93.jpg,apple_red_delicios_1,train
Images/Validation/apple_red_delicios_1/r1_97.jpg,apple_red_delicios_1,train
Images/Validation/apple_red_yellow_1/r0_1.jpg,apple_red_yellow_1,train
Images/Validation/apple_red_yellow_1/r0_101.jpg,apple_red_yellow_1,train
Images/Validation/apple_red_yellow_1/r0_105.jpg,apple_red_yellow_1,train
Images/Validation/apple_red_yellow_1/r0_109.jpg,apple_red_yellow_1,train
Images/Validation/apple_red_yellow_1/r0_113.jpg,apple_red_yellow_1,train
Images/Validation/apple_red_yellow_1/r0_117.jpg,apple_red_yellow_1,train
Images/Validation/apple_red_yellow_1/r0_121.jpg,apple_red_yellow_1,train
Images/Validation/apple_red_yellow_1/r0_125.jpg,apple_red_yellow_1,train
Images/Validation/apple_red_yellow_1/r0_129.jpg,apple_red_yellow_1,train
Images/Validation/apple_red_yellow_1/r0_13.jpg,apple_red_yellow_1,train
Images/Validation/apple_red_yellow_1/r0_133.jpg,apple_red_yellow_1,train
Images/Validation/apple_red_yellow_1/r0_137.jpg,apple_red_yellow_1,train
Images/Validation/apple_red_yellow_1/r0_141.jpg,apple_red_yellow_1,train
Images/Validation/apple_red_yellow_1/r0_145.jpg,apple_red_yellow_1,train
Images/Validation/apple_red_yellow_1/r0_149.jpg,apple_red_yellow_1,train
Images/Validation/apple_red_yellow_1/r0_153.jpg,apple_red_yellow_1,train
Images/Validation/apple_red_yellow_1/r0_157.jpg,apple_red_yellow_1,train
Images/Validation/apple_red_yellow_1/r0_161.jpg,apple_red_yellow_1,train
Images/Validation/apple_red_yellow_1/r0_165.jpg,apple_red_yellow_1,train
Images/Validation/apple_red_yellow_1/r0_169.jpg,apple_red_yellow_1,train
Images/Validation/apple_red_yellow_1/r0_17.jpg,apple_red_yellow_1,train
Images/Validation/apple_red_yellow_1/r0_173.jpg,apple_red_yellow_1,train
Images/Validation/apple_red_yellow_1/r0_177.jpg,apple_red_yellow_1,train
Images/Validation/apple_red_yellow_1/r0_181.jpg,apple_red_yellow_1,train
Images/Validation/apple_red_yellow_1/r0_185.jpg,apple_red_yellow_1,train
Images/Validation/apple_red_yellow_1/r0_189.jpg,apple_red_yellow_1,train
Images/Validation/apple_red_yellow_1/r0_193.jpg,apple_red_yellow_1,train
Images/Validation/apple_red_yellow_1/r0_197.jpg,apple_red_yellow_1,train
Images/Validation/apple_red_yellow_1/r0_201.jpg,apple_red_yellow_1,train
Images/Validation/apple_red_yellow_1/r0_205.jpg,apple_red_yellow_1,train
Images/Validation/apple_red_yellow_1/r0_209.jpg,apple_red_yellow_1,train
Images/Validation/apple_red_yellow_1/r0_21.jpg,apple_red_yellow_1,train
Images/Validation/apple_red_yellow_1/r0_213.jpg,apple_red_yellow_1,train
Images/Validation/apple_red_yellow_1/r0_217.jpg,apple_red_yellow_1,val
Images/Validation/apple_red_yellow_1/r0_221.jpg,apple_red_yellow_1,val
Images/Validation/apple_red_yellow_1/r0_225.jpg,apple_red_yellow_1,val
Images/Validation/apple_red_yellow_1/r0_229.jpg,apple_red_yellow_1,val
Images/Validation/apple_red_yellow_1/r0_233.jpg,apple_red_yellow_1,val
Images/Validation/apple_red_yellow_1/r0_237.jpg,apple_red_yellow_1,val
Images/Validation/apple_red_yellow_1/r0_241.jpg,apple_red_yellow_1,val
Images/Validation/apple_red_yellow_1/r0_245.jpg,apple_red_yellow_1,val
Images/Validation/apple_red_yellow_1/r0_249.jpg,apple_red_yellow_1,val
Images/Validation/apple_red_yellow_1/r0_25.jpg,apple_red_yellow_1,train
Images/Validation/apple_red_yellow_1/r0_253.jpg,apple_red_yellow_1,val
Images/Validation/apple_red_yellow_1/r0_257.jpg,apple_red_yellow_1,val
Images/Validation/apple_red_yellow_1/r0_261.jpg,apple_red_yellow_1,val
Images/Validation/apple_red_yellow_1/r0_265.jpg,apple_red_yellow_1,test
Images/Validation/apple_red_yellow_1/r0_269.jpg,apple_red_yellow_1,test
Images/Validation/apple_red_yellow_1/r0_273.jpg,apple_red_yellow_1,test
Images/Validation/apple_red_yellow_1/r0_277.jpg,apple_red_yellow_1,test
Images/Validation/apple_red_yellow_1/r0_281.jpg,apple_red_yellow_1,test
Images/Validation/apple_red_yellow_1/r0_285.jpg,apple_red_yellow_1,test
Images/Validation/apple_red_yellow_1/r0_289.jpg,apple_red_yellow_1,test
Images/Validation/apple_red_yellow_1/r0_29.jpg,apple_red_yellow_1,train
Images/Validation/apple_red_yellow_1/r0_293.jpg,apple_red_yellow_1,test
Images/Validation/apple_red_yellow_1/r0_297.jpg,apple_red_yellow_1,test
Images/Validation/apple_red_yellow_1/r0_301.jpg,apple_red_yellow_1,test
Images/Validation/apple_red_yellow_1/r0_305.jpg,apple_red_yellow_1,test
Images/Validation/apple_red_yellow_1/r0_33.jpg,apple_red_yellow_1,train
Images/Validation/apple_red_yellow_1/r0_37.jpg,apple_red_yellow_1,train
Images/Validation/apple_red_yellow_1/r0_41.jpg,apple_red_yellow_1,train
Images/Validation/apple_red_yellow_1/r0_45.jpg,apple_red_yellow_1,train
Images/Validation/apple_red_yellow_1/r0_49.jpg,apple_red_yellow_1,train
Images/Validation/apple_red_yellow_1/r0_5.jpg,apple_red_yellow_1,train
Images/Validation/apple_red_yellow_1/r0_53.jpg,apple_red_yellow_1,train
Images/Validation/apple_red_yellow_1/r0_57.jpg,apple_red_yellow_1,train
Images/Validation/apple_red_yellow_1/r0_61.jpg,apple_red_yellow_1,train
Images/Validation/apple_red_yellow_1/r0_65.jpg,apple_red_yellow_1,train
Images/Validation/apple_red_yellow_1/r0_69.jpg,apple_red_yellow_1,train
Images/Validation/apple_red_yellow_1/r0_73.jpg,apple_red_yellow_1,train
Images/Validation/apple_red_yellow_1/r0_77.jpg,apple_red_yellow_1,train
Images/Validation/apple_red_yellow_1/r0_81.jpg,apple_red_yellow_1,train
Images/Validation/apple_red_yellow_1/r0_85.jpg,apple_red_yellow_1,train
Images/Validation/apple_red_yellow_1/r0_89.jpg,apple_red_yellow_1,train
Images/Validation/apple_red_yellow_1/r0_9.jpg,apple_red_yellow_1,train
Images/Validation/apple_red_yellow_1/r0_93.jpg,apple_red_yellow_1,train
Images/Validation/apple_red_yellow_1/r0_97.jpg,apple_red_yellow_1,train
Images/Validation/apple_red_yellow_1/r1_1.jpg,apple_red_yellow_1,train
Images/Validation/apple_red_yellow_1/r1_101.jpg,apple_red_yellow_1,train
Images/Validation/apple_red_yellow_1/r1_105.jpg,apple_red_yellow_1,train
Images/Validation/apple_red_yellow_1/r1_109.jpg,apple_red_yellow_1,train
Images/Validation/apple_red_yellow_1/r1_113.jpg,apple_red_yellow_1,train
Images/Validation/apple_red_yellow_1/r1_117.jpg,apple_red_yellow_1,train
Images/Validation/apple_red_yellow_1/r1_121.jpg,apple_red_yellow_1,train
Images/Validation/apple_red_yellow_1/r1_125.jpg,apple_red_yellow_1,train
Images/Validation/apple_red_yellow_1/r1_129.jpg,apple_red_yellow_1,train
Images/Validation/apple_red_yellow_1/r1_13.jpg,apple_red_yellow_1,train
Images/Validation/apple_red_yellow_1/r1_133.jpg,apple_red_yellow_1,train
Images/Validation/apple_red_yellow_1/r1_137.jpg,apple_red_yellow_1,train
Images/Validation/apple_red_yellow_1/r1_141.jpg,apple_red_yellow_1,train
Images/Validation/apple_red_yellow_1/r1_145.jpg,apple_red_yellow_1,train
Images/Validation/apple_red_yellow_1/r1_149.jpg,apple_red_yellow_1,train
Images/Validation/apple_red_yellow_1/r1_153.jpg,apple_red_yellow_1,train
Images/Validation/apple_red_yellow_1/r1_157.jpg,apple_red_yellow_1,train
Images/Validation/apple_red_yellow_1/r1_161.jpg,apple_red_yellow_1,train
Images/Validation/apple_red_yellow_1/r1_165.jpg,apple_red_yellow_1,train
Images/Validation/apple_red_yellow_1/r1_169.jpg,apple_red_yellow_1,train
Images/Validation/apple_red_yellow_1/r1_17.jpg,apple_red_yellow_1,train
Images/Validation/apple_red_yellow_1/r1_173.jpg,apple_red_yellow_1,train
Images/Validation/apple_red_yellow_1/r1_177.jpg,apple_red_yellow_1,train
Images/Validation/apple_red_yellow_1/r1_181.jpg,apple_red_yellow_1,train
Images/Validation/apple_red_yellow_1/r1_185.jpg,apple_red_yellow_1,train
Images/Validation/apple_red_yellow_1/r1_189.jpg,apple_red_yellow_1,train
Images/Validation/apple_red_yellow_1/r1_193.jpg,apple_red_yellow_1,train
Images/Validation/apple_red_yellow_1/r1_197.jpg,apple_red_yellow_1,train
Images/Validation/apple_red_yellow_1/r1_201.jpg,apple_red_yellow_1,train
Images/Validation/apple_red_yellow_1/r1_205.jpg,apple_red_yellow_1,train
Images/Validation/apple_red_yellow_1/r1_209.jpg,apple_red_yellow_1,train
Images/Validation/apple_red_yellow_1/r1_21.jpg,apple_red_yellow_1,train
Images/Validation/apple_red_yellow_1/r1_213.jpg,apple_red_yellow_1,train
Images/Validation/apple_red_yellow_1/r1_217.jpg,apple_red_yellow_1,val
Images/Validation/apple_red_yellow_1/r1_221.jpg,apple_red_yellow_1,val
Images/Validation/apple_red_yellow_1/r1_225.jpg,apple_red_yellow_1,val
Images/Validation/apple_red_yellow_1/r1_229.jpg,apple_red_yellow_1,val
Images/Validation/apple_red_yellow_1/r1_233.jpg,apple_red_yellow_1,val
Images/Validation/apple_red_yellow_1/r1_237.jpg,apple_red_yellow_1,val
Images/Validation/apple_red_yellow_1/r1_241.jpg,apple_red_yellow_1,val
Images/Validation/apple_red_yellow_1/r1_245.jpg,apple_red_yellow_1,val
Images/Validation/apple_red_yellow_1/r1_249.jpg,apple_red_yellow_1,val
Images/Validation/apple_red_yellow_1/r1_25.jpg,apple_red_yellow_1,train
Images/Validation/apple_red_yellow_1/r1_253.jpg,apple_red_yellow_1,val
Images/Validation/apple_red_yellow_1/r1_257.jpg,apple_red_yellow_1,val
Images/Validation/apple_red_yellow_1/r1_261.jpg,apple_red_yellow_1,val
Images/Validation/apple_red_yellow_1/r1_265.jpg,apple_red_yellow_1,test
Images/Validation/apple_red_yellow_1/r1_269.jpg,apple_red_yellow_1,test
Images/Validation/apple_red_yellow_1/r1_273.jpg,apple_red_yellow_1,test
Images/Validation/apple_red_yellow_1/r1_277.jpg,apple_red_yellow_1,test
Images/Validation/apple_red_yellow_1/r1_281.jpg,apple_red_yellow_1,test
Images/Validation/apple_red_yellow_1/r1_285.jpg,apple_red_yellow_1,test
Images/Validation/apple_red_yellow_1/r1_289.jpg,apple_red_yellow_1,test
Images/Validation/apple_red_yellow_1/r1_29.jpg,apple_red_yellow_1,train
Images/Validation/apple_red_yellow_1/r1_293.jpg,apple_red_yellow_1,test
Images/Validation/apple_red_yellow_1/r1_297.jpg,apple_red_yellow_1,test
Images/Validation/apple_red_yellow_1/r1_301.jpg,apple_red_yellow_1,test
Images/Validation/apple_red_yellow_1/r1_305.jpg,apple_red_yellow_1,test
Images/Validation/apple_red_yellow_1/r1_33.jpg,apple_red_yellow_1,train
Images/Validation/apple_red_yellow_1/r1_37.jpg,apple_red_yellow_1,train
Images/Validation/apple_red_yellow_1/r1_41.jpg,apple_red_yellow_1,train
Images/Validation/apple_red_yellow_1/r1_45.jpg,apple_red_yellow_1,train
Images/Validation/apple_red_yellow_1/r1_49.jpg,apple_red_yellow_1,train
Images/Validation/apple_red_yellow_1/r1_5.jpg,apple_red_yellow_1,train
Images/Validation/apple_red_yellow_1/r1_53.jpg,apple_red_yellow_1,train
Images/Validation/apple_red_yellow_1/r1_57.jpg,apple_red_yellow_1,train
Images/Validation/apple_red_yellow_1/r1_61.jpg,apple_red_yellow_1,train
Images/Validation/apple_red_yellow_1/r1_65.jpg,apple_red_yellow_1,train
Images/Validation/apple_red_yellow_1/r1_69.jpg,apple_red_yellow_1,train
Images/Validation/apple_red_yellow_1/r1_73.jpg,apple_red_yellow_1,train
Images/Validation/apple_red_yellow_1/r1_77.jpg,apple_red_yellow_1,train
Images/Validation/apple_red_yellow_1/r1_81.jpg,apple_red_yellow_1,train
Images/Validation/apple_red_yellow_1/r1_85.jpg,apple_red_yellow_1,train
Images/Validation/apple_red_yellow_1/r1_89.jpg,apple_red_yellow_1,train
Images/Validation/apple_red_yellow_1/r1_9.jpg,apple_red_yellow_1,train
Images/Validation/apple_red_yellow_1/r1_93.jpg,apple_red_yellow_1,train
Images/Validation/apple_red_yellow_1/r1_97.jpg,apple_red_yellow_1,train
Images/Validation/apple_rotten_1/r0_1.jpg,apple_rotten_1,train
Images/Validation/apple_rotten_1/r0_101.jpg,apple_rotten_1,train
Images/Validation/apple_rotten_1/r0_105.jpg,apple_rotten_1,train
Images/Validation/apple_rotten_1/r0_109.jpg,apple_rotten_1,train
Images/Validation/apple_rotten_1/r0_113.jpg,apple_rotten_1,train
Images/Validation/apple_rotten_1/r0_117.jpg,apple_rotten_1,train
Images/Validation/apple_rotten_1/r0_121.jpg,apple_rotten_1,train
Images/Validation/apple_rotten_1/r0_125.jpg,apple_rotten_1,train
Images/Validation/apple_rotten_1/r0_129.jpg,apple_rotten_1,train
Images/Validation/apple_rotten_1/r0_13.jpg,apple_rotten_1,train
Images/Validation/apple_rotten_1/r0_133.jpg,apple_rotten_1,train
Images/Validation/apple_rotten_1/r0_137.jpg,apple_rotten_1,train
Images/Validation/apple_rotten_1/r0_141.jpg,apple_rotten_1,train
Images/Validation/apple_rotten_1/r0_145.jpg,apple_rotten_1,train
Images/Validation/apple_rotten_1/r0_149.jpg,apple_rotten_1,train
Images/Validation/apple_rotten_1/r0_153.jpg,apple_rotten_1,train
Images/Validation/apple_rotten_1/r0_157.jpg,apple_rotten_1,train
Images/Validation/apple_rotten_1/r0_161.jpg,apple_rotten_1,train
Images/Validation/apple_rotten_1/r0_165.jpg,apple_rotten_1,train
Images/Validation/apple_rotten_1/r0_169.jpg,apple_rotten_1,train
Images/Validation/apple_rotten_1/r0_17.jpg,apple_rotten_1,train
Images/Validation/apple_rotten_1/r0_173.jpg,apple_rotten_1,train
Images/Validation/apple_rotten_1/r0_177.jpg,apple_rotten_1,train
Images/Validation/apple_rotten_1/r0_181.jpg,apple_rotten_1,train
Images/Validation/apple_rotten_1/r0_185.jpg,apple_rotten_1,train
Images/Validation/apple_rotten_1/r0_189.jpg,apple_rotten_1,train
Images/Validation/apple_rotten_1/r0_193.jpg,apple_rotten_1,train
Images/Validation/apple_rotten_1/r0_197.jpg,apple_rotten_1,train
Images/Validation/apple_rotten_1/r0_201.jpg,apple_rotten_1,train
Images/Validation/apple_rotten_1/r0_205.jpg,apple_rotten_1,train
Images/Validation/apple_rotten_1/r0_209.jpg,apple_rotten_1,train
Images/Validation/apple_rotten_1/r0_21.jpg,apple_rotten_1,train
Images/Validation/apple_rotten_1/r0_213.jpg,apple_rotten_1,train
Images/Validation/apple_rotten_1/r0_217.jpg,apple_rotten_1,train
Images/Validation/apple_rotten_1/r0_221.jpg,apple_rotten_1,train
Images/Validation/apple_rotten_1/r0_225.jpg,apple_rotten_1,val
Images/Validation/apple_rotten_1/r0_229.jpg,apple_rotten_1,val
Images/Validation/apple_rotten_1/r0_233.jpg,apple_rotten_1,val
Images/Validation/apple_rotten_1/r0_237.jpg,apple_rotten_1,val
Images/Validation/apple_rotten_1/r0_241.jpg,apple_rotten_1,val
Images/Validation/apple_rotten_1/r0_245.jpg,apple_rotten_1,val
Images/Validation/apple_rotten_1/r0_249.jpg,apple_rotten_1,val
Images/Validation/apple_rotten_1/r0_25.jpg,apple_rotten_1,train
Images/Validation/apple_rotten_1/r0_253.jpg,apple_rotten_1,val
Images/Validation/apple_rotten_1/r0_257.jpg,apple_rotten_1,val
Images/Validation/apple_rotten_1/r0_261.jpg,apple_rotten_1,val
Images/Validation/apple_rotten_1/r0_265.jpg,apple_rotten_1,val
Images/Validation/apple_rotten_1/r0_269.jpg,apple_rotten_1,val
Images/Validation/apple_rotten_1/r0_273.jpg,apple_rotten_1,test
Images/Validation/apple_rotten_1/r0_277.jpg,apple_rotten_1,test
Images/Validation/apple_rotten_1/r0_281.jpg,apple_rotten_1,test
Images/Validation/apple_rotten_1/r0_285.jpg,apple_rotten_1,test
Images/Validation/apple_rotten_1/r0_289.jpg,apple_rotten_1,test
Images/Validation/apple_rotten_1/r0_29.jpg,apple_rotten_1,train
Images/Validation/apple_rotten_1/r0_293.jpg,apple_rotten_1,test
Images/Validation/apple_rotten_1/r0_297.jpg,apple_rotten_1,test
Images/Validation/apple_rotten_1/r0_301.jpg,apple_rotten_1,test
Images/Validation/apple_rotten_1/r0_305.jpg,apple_rotten_1,test
Images/Validation/apple_rotten_1/r0_309.jpg,apple_rotten_1,test
Images/Validation/apple_rotten_1/r0_313.jpg,apple_rotten_1,test
Images/Validation/apple_rotten_1/r0_317.jpg,apple_rotten_1,test
Images/Validation/apple_rotten_1/r0_33.jpg,apple_rotten_1,train
Images/Validation/apple_rotten_1/r0_37.jpg,apple_rotten_1,train
Images/Validation/apple_rotten_1/r0_41.jpg,apple_rotten_1,train
Images/Validation/apple_rotten_1/r0_45.jpg,apple_rotten_1,train
Images/Validation/apple_rotten_1/r0_49.jpg,apple_rotten_1,train
Images/Validation/apple_rotten_1/r0_5.jpg,apple_rotten_1,train
Images/Validation/apple_rotten_1/r0_53.jpg,apple_rotten_1,train
Images/Validation/apple_rotten_1/r0_57.jpg,apple_rotten_1,train
Images/Validation/apple_rotten_1/r0_61.jpg,apple_rotten_1,train
Images/Validation/apple_rotten_1/r0_65.jpg,apple_rotten_1,train
Images/Validation/apple_rotten_1/r0_69.jpg,apple_rotten_1,train
Images/Validation/apple_rotten_1/r0_73.jpg,apple_rotten_1,train
Images/Validation/apple_rotten_1/r0_77.jpg,apple_rotten_1,train
Images/Validation/apple_rotten_1/r0_81.jpg,apple_rotten_1,train
Images/Validation/apple_rotten_1/r0_85.jpg,apple_rotten_1,train
Images/Validation/apple_rotten_1/r0_89.jpg,apple_rotten_1,train
Images/Validation/apple_rotten_1/r0_9.jpg,apple_rotten_1,train
Images/Validation/apple_rotten_1/r0_93.jpg,apple_rotten_1,train
Images/Validation/apple_rotten_1/r0_97.jpg,apple_rotten_1,train
Images/Validation/apple_rotten_1/r1_1.jpg,apple_rotten_1,train
Images/Validation/apple_rotten_1/r1_101.jpg,apple_rotten_1,train
Images/Validation/apple_rotten_1/r1_105.jpg,apple_rotten_1,train
Images/Validation/apple_rotten_1/r1_109.jpg,apple_rotten_1,train
Images/Validation/apple_rotten_1/r1_113.jpg,apple_rotten_1,train
Images/Validation/apple_rotten_1/r1_117.jpg,apple_rotten_1,train
Images/Validation/apple_rotten_1/r1_121.jpg,apple_rotten_1,train
Images/Validation/apple_rotten_1/r1_125.jpg,apple_rotten_1,train
Images/Validation/apple_rotten_1/r1_129.jpg,apple_rotten_1,train
Images/Validation/apple_rotten_1/r1_13.jpg,apple_rotten_1,train
Images/Validation/apple_rotten_1/r1_133.jpg,apple_rotten_1,train
Images/Validation/apple_rotten_1/r1_137.jpg,apple_rotten_1,train
Images/Validation/apple_rotten_1/r1_141.jpg,apple_rotten_1,train
Images/Validation/apple_rotten_1/r1_145.jpg,apple_rotten_1,train
Images/Validation/apple_rotten_1/r1_149.jpg,apple_rotten_1,train
Images/Validation/apple_rotten_1/r1_153.jpg,apple_rotten_1,train
Images/Validation/apple_rotten_1/r1_157.jpg,apple_rotten_1,train
Images/Validation/apple_rotten_1/r1_161.jpg,apple_rotten_1,train
Images/Validation/apple_rotten_1/r1_165.jpg,apple_rotten_1,train
Images/Validation/apple_rotten_1/r1_169.jpg,apple_rotten_1,train
Images/Validation/apple_rotten_1/r1_17.jpg,apple_rotten_1,train
Images/Validation/apple_rotten_1/r1_173.jpg,apple_rotten_1,train
Images/Validation/apple_rotten_1/r1_177.jpg,apple_rotten_1,train
Images/Validation/apple_rotten_1/r1_181.jpg,apple_rotten_1,train
Images/Validation/apple_rotten_1/r1_185.jpg,apple_rotten_1,train
Images/Validation/apple_rotten_1/r1_189.jpg,apple_rotten_1,train
Images/Validation/apple_rotten_1/r1_193.jpg,apple_rotten_1,train
Images/Validation/apple_rotten_1/r1_197.jpg,apple_rotten_1,train
Images/Validation/apple_rotten_1/r1_201.jpg,apple_rotten_1,train
Images/Validation/apple_rotten_1/r1_205.jpg,apple_rotten_1,train
Images/Validation/apple_rotten_1/r1_209.jpg,apple_rotten_1,train
Images/Validation/apple_rotten_1/r1_21.jpg,apple_rotten_1,train
Images/Validation/apple_rotten_1/r1_213.jpg,apple_rotten_1,train
Images/Validation/apple_rotten_1/r1_217.jpg,apple_rotten_1,train
Images/Validation/apple_rotten_1/r1_221.jpg,apple_rotten_1,train
Images/Validation/apple_rotten_1/r1_225.jpg,apple_rotten_1,val
Images/Validation/apple_rotten_1/r1_229.jpg,apple_rotten_1,val
Images/Validation/apple_rotten_1/r1_233.jpg,apple_rotten_1,val
Images/Validation/apple_rotten_1/r1_237.jpg,apple_rotten_1,val
Images/Validation/apple_rotten_1/r1_241.jpg,apple_rotten_1,val
Images/Validation/apple_rotten_1/r1_245.jpg,apple_rotten_1,val
Images/Validation/apple_rotten_1/r1_249.jpg,apple_rotten_1,val
Images/Validation/apple_rotten_1/r1_25.jpg,apple_rotten_1,train
Images/Validation/apple_rotten_1/r1_253.jpg,apple_rotten_1,val
Images/Validation/apple_rotten_1/r1_257.jpg,apple_rotten_1,val
Images/Validation/apple_rotten_1/r1_261.jpg,apple_rotten_1,val
Images/Validation/apple_rotten_1/r1_265.jpg,apple_rotten_1,val
Images/Validation/apple_rotten_1/r1_269.jpg,apple_rotten_1,val
Images/Validation/apple_rotten_1/r1_273.jpg,apple_rotten_1,test
Images/Validation/apple_rotten_1/r1_277.jpg,apple_rotten_1,test
Images/Validation/apple_rotten_1/r1_281.jpg,apple_rotten_1,test
Images/Validation/apple_rotten_1/r1_285.jpg,apple_rotten_1,test
Images/Validation/apple_rotten_1/r1_289.jpg,apple_rotten_1,test
Images/Validation/apple_rotten_1/r1_29.jpg,apple_rotten_1,train
Images/Validation/apple_rotten_1/r1_293.jpg,apple_rotten_1,test
Images/Validation/apple_rotten_1/r1_297.jpg,apple_rotten_1,test
Images/Validation/apple_rotten_1/r1_301.jpg,apple_rotten_1,test
Images/Validation/apple_rotten_1/r1_305.jpg,apple_rotten_1,test
Images/Validation/apple_rotten_1/r1_309.jpg,apple_rotten_1,test
Images/Validation/apple_rotten_1/r1_313.jpg,apple_rotten_1,test
Images/Validation/apple_rotten_1/r1_317.jpg,apple_rotten_1,test
Images/Validation/apple_rotten_1/r1_33.jpg,apple_rotten_1,train
Images/Validation/apple_rotten_1/r1_37.jpg,apple_rotten_1,train
Images/Validation/apple_rotten_1/r1_41.jpg,apple_rotten_1,train
Images/Validation/apple_rotten_1/r1_45.jpg,apple_rotten_1,train
Images/Validation/apple_rotten_1/r1_49.jpg,apple_rotten_1,train
Images/Validation/apple_rotten_1/r1_5.jpg,apple_rotten_1,train
Images/Validation/apple_rotten_1/r1_53.jpg,apple_rotten_1,train
Images/Validation/apple_rotten_1/r1_57.jpg,apple_rotten_1,train
Images/Validation/apple_rotten_1/r1_61.jpg,apple_rotten_1,train
Images/Validation/apple_rotten_1/r1_65.jpg,apple_rotten_1,train
Images/Validation/apple_rotten_1/r1_69.jpg,apple_rotten_1,train
Images/Validation/apple_rotten_1/r1_73.jpg,apple_rotten_1,train
Images/Validation/apple_rotten_1/r1_77.jpg,apple_rotten_1,train
Images/Validation/apple_rotten_1/r1_81.jpg,apple_rotten_1,train
Images/Validation/apple_rotten_1/r1_85.jpg,apple_rotten_1,train
Images/Validation/apple_rotten_1/r1_89.jpg,apple_rotten_1,train
Images/Validation/apple_rotten_1/r1_9.jpg,apple_rotten_1,train
Images/Validation/apple_rotten_1/r1_93.jpg,apple_rotten_1,train
Images/Validation/apple_rotten_1/r1_97.jpg,apple_rotten_1,train
Images/Validation/cabbage_white_1/r0_1.jpg,cabbage_white_1,train
Images/Validation/cabbage_white_1/r0_101.jpg,cabbage_white_1,train
Images/Validation/cabbage_white_1/r0_105.jpg,cabbage_white_1,train
Images/Validation/cabbage_white_1/r0_109.jpg,cabbage_white_1,train
Images/Validation/cabbage_white_1/r0_113.jpg,cabbage_white_1,train
Images/Validation/cabbage_white_1/r0_117.jpg,cabbage_white_1,train
Images/Validation/cabbage_white_1/r0_121.jpg,cabbage_white_1,train
Images/Validation/cabbage_white_1/r0_125.jpg,cabbage_white_1,train
Images/Validation/cabbage_white_1/r0_129.jpg,cabbage_white_1,train
Images/Validation/cabbage_white_1/r0_13.jpg,cabbage_white_1,train
Images/Validation/cabbage_white_1/r0_133.jpg,cabbage_white_1,train
Images/Validation/cabbage_white_1/r0_137.jpg,cabbage_white_1,val
Images/Validation/cabbage_white_1/r0_141.jpg,cabbage_white_1,val
Images/Validation/cabbage_white_1/r0_145.jpg,cabbage_white_1,val
Images/Validation/cabbage_white_1/r0_149.jpg,cabbage_white_1,val
Images/Validation/cabbage_white_1/r0_153.jpg,cabbage_white_1,val
Images/Validation/cabbage_white_1/r0_157.jpg,cabbage_white_1,val
Images/Validation/cabbage_white_1/r0_161.jpg,cabbage_white_1,val
Images/Validation/cabbage_white_1/r0_165.jpg,cabbage_white_1,test
Images/Validation/cabbage_white_1/r0_169.jpg,cabbage_white_1,test
Images/Validation/cabbage_white_1/r0_17.jpg,cabbage_white_1,train
Images/Validation/cabbage_white_1/r0_173.jpg,cabbage_white_1,test
Images/Validation/cabbage_white_1/r0_177.jpg,cabbage_white_1,test
Images/Validation/cabbage_white_1/r0_181.jpg,cabbage_white_1,test
Images/Validation/cabbage_white_1/r0_185.jpg,cabbage_white_1,test
Images/Validation/cabbage_white_1/r0_189.jpg,cabbage_white_1,test
Images/Validation/cabbage_white_1/r0_21.jpg,cabbage_white_1,train
Images/Validation/cabbage_white_1/r0_25.jpg,cabbage_white_1,train
Images/Validation/cabbage_white_1/r0_29.jpg,cabbage_white_1,train
Images/Validation/cabbage_white_1/r0_33.jpg,cabbage_white_1,train
Images/Validation/cabbage_white_1/r0_37.jpg,cabbage_white_1,train
Images/Validation/cabbage_white_1/r0_41.jpg,cabbage_white_1,train
Images/Validation/cabbage_white_1/r0_45.jpg,cabbage_white_1,train
Images/Validation/cabbage_white_1/r0_49.jpg,cabbage_white_1,train
Images/Validation/cabbage_white_1/r0_5.jpg,cabbage_white_1,train
Images/Validation/cabbage_white_1/r0_53.jpg,cabbage_white_1,train
Images/Validation/cabbage_white_1/r0_57.jpg,cabbage_white_1,train
Images/Validation/cabbage_white_1/r0_61.jpg,cabbage_white_1,train
Images/Validation/cabbage_white_1/r0_65.jpg,cabbage_white_1,train
Images/Validation/cabbage_white_1/r0_69.jpg,cabbage_white_1,train
Images/Validation/cabbage_white_1/r0_73.jpg,cabbage_white_1,train
Images/Validation/cabbage_white_1/r0_77.jpg,cabbage_white_1,train
Images/Validation/cabbage_white_1/r0_81.jpg,cabbage_white_1,train
Images/Validation/cabbage_white_1/r0_85.jpg,cabbage_white_1,train
Images/Validation/cabbage_white_1/r0_89.jpg,cabbage_white_1,train
Images/Validation/cabbage_white_1/r0_9.jpg,cabbage_white_1,train
Images/Validation/cabbage_white_1/r0_93.jpg,cabbage_white_1,train
Images/Validation/cabbage_white_1/r0_97.jpg,cabbage_white_1,train
Images/Validation/carrot_1/r0_1.jpg,carrot_1,train
Images/Validation/carrot_1/r0_101.jpg,carrot_1,train
Images/Validation/carrot_1/r0_105.jpg,carrot_1,train
Images/Validation/carrot_1/r0_109.jpg,carrot_1,train
Images/Validation/carrot_1/r0_113.jpg,carrot_1,train
Images/Validation/carrot_1/r0_117.jpg,carrot_1,train
Images/Validation/carrot_1/r0_121.jpg,carrot_1,train
Images/Validation/carrot_1/r0_125.jpg,carrot_1,train
Images/Validation/carrot_1/r0_129.jpg,carrot_1,train
Images/Validation/carrot_1/r0_13.jpg,carrot_1,train
Images/Validation/carrot_1/r0_133.jpg,carrot_1,train
Images/Validation/carrot_1/r0_137.jpg,carrot_1,train
Images/Validation/carrot_1/r0_141.jpg,carrot_1,val
Images/Validation/carrot_1/r0_145.jpg,carrot_1,val
Images/Validation/carrot_1/r0_149.jpg,carrot_1,val
Images/Validation/carrot_1/r0_153.jpg,carrot_1,val
Images/Validation/carrot_1/r0_157.jpg,carrot_1,val
Images/Validation/carrot_1/r0_161.jpg,carrot_1,val
Images/Validation/carrot_1/r0_165.jpg,carrot_1,val
Images/Validation/carrot_1/r0_169.jpg,carrot_1,val
Images/Validation/carrot_1/r0_17.jpg,carrot_1,train
Images/Validation/carrot_1/r0_173.jpg,carrot_1,test
Images/Validation/carrot_1/r0_177.jpg,carrot_1,test
Images/Validation/carrot_1/r0_181.jpg,carrot_1,test
Images/Validation/carrot_1/r0_185.jpg,carrot_1,test
Images/Validation/carrot_1/r0_189.jpg,carrot_1,test
Images/Validation/carrot_1/r0_193.jpg,carrot_1,test
Images/Validation/carrot_1/r0_197.jpg,carrot_1,test
Images/Validation/carrot_1/r0_21.jpg,carrot_1,train
Images/Validation/carrot_1/r0_25.jpg,carrot_1,train
Images/Validation/carrot_1/r0_29.jpg,carrot_1,train
Images/Validation/carrot_1/r0_33.jpg,carrot_1,train
Images/Validation/carrot_1/r0_37.jpg,carrot_1,train
Images/Validation/carrot_1/r0_41.jpg,carrot_1,train
Images/Validation/carrot_1/r0_45.jpg,carrot_1,train
Images/Validation/carrot_1/r0_49.jpg,carrot_1,train
Images/Validation/carrot_1/r0_5.jpg,carrot_1,train
Images/Validation/carrot_1/r0_53.jpg,carrot_1,train
Images/Validation/carrot_1/r0_57.jpg,carrot_1,train
Images/Validation/carrot_1/r0_61.jpg,carrot_1,train
Images/Validation/carrot_1/r0_65.jpg,carrot_1,train
Images/Validation/carrot_1/r0_69.jpg,carrot_1,train
Images/Validation/carrot_1/r0_73.jpg,carrot_1,train
Images/Validation/carrot_1/r0_77.jpg,carrot_1,train
Images/Validation/carrot_1/r0_81.jpg,carrot_1,train
Images/Validation/carrot_1/r0_85.jpg,carrot_1,train
Images/Validation/carrot_1/r0_89.jpg,carrot_1,train
Images/Validation/carrot_1/r0_9.jpg,carrot_1,train
Images/Validation/carrot_1/r0_93.jpg,carrot_1,train
Images/Validation/carrot_1/r0_97.jpg,carrot_1,train
Images/Validation/cucumber_1/r0_1.jpg,cucumber_1,train
Images/Validation/cucumber_1/r0_101.jpg,cucumber_1,train
Images/Validation/cucumber_1/r0_105.jpg,cucumber_1,train
Images/Validation/cucumber_1/r0_109.jpg,cucumber_1,train
Images/Validation/cucumber_1/r0_113.jpg,cucumber_1,train
Images/Validation/cucumber_1/r0_117.jpg,cucumber_1,train
Images/Validation/cucumber_1/r0_121.jpg,cucumber_1,train
Images/Validation/cucumber_1/r0_125.jpg,cucumber_1,train
Images/Validation/cucumber_1/r0_129.jpg,cucumber_1,train
Images/Validation/cucumber_1/r0_13.jpg,cucumber_1,train
Images/Validation/cucumber_1/r0_133.jpg,cucumber_1,train
Images/Validation/cucumber_1/r0_137.jpg,cucumber_1,train
Images/Validation/cucumber_1/r0_141.jpg,cucumber_1,val
Images/Validation/cucumber_1/r0_145.jpg,cucumber_1,val
Images/Validation/cucumber_1/r0_149.jpg,cucumber_1,val
Images/Validation/cucumber_1/r0_153.jpg,cucumber_1,val
Images/Validation/cucumber_1/r0_157.jpg,cucumber_1,val
Images/Validation/cucumber_1/r0_161.jpg,cucumber_1,val
Images/Validation/cucumber_1/r0_165.jpg,cucumber_1,val
Images/Validation/cucumber_1/r0_169.jpg,cucumber_1,val
Images/Validation/cucumber_1/r0_17.jpg,cucumber_1,train
Images/Validation/cucumber_1/r0_173.jpg,cucumber_1,test
Images/Validation/cucumber_1/r0_177.jpg,cucumber_1,test
Images/Validation/cucumber_1/r0_181.jpg,cucumber_1,test
Images/Validation/cucumber_1/r0_185.jpg,cucumber_1,test
Images/Validation/cucumber_1/r0_189.jpg,cucumber_1,test
Images/Validation/cucumber_1/r0_193.jpg,cucumber_1,test
Images/Validation/cucumber_1/r0_197.jpg,cucumber_1,test
Images/Validation/cucumber_1/r0_21.jpg,cucumber_1,train
Images/Validation/cucumber_1/r0_25.jpg,cucumber_1,train
Images/Validation/cucumber_1/r0_29.jpg,cucumber_1,train
Images/Validation/cucumber_1/r0_33.jpg,cucumber_1,train
Images/Validation/cucumber_1/r0_37.jpg,cucumber_1,train
Images/Validation/cucumber_1/r0_41.jpg,cucumber_1,train
Images/Validation/cucumber_1/r0_45.jpg,cucumber_1,train
Images/Validation/cucumber_1/r0_49.jpg,cucumber_1,train
Images/Validation/cucumber_1/r0_5.jpg,cucumber_1,train
Images/Validation/cucumber_1/r0_53.jpg,cucumber_1,train
Images/Validation/cucumber_1/r0_57.jpg,cucumber_1,train
Images/Validation/cucumber_1/r0_61.jpg,cucumber_1,train
Images/Validation/cucumber_1/r0_65.jpg,cucumber_1,train
Images/Validation/cucumber_1/r0_69.jpg,cucumber_1,train
Images/Validation/cucumber_1/r0_73.jpg,cucumber_1,train
Images/Validation/cucumber_1/r0_77.jpg,cucumber_1,train
Images/Validation/cucumber_1/r0_81.jpg,cucumber_1,train
Images/Validation/cucumber_1/r0_85.jpg,cucumber_1,train
Images/Validation/cucumber_1/r0_89.jpg,cucumber_1,train
Images/Validation/cucumber_1/r0_9.jpg,cucumber_1,train
Images/Validation/cucumber_1/r0_93.jpg,cucumber_1,train
Images/Validation/cucumber_1/r0_97.jpg,cucumber_1,train
Images/Validation/cucumber_3/r0_1.jpg,cucumber_3,train
Images/Validation/cucumber_3/r0_101.jpg,cucumber_3,train
Images/Validation/cucumber_3/r0_105.jpg,cucumber_3,train
Images/Validation/cucumber_3/r0_109.jpg,cucumber_3,train
Images/Validation/cucumber_3/r0_113.jpg,cucumber_3,train
Images/Validation/cucumber_3/r0_117.jpg,cucumber_3,train
Images/Validation/cucumber_3/r0_121.jpg,cucumber_3,train
Images/Validation/cucumber_3/r0_125.jpg,cucumber_3,train
Images/Validation/cucumber_3/r0_129.jpg,cucumber_3,train
Images/Validation/cucumber_3/r0_13.jpg,cucumber_3,train
Images/Validation/cucumber_3/r0_133.jpg,cucumber_3,train
Images/Validation/cucumber_3/r0_137.jpg,cucumber_3,train
Images/Validation/cucumber_3/r0_141.jpg,cucumber_3,train
Images/Validation/cucumber_3/r0_145.jpg,cucumber_3,train
Images/Validation/cucumber_3/r0_149.jpg,cucumber_3,train
Images/Validation/cucumber_3/r0_153.jpg,cucumber_3,train
Images/Validation/cucumber_3/r0_157.jpg,cucumber_3,train
Images/Validation/cucumber_3/r0_161.jpg,cucumber_3,train
Images/Validation/cucumber_3/r0_165.jpg,cucumber_3,train
Images/Validation/cucumber_3/r0_169.jpg,cucumber_3,train
Images/Validation/cucumber_3/r0_17.jpg,cucumber_3,train
Images/Validation/cucumber_3/r0_173.jpg,cucumber_3,train
Images/Validation/cucumber_3/r0_177.jpg,cucumber_3,train
Images/Validation/cucumber_3/r0_181.jpg,cucumber_3,train
Images/Validation/cucumber_3/r0_185.jpg,cucumber_3,train
Images/Validation/cucumber_3/r0_189.jpg,cucumber_3,train
Images/Validation/cucumber_3/r0_193.jpg,cucumber_3,train
Images/Validation/cucumber_3/r0_197.jpg,cucumber_3,train
Images/Validation/cucumber_3/r0_201.jpg,cucumber_3,train
Images/Validation/cucumber_3/r0_205.jpg,cucumber_3,train
Images/Validation/cucumber_3/r0_209.jpg,cucumber_3,train
Images/Validation/cucumber_3/r0_21.jpg,cucumber_3,train
Images/Validation/cucumber_3/r0_213.jpg,cucumber_3,train
Images/Validation/cucumber_3/r0_217.jpg,cucumber_3,train
Images/Validation/cucumber_3/r0_221.jpg,cucumber_3,train
Images/Validation/cucumber_3/r0_225.jpg,cucumber_3,train
Images/Validation/cucumber_3/r0_229.jpg,cucumber_3,val
Images/Validation/cucumber_3/r0_233.jpg,cucumber_3,val
Images/Validation/cucumber_3/r0_237.jpg,cucumber_3,val
Images/Validation/cucumber_3/r0_241.jpg,cucumber_3,val
Images/Validation/cucumber_3/r0_245.jpg,cucumber_3,val
Images/Validation/cucumber_3/r0_249.jpg,cucumber_3,val
Images/Validation/cucumber_3/r0_25.jpg,cucumber_3,train
Images/Validation/cucumber_3/r0_253.jpg,cucumber_3,val
Images/Validation/cucumber_3/r0_257.jpg,cucumber_3,val
Images/Validation/cucumber_3/r0_261.jpg,cucumber_3,val
Images/Validation/cucumber_3/r0_265.jpg,cucumber_3,val
Images/Validation/cucumber_3/r0_269.jpg,cucumber_3,val
Images/Validation/cucumber_3/r0_273.jpg,cucumber_3,val
Images/Validation/cucumber_3/r0_277.jpg,cucumber_3,test
Images/Validation/cucumber_3/r0_281.jpg,cucumber_3,test
Images/Validation/cucumber_3/r0_285.jpg,cucumber_3,test
Images/Validation/cucumber_3/r0_289.jpg,cucumber_3,test
Images/Validation/cucumber_3/r0_29.jpg,cucumber_3,train
Images/Validation/cucumber_3/r0_293.jpg,cucumber_3,test
Images/Validation/cucumber_3/r0_297.jpg,cucumber_3,test
Images/Validation/cucumber_3/r0_301.jpg,cucumber_3,test
Images/Validation/cucumber_3/r0_305.jpg,cucumber_3,test
Images/Validation/cucumber_3/r0_309.jpg,cucumber_3,test
Images/Validation/cucumber_3/r0_313.jpg,cucumber_3,test
Images/Validation/cucumber_3/r0_317.jpg,cucumber_3,test
Images/Validation/cucumber_3/r0_321.jpg,cucumber_3,test
Images/Validation/cucumber_3/r0_33.jpg,cucumber_3,train
Images/Validation/cucumber_3/r0_37.jpg,cucumber_3,train
Images/Validation/cucumber_3/r0_41.jpg,cucumber_3,train
Images/Validation/cucumber_3/r0_45.jpg,cucumber_3,train
Images/Validation/cucumber_3/r0_49.jpg,cucumber_3,train
Images/Validation/cucumber_3/r0_5.jpg,cucumber_3,train
Images/Validation/cucumber_3/r0_53.jpg,cucumber_3,train
Images/Validation/cucumber_3/r0_57.jpg,cucumber_3,train
Images/Validation/cucumber_3/r0_61.jpg,cucumber_3,train
Images/Validation/cucumber_3/r0_65.jpg,cucumber_3,train
Images/Validation/cucumber_3/r0_69.jpg,cucumber_3,train
Images/Validation/cucumber_3/r0_73.jpg,cucumber_3,train
Images/Validation/cucumber_3/r0_77.jpg,cucumber_3,train
Images/Validation/cucumber_3/r0_81.jpg,cucumber_3,train
Images/Validation/cucumber_3/r0_85.jpg,cucumber_3,train
Images/Validation/cucumber_3/r0_89.jpg,cucumber_3,train
Images/Validation/cucumber_3/r0_9.jpg,cucumber_3,train
Images/Validation/cucumber_3/r0_93.jpg,cucumber_3,train
Images/Validation/cucumber_3/r0_97.jpg,cucumber_3,train
Images/Validation/eggplant_violet_1/r0_1.jpg,eggplant_violet_1,train
Images/Validation/eggplant_violet_1/r0_101.jpg,eggplant_violet_1,train
Images/Validation/eggplant_violet_1/r0_105.jpg,eggplant_violet_1,train
Images/Validation/eggplant_violet_1/r0_109.jpg,eggplant_violet_1,train
Images/Validation/eggplant_violet_1/r0_113.jpg,eggplant_violet_1,train
Images/Validation/eggplant_violet_1/r0_117.jpg,eggplant_violet_1,train
Images/Validation/eggplant_violet_1/r0_121.jpg,eggplant_violet_1,train
Images/Validation/eggplant_violet_1/r0_125.jpg,eggplant_violet_1,train
Images/Validation/eggplant_violet_1/r0_129.jpg,eggplant_violet_1,train
Images/Validation/eggplant_violet_1/r0_13.jpg,eggplant_violet_1,train
Images/Validation/eggplant_violet_1/r0_133.jpg,eggplant_violet_1,train
Images/Validation/eggplant_violet_1/r0_137.jpg,eggplant_violet_1,train
Images/Validation/eggplant_violet_1/r0_141.jpg,eggplant_violet_1,train
Images/Validation/eggplant_violet_1/r0_145.jpg,eggplant_violet_1,train
Images/Validation/eggplant_violet_1/r0_149.jpg,eggplant_violet_1,train
Images/Validation/eggplant_violet_1/r0_153.jpg,eggplant_violet_1,train
Images/Validation/eggplant_violet_1/r0_157.jpg,eggplant_violet_1,train
Images/Validation/eggplant_violet_1/r0_161.jpg,eggplant_violet_1,train
Images/Validation/eggplant_violet_1/r0_165.jpg,eggplant_violet_1,train
Images/Validation/eggplant_violet_1/r0_169.jpg,eggplant_violet_1,train
Images/Validation/eggplant_violet_1/r0_17.jpg,eggplant_violet_1,train
Images/Validation/eggplant_violet_1/r0_173.jpg,eggplant_violet_1,train
Images/Validation/eggplant_violet_1/r0_177.jpg,eggplant_violet_1,train
Images/Validation/eggplant_violet_1/r0_181.jpg,eggplant_violet_1,train
Images/Validation/eggplant_violet_1/r0_185.jpg,eggplant_violet_1,train
Images/Validation/eggplant_violet_1/r0_189.jpg,eggplant_violet_1,train
Images/Validation/eggplant_violet_1/r0_193.jpg,eggplant_violet_1,train
Images/Validation/eggplant_violet_1/r0_197.jpg,eggplant_violet_1,train
Images/Validation/eggplant_violet_1/r0_201.jpg,eggplant_violet_1,train
Images/Validation/eggplant_violet_1/r0_205.jpg,eggplant_violet_1,train
Images/Validation/eggplant_violet_1/r0_209.jpg,eggplant_violet_1,train
Images/Validation/eggplant_violet_1/r0_21.jpg,eggplant_violet_1,train
Images/Validation/eggplant_violet_1/r0_213.jpg,eggplant_violet_1,train
Images/Validation/eggplant_violet_1/r0_217.jpg,eggplant_violet_1,train
Images/Validation/eggplant_violet_1/r0_221.jpg,eggplant_violet_1,train
Images/Validation/eggplant_violet_1/r0_225.jpg,eggplant_violet_1,val
Images/Validation/eggplant_violet_1/r0_229.jpg,eggplant_violet_1,val
Images/Validation/eggplant_violet_1/r0_233.jpg,eggplant_violet_1,val
Images/Validation/eggplant_violet_1/r0_237.jpg,eggplant_violet_1,val
Images/Validation/eggplant_violet_1/r0_241.jpg,eggplant_violet_1,val
Images/Validation/eggplant_violet_1/r0_245.jpg,eggplant_violet_1,val
Images/Validation/eggplant_violet_1/r0_249.jpg,eggplant_violet_1,val
Images/Validation/eggplant_violet_1/r0_25.jpg,eggplant_violet_1,train
Images/Validation/eggplant_violet_1/r0_253.jpg,eggplant_violet_1,val
Images/Validation/eggplant_violet_1/r0_257.jpg,eggplant_violet_1,val
Images/Validation/eggplant_violet_1/r0_261.jpg,eggplant_violet_1,val
Images/Validation/eggplant_violet_1/r0_265.jpg,eggplant_violet_1,val
Images/Validation/eggplant_violet_1/r0_269.jpg,eggplant_violet_1,val
Images/Validation/eggplant_violet_1/r0_273.jpg,eggplant_violet_1,test
Images/Validation/eggplant_violet_1/r0_277.jpg,eggplant_violet_1,test
Images/Validation/eggplant_violet_1/r0_281.jpg,eggplant_violet_1,test
Images/Validation/eggplant_violet_1/r0_285.jpg,eggplant_violet_1,test
Images/Validation/eggplant_violet_1/r0_289.jpg,eggplant_violet_1,test
Images/Validation/eggplant_violet_1/r0_29.jpg,eggplant_violet_1,train
Images/Validation/eggplant_violet_1/r0_293.jpg,eggplant_violet_1,test
Images/Validation/eggplant_violet_1/r0_297.jpg,eggplant_violet_1,test
Images/Validation/eggplant_violet_1/r0_301.jpg,eggplant_violet_1,test
Images/Validation/eggplant_violet_1/r0_305.jpg,eggplant_violet_1,test
Images/Validation/eggplant_violet_1/r0_309.jpg,eggplant_violet_1,test
Images/Validation/eggplant_violet_1/r0_313.jpg,eggplant_violet_1,test
Images/Validation/eggplant_violet_1/r0_317.jpg,eggplant_violet_1,test
Images/Validation/eggplant_violet_1/r0_33.jpg,eggplant_violet_1,train
Images/Validation/eggplant_violet_1/r0_37.jpg,eggplant_violet_1,train
Images/Validation/eggplant_violet_1/r0_41.jpg,eggplant_violet_1,train
Images/Validation/eggplant_violet_1/r0_45.jpg,eggplant_violet_1,train
Images/Validation/eggplant_violet_1/r0_49.jpg,eggplant_violet_1,train
Images/Validation/eggplant_violet_1/r0_5.jpg,eggplant_violet_1,train
Images/Validation/eggplant_violet_1/r0_53.jpg,eggplant_violet_1,train
Images/Validation/eggplant_violet_1/r0_57.jpg,eggplant_violet_1,train
Images/Validation/eggplant_violet_1/r0_61.jpg,eggplant_violet_1,train
Images/Validation/eggplant_violet_1/r0_65.jpg,eggplant_violet_1,train
Images/Validation/eggplant_violet_1/r0_69.jpg,eggplant_violet_1,train
Images/Validation/eggplant_violet_1/r0_73.jpg,eggplant_violet_1,train
Images/Validation/eggplant_violet_1/r0_77.jpg,eggplant_violet_1,train
Images/Validation/eggplant_violet_1/r0_81.jpg,eggplant_violet_1,train
Images/Validation/eggplant_violet_1/r0_85.jpg,eggplant_violet_1,train
Images/Validation/eggplant_violet_1/r0_89.jpg,eggplant_violet_1,train
Images/Validation/eggplant_violet_1/r0_9.jpg,eggplant_violet_1,train
Images/Validation/eggplant_violet_1/r0_93.jpg,eggplant_violet_1,train
Images/Validation/eggplant_violet_1/r0_97.jpg,eggplant_violet_1,train
Images/Validation/pear_1/r0_1.jpg,pear_1,train
Images/Validation/pear_1/r0_101.jpg,pear_1,train
Images/Validation/pear_1/r0_105.jpg,pear_1,train
Images/Validation/pear_1/r0_109.jpg,pear_1,train
Images/Validation/pear_1/r0_113.jpg,pear_1,train
Images/Validation/pear_1/r0_117.jpg,pear_1,train
Images/Validation/pear_1/r0_121.jpg,pear_1,train
Images/Validation/pear_1/r0_125.jpg,pear_1,train
Images/Validation/pear_1/r0_129.jpg,pear_1,train
Images/Validation/pear_1/r0_13.jpg,pear_1,train
Images/Validation/pear_1/r0_133.jpg,pear_1,train
Images/Validation/pear_1/r0_137.jpg,pear_1,train
Images/Validation/pear_1/r0_141.jpg,pear_1,train
Images/Validation/pear_1/r0_145.jpg,pear_1,train
Images/Validation/pear_1/r0_149.jpg,pear_1,train
Images/Validation/pear_1/r0_153.jpg,pear_1,train
Images/Validation/pear_1/r0_157.jpg,pear_1,train
Images/Validation/pear_1/r0_161.jpg,pear_1,train
Images/Validation/pear_1/r0_165.jpg,pear_1,train
Images/Validation/pear_1/r0_169.jpg,pear_1,train
Images/Validation/pear_1/r0_17.jpg,pear_1,train
Images/Validation/pear_1/r0_173.jpg,pear_1,train
Images/Validation/pear_1/r0_177.jpg,pear_1,train
Images/Validation/pear_1/r0_181.jpg,pear_1,train
Images/Validation/pear_1/r0_185.jpg,pear_1,train
Images/Validation/pear_1/r0_189.jpg,pear_1,train
Images/Validation/pear_1/r0_193.jpg,pear_1,train
Images/Validation/pear_1/r0_197.jpg,pear_1,train
Images/Validation/pear_1/r0_201.jpg,pear_1,train
Images/Validation/pear_1/r0_205.jpg,pear_1,train
Images/Validation/pear_1/r0_209.jpg,pear_1,train
Images/Validation/pear_1/r0_21.jpg,pear_1,train
Images/Validation/pear_1/r0_213.jpg,pear_1,train
Images/Validation/pear_1/r0_217.jpg,pear_1,train
Images/Validation/pear_1/r0_221.jpg,pear_1,train
Images/Validation/pear_1/r0_225.jpg,pear_1,train
Images/Validation/pear_1/r0_229.jpg,pear_1,val
Images/Validation/pear_1/r0_233.jpg,pear_1,val
Images/Validation/pear_1/r0_237.jpg,pear_1,val
Images/Validation/pear_1/r0_241.jpg,pear_1,val
Images/Validation/pear_1/r0_245.jpg,pear_1,val
Images/Validation/pear_1/r0_249.jpg,pear_1,val
Images/Validation/pear_1/r0_25.jpg,pear_1,train
Images/Validation/pear_1/r0_253.jpg,pear_1,val
Images/Validation/pear_1/r0_257.jpg,pear_1,val
Images/Validation/pear_1/r0_261.jpg,pear_1,val
Images/Validation/pear_1/r0_265.jpg,pear_1,val
Images/Validation/pear_1/r0_269.jpg,pear_1,val
Images/Validation/pear_1/r0_273.jpg,pear_1,val
Images/Validation/pear_1/r0_277.jpg,pear_1,test
Images/Validation/pear_1/r0_281.jpg,pear_1,test
Images/Validation/pear_1/r0_285.jpg,pear_1,test
Images/Validation/pear_1/r0_289.jpg,pear_1,test
Images/Validation/pear_1/r0_29.jpg,pear_1,train
Images/Validation/pear_1/r0_293.jpg,pear_1,test
Images/Validation/pear_1/r0_297.jpg,pear_1,test
Images/Validation/pear_1/r0_301.jpg,pear_1,test
Images/Validation/pear_1/r0_305.jpg,pear_1,test
Images/Validation/pear_1/r0_309.jpg,pear_1,test
Images/Validation/pear_1/r0_313.jpg,pear_1,test
Images/Validation/pear_1/r0_317.jpg,pear_1,test
Images/Validation/pear_1/r0_321.jpg,pear_1,test
Images/Validation/pear_1/r0_33.jpg,pear_1,train
Images/Validation/pear_1/r0_37.jpg,pear_1,train
Images/Validation/pear_1/r0_41.jpg,pear_1,train
Images/Validation/pear_1/r0_45.jpg,pear_1,train
Images/Validation/pear_1/r0_49.jpg,pear_1,train
Images/Validation/pear_1/r0_5.jpg,pear_1,train
Images/Validation/pear_1/r0_53.jpg,pear_1,train
Images/Validation/pear_1/r0_57.jpg,pear_1,train
Images/Validation/pear_1/r0_61.jpg,pear_1,train
Images/Validation/pear_1/r0_65.jpg,pear_1,train
Images/Validation/pear_1/r0_69.jpg,pear_1,train
Images/Validation/pear_1/r0_73.jpg,pear_1,train
Images/Validation/pear_1/r0_77.jpg,pear_1,train
Images/Validation/pear_1/r0_81.jpg,pear_1,train
Images/Validation/pear_1/r0_85.jpg,pear_1,train
Images/Validation/pear_1/r0_89.jpg,pear_1,train
Images/Validation/pear_1/r0_9.jpg,pear_1,train
Images/Validation/pear_1/r0_93.jpg,pear_1,train
Images/Validation/pear_1/r0_97.jpg,pear_1,train
Images/Validation/pear_1/r1_1.jpg,pear_1,train
Images/Validation/pear_1/r1_101.jpg,pear_1,train
Images/Validation/pear_1/r1_105.jpg,pear_1,train
Images/Validation/pear_1/r1_109.jpg,pear_1,train
Images/Validation/pear_1/r1_113.jpg,pear_1,train
Images/Validation/pear_1/r1_117.jpg,pear_1,train
Images/Validation/pear_1/r1_121.jpg,pear_1,train
Images/Validation/pear_1/r1_125.jpg,pear_1,train
Images/Validation/pear_1/r1_129.jpg,pear_1,train
Images/Validation/pear_1/r1_13.jpg,pear_1,train
Images/Validation/pear_1/r1_133.jpg,pear_1,train
Images/Validation/pear_1/r1_137.jpg,pear_1,train
Images/Validation/pear_1/r1_141.jpg,pear_1,train
Images/Validation/pear_1/r1_145.jpg,pear_1,train
Images/Validation/pear_1/r1_149.jpg,pear_1,train
Images/Validation/pear_1/r1_153.jpg,pear_1,train
Images/Validation/pear_1/r1_157.jpg,pear_1,train
Images/Validation/pear_1/r1_161.jpg,pear_1,train
Images/Validation/pear_1/r1_165.jpg,pear_1,train
Images/Validation/pear_1/r1_169.jpg,pear_1,train
Images/Validation/pear_1/r1_17.jpg,pear_1,train
Images/Validation/pear_1/r1_173.jpg,pear_1,train
Images/Validation/pear_1/r1_177.jpg,pear_1,train
Images/Validation/pear_1/r1_181.jpg,pear_1,train
Images/Validation/pear_1/r1_185.jpg,pear_1,train
Images/Validation/pear_1/r1_189.jpg,pear_1,train
Images/Validation/pear_1/r1_193.jpg,pear_1,train
Images/Validation/pear_1/r1_197.jpg,pear_1,train
Images/Validation/pear_1/r1_201.jpg,pear_1,train
Images/Validation/pear_1/r1_205.jpg,pear_1,train
Images/Validation/pear_1/r1_209.jpg,pear_1,train
Images/Validation/pear_1/r1_21.jpg,pear_1,train
Images/Validation/pear_1/r1_213.jpg,pear_1,train
Images/Validation/pear_1/r1_217.jpg,pear_1,train
Images/Validation/pear_1/r1_221.jpg,pear_1,train
Images/Validation/pear_1/r1_225.jpg,pear_1,train
Images/Validation/pear_1/r1_229.jpg,pear_1,val
Images/Validation/pear_1/r1_233.jpg,pear_1,val
Images/Validation/pear_1/r1_237.jpg,pear_1,val
Images/Validation/pear_1/r1_241.jpg,pear_1,val
Images/Validation/pear_1/r1_245.jpg,pear_1,val
Images/Validation/pear_1/r1_249.jpg,pear_1,val
Images/Validation/pear_1/r1_25.jpg,pear_1,train
Images/Validation/pear_1/r1_253.jpg,pear_1,val
Images/Validation/pear_1/r1_257.jpg,pear_1,val
Images/Validation/pear_1/r1_261.jpg,pear_1,val
Images/Validation/pear_1/r1_265.jpg,pear_1,val
Images/Validation/pear_1/r1_269.jpg,pear_1,val
Images/Validation/pear_1/r1_273.jpg,pear_1,val
Images/Validation/pear_1/r1_277.jpg,pear_1,test
Images/Validation/pear_1/r1_281.jpg,pear_1,test
Images/Validation/pear_1/r1_285.jpg,pear_1,test
Images/Validation/pear_1/r1_289.jpg,pear_1,test
Images/Validation/pear_1/r1_29.jpg,pear_1,train
Images/Validation/pear_1/r1_293.jpg,pear_1,test
Images/Validation/pear_1/r1_297.jpg,pear_1,test
Images/Validation/pear_1/r1_301.jpg,pear_1,test
Images/Validation/pear_1/r1_305.jpg,pear_1,test
Images/Validation/pear_1/r1_309.jpg,pear_1,test
Images/Validation/pear_1/r1_313.jpg,pear_1,test
Images/Validation/pear_1/r1_317.jpg,pear_1,test
Images/Validation/pear_1/r1_321.jpg,pear_1,test
Images/Validation/pear_1/r1_33.jpg,pear_1,train
Images/Validation/pear_1/r1_37.jpg,pear_1,train
Images/Validation/pear_1/r1_41.jpg,pear_1,train
Images/Validation/pear_1/r1_45.jpg,pear_1,train
Images/Validation/pear_1/r1_49.jpg,pear_1,train
Images/Validation/pear_1/r1_5.jpg,pear_1,train
Images/Validation/pear_1/r1_53.jpg,pear_1,train
Images/Validation/pear_1/r1_57.jpg,pear_1,train
Images/Validation/pear_1/r1_61.jpg,pear_1,train
Images/Validation/pear_1/r1_65.jpg,pear_1,train
Images/Validation/pear_1/r1_69.jpg,pear_1,train
Images/Validation/pear_1/r1_73.jpg,pear_1,train
Images/Validation/pear_1/r1_77.jpg,pear_1,train
Images/Validation/pear_1/r1_81.jpg,pear_1,train
Images/Validation/pear_1/r1_85.jpg,pear_1,train
Images/Validation/pear_1/r1_89.jpg,pear_1,train
Images/Validation/pear_1/r1_9.jpg,pear_1,train
Images/Validation/pear_1/r1_93.jpg,pear_1,train
Images/Validation/pear_1/r1_97.jpg,pear_1,train
Images/Validation/pear_3/r0_1.jpg,pear_3,train
Images/Validation/pear_3/r0_101.jpg,pear_3,train
Images/Validation/pear_3/r0_105.jpg,pear_3,train
Images/Validation/pear_3/r0_109.jpg,pear_3,train
Images/Validation/pear_3/r0_113.jpg,pear_3,train
Images/Validation/pear_3/r0_117.jpg,pear_3,train
Images/Validation/pear_3/r0_121.jpg,pear_3,train
Images/Validation/pear_3/r0_125.jpg,pear_3,train
Images/Validation/pear_3/r0_129.jpg,pear_3,train
Images/Validation/pear_3/r0_13.jpg,pear_3,train
Images/Validation/pear_3/r0_133.jpg,pear_3,train
Images/Validation/pear_3/r0_137.jpg,pear_3,train
Images/Validation/pear_3/r0_141.jpg,pear_3,train
Images/Validation/pear_3/r0_145.jpg,pear_3,train
Images/Validation/pear_3/r0_149.jpg,pear_3,train
Images/Validation/pear_3/r0_153.jpg,pear_3,train
Images/Validation/pear_3/r0_17.jpg,pear_3,train
Images/Validation/pear_3/r0_197.jpg,pear_3,train
Images/Validation/pear_3/r0_201.jpg,pear_3,train
Images/Validation/pear_3/r0_205.jpg,pear_3,train
Images/Validation/pear_3/r0_209.jpg,pear_3,train
Images/Validation/pear_3/r0_21.jpg,pear_3,train
Images/Validation/pear_3/r0_213.jpg,pear_3,train
Images/Validation/pear_3/r0_217.jpg,pear_3,train
Images/Validation/pear_3/r0_221.jpg,pear_3,train
Images/Validation/pear_3/r0_225.jpg,pear_3,train
Images/Validation/pear_3/r0_229.jpg,pear_3,train
Images/Validation/pear_3/r0_233.jpg,pear_3,train
Images/Validation/pear_3/r0_237.jpg,pear_3,train
Images/Validation/pear_3/r0_241.jpg,pear_3,val
Images/Validation/pear_3/r0_245.jpg,pear_3,val
Images/Validation/pear_3/r0_249.jpg,pear_3,val
Images/Validation/pear_3/r0_25.jpg,pear_3,train
Images/Validation/pear_3/r0_253.jpg,pear_3,val
Images/Validation/pear_3/r0_257.jpg,pear_3,val
Images/Validation/pear_3/r0_261.jpg,pear_3,val
Images/Validation/pear_3/r0_265.jpg,pear_3,val
Images/Validation/pear_3/r0_269.jpg,pear_3,val
Images/Validation/pear_3/r0_273.jpg,pear_3,val
Images/Validation/pear_3/r0_277.jpg,pear_3,val
Images/Validation/pear_3/r0_281.jpg,pear_3,val
Images/Validation/pear_3/r0_285.jpg,pear_3,test
Images/Validation/pear_3/r0_289.jpg,pear_3,test
Images/Validation/pear_3/r0_29.jpg,pear_3,train
Images/Validation/pear_3/r0_293.jpg,pear_3,test
Images/Validation/pear_3/r0_297.jpg,pear_3,test
Images/Validation/pear_3/r0_301.jpg,pear_3,test
Images/Validation/pear_3/r0_305.jpg,pear_3,test
Images/Validation/pear_3/r0_309.jpg,pear_3,test
Images/Validation/pear_3/r0_313.jpg,pear_3,test
Images/Validation/pear_3/r0_317.jpg,pear_3,test
Images/Validation/pear_3/r0_321.jpg,pear_3,test
Images/Validation/pear_3/r0_33.jpg,pear_3,train
Images/Validation/pear_3/r0_37.jpg,pear_3,train
Images/Validation/pear_3/r0_41.jpg,pear_3,train
Images/Validation/pear_3/r0_45.jpg,pear_3,train
Images/Validation/pear_3/r0_49.jpg,pear_3,train
Images/Validation/pear_3/r0_5.jpg,pear_3,train
Images/Validation/pear_3/r0_53.jpg,pear_3,train
Images/Validation/pear_3/r0_57.jpg,pear_3,train
Images/Validation/pear_3/r0_61.jpg,pear_3,train
Images/Validation/pear_3/r0_65.jpg,pear_3,train
Images/Validation/pear_3/r0_69.jpg,pear_3,train
Images/Validation/pear_3/r0_73.jpg,pear_3,train
Images/Validation/pear_3/r0_77.jpg,pear_3,train
Images/Validation/pear_3/r0_81.jpg,pear_3,train
Images/Validation/pear_3/r0_85.jpg,pear_3,train
Images/Validation/pear_3/r0_89.jpg,pear_3,train
Images/Validation/pear_3/r0_9.jpg,pear_3,train
Images/Validation/pear_3/r0_93.jpg,pear_3,train
Images/Validation/pear_3/r0_97.jpg,pear_3,train
Images/Validation/zucchini_1/r0_1.jpg,zucchini_1,train
Images/Validation/zucchini_1/r0_101.jpg,zucchini_1,train
Images/Validation/zucchini_1/r0_105.jpg,zucchini_1,train
Images/Validation/zucchini_1/r0_109.jpg,zucchini_1,train
Images/Validation/zucchini_1/r0_113.jpg,zucchini_1,train
Images/Validation/zucchini_1/r0_117.jpg,zucchini_1,train
Images/Validation/zucchini_1/r0_121.jpg,zucchini_1,train
Images/Validation/zucchini_1/r0_125.jpg,zucchini_1,train
Images/Validation/zucchini_1/r0_129.jpg,zucchini_1,train
Images/Validation/zucchini_1/r0_13.jpg,zucchini_1,train
Images/Validation/zucchini_1/r0_133.jpg,zucchini_1,train
Images/Validation/zucchini_1/r0_137.jpg,zucchini_1,train
Images/Validation/zucchini_1/r0_141.jpg,zucchini_1,train
Images/Validation/zucchini_1/r0_145.jpg,zucchini_1,train
Images/Validation/zucchini_1/r0_149.jpg,zucchini_1,train
Images/Validation/zucchini_1/r0_153.jpg,zucchini_1,train
Images/Validation/zucchini_1/r0_157.jpg,zucchini_1,train
Images/Validation/zucchini_1/r0_161.jpg,zucchini_1,train
Images/Validation/zucchini_1/r0_165.jpg,zucchini_1,train
Images/Validation/zucchini_1/r0_169.jpg,zucchini_1,train
Images/Validation/zucchini_1/r0_17.jpg,zucchini_1,train
Images/Validation/zucchini_1/r0_173.jpg,zucchini_1,train
Images/Validation/zucchini_1/r0_177.jpg,zucchini_1,train
Images/Validation/zucchini_1/r0_181.jpg,zucchini_1,train
Images/Validation/zucchini_1/r0_185.jpg,zucchini_1,train
Images/Validation/zucchini_1/r0_189.jpg,zucchini_1,train
Images/Validation/zucchini_1/r0_193.jpg,zucchini_1,train
Images/Validation/zucchini_1/r0_197.jpg,zucchini_1,train
Images/Validation/zucchini_1/r0_201.jpg,zucchini_1,train
Images/Validation/zucchini_1/r0_205.jpg,zucchini_1,train
Images/Validation/zucchini_1/r0_209.jpg,zucchini_1,train
Images/Validation/zucchini_1/r0_21.jpg,zucchini_1,train
Images/Validation/zucchini_1/r0_213.jpg,zucchini_1,train
Images/Validation/zucchini_1/r0_217.jpg,zucchini_1,train
Images/Validation/zucchini_1/r0_221.jpg,zucchini_1,train
Images/Validation/zucchini_1/r0_225.jpg,zucchini_1,val
Images/Validation/zucchini_1/r0_229.jpg,zucchini_1,val
Images/Validation/zucchini_1/r0_233.jpg,zucchini_1,val
Images/Validation/zucchini_1/r0_237.jpg,zucchini_1,val
Images/Validation/zucchini_1/r0_241.jpg,zucchini_1,val
Images/Validation/zucchini_1/r0_245.jpg,zucchini_1,val
Images/Validation/zucchini_1/r0_249.jpg,zucchini_1,val
Images/Validation/zucchini_1/r0_25.jpg,zucchini_1,train
Images/Validation/zucchini_1/r0_253.jpg,zucchini_1,val
Images/Validation/zucchini_1/r0_257.jpg,zucchini_1,val
Images/Validation/zucchini_1/r0_261.jpg,zucchini_1,val
Images/Validation/zucchini_1/r0_265.jpg,zucchini_1,val
Images/Validation/zucchini_1/r0_269.jpg,zucchini_1,val
Images/Validation/zucchini_1/r0_273.jpg,zucchini_1,test
Images/Validation/zucchini_1/r0_277.jpg,zucchini_1,test
Images/Validation/zucchini_1/r0_281.jpg,zucchini_1,test
Images/Validation/zucchini_1/r0_285.jpg,zucchini_1,test
Images/Validation/zucchini_1/r0_289.jpg,zucchini_1,test
Images/Validation/zucchini_1/r0_29.jpg,zucchini_1,train
Images/Validation/zucchini_1/r0_293.jpg,zucchini_1,test
Images/Validation/zucchini_1/r0_297.jpg,zucchini_1,test
Images/Validation/zucchini_1/r0_301.jpg,zucchini_1,test
Images/Validation/zucchini_1/r0_305.jpg,zucchini_1,test
Images/Validation/zucchini_1/r0_309.jpg,zucchini_1,test
Images/Validation/zucchini_1/r0_313.jpg,zucchini_1,test
Images/Validation/zucchini_1/r0_317.jpg,zucchini_1,test
Images/Validation/zucchini_1/r0_33.jpg,zucchini_1,train
Images/Validation/zucchini_1/r0_37.jpg,zucchini_1,train
Images/Validation/zucchini_1/r0_41.jpg,zucchini_1,train
Images/Validation/zucchini_1/r0_45.jpg,zucchini_1,train
Images/Validation/zucchini_1/r0_49.jpg,zucchini_1,train
Images/Validation/zucchini_1/r0_5.jpg,zucchini_1,train
Images/Validation/zucchini_1/r0_53.jpg,zucchini_1,train
Images/Validation/zucchini_1/r0_57.jpg,zucchini_1,train
Images/Validation/zucchini_1/r0_61.jpg,zucchini_1,train
Images/Validation/zucchini_1/r0_65.jpg,zucchini_1,train
Images/Validation/zucchini_1/r0_69.jpg,zucchini_1,train
Images/Validation/zucchini_1/r0_73.jpg,zucchini_1,train
Images/Validation/zucchini_1/r0_77.jpg,zucchini_1,train
Images/Validation/zucchini_1/r0_81.jpg,zucchini_1,train
Images/Validation/zucchini_1/r0_85.jpg,zucchini_1,train
Images/Validation/zucchini_1/r0_89.jpg,zucchini_1,train
Images/Validation/zucchini_1/r0_9.jpg,zucchini_1,train
Images/Validation/zucchini_1/r0_93.jpg,zucchini_1,train
Images/Validation/zucchini_1/r0_97.jpg,zucchini_1,train
Images/Validation/zucchini_dark_1/r0_1.jpg,zucchini_dark_1,train
Images/Validation/zucchini_dark_1/r0_101.jpg,zucchini_dark_1,train
Images/Validation/zucchini_dark_1/r0_105.jpg,zucchini_dark_1,train
Images/Validation/zucchini_dark_1/r0_109.jpg,zucchini_dark_1,train
Images/Validation/zucchini_dark_1/r0_113.jpg,zucchini_dark_1,train
Images/Validation/zucchini_dark_1/r0_117.jpg,zucchini_dark_1,train
Images/Validation/zucchini_dark_1/r0_121.jpg,zucchini_dark_1,train
Images/Validation/zucchini_dark_1/r0_125.jpg,zucchini_dark_1,train
Images/Validation/zucchini_dark_1/r0_129.jpg,zucchini_dark_1,train
Images/Validation/zucchini_dark_1/r0_13.jpg,zucchini_dark_1,train
Images/Validation/zucchini_dark_1/r0_133.jpg,zucchini_dark_1,train
Images/Validation/zucchini_dark_1/r0_137.jpg,zucchini_dark_1,train
Images/Validation/zucchini_dark_1/r0_141.jpg,zucchini_dark_1,train
Images/Validation/zucchini_dark_1/r0_145.jpg,zucchini_dark_1,train
Images/Validation/zucchini_dark_1/r0_149.jpg,zucchini_dark_1,train
Images/Validation/zucchini_dark_1/r0_153.jpg,zucchini_dark_1,train
Images/Validation/zucchini_dark_1/r0_157.jpg,zucchini_dark_1,train
Images/Validation/zucchini_dark_1/r0_161.jpg,zucchini_dark_1,train
Images/Validation/zucchini_dark_1/r0_165.jpg,zucchini_dark_1,train
Images/Validation/zucchini_dark_1/r0_169.jpg,zucchini_dark_1,train
Images/Validation/zucchini_dark_1/r0_17.jpg,zucchini_dark_1,train
Images/Validation/zucchini_dark_1/r0_173.jpg,zucchini_dark_1,train
Images/Validation/zucchini_dark_1/r0_177.jpg,zucchini_dark_1,train
Images/Validation/zucchini_dark_1/r0_181.jpg,zucchini_dark_1,train
Images/Validation/zucchini_dark_1/r0_185.jpg,zucchini_dark_1,train
Images/Validation/zucchini_dark_1/r0_189.jpg,zucchini_dark_1,train
Images/Validation/zucchini_dark_1/r0_193.jpg,zucchini_dark_1,train
Images/Validation/zucchini_dark_1/r0_197.jpg,zucchini_dark_1,train
Images/Validation/zucchini_dark_1/r0_201.jpg,zucchini_dark_1,train
Images/Validation/zucchini_dark_1/r0_205.jpg,zucchini_dark_1,train
Images/Validation/zucchini_dark_1/r0_209.jpg,zucchini_dark_1,train
Images/Validation/zucchini_dark_1/r0_21.jpg,zucchini_dark_1,train
Images/Validation/zucchini_dark_1/r0_213.jpg,zucchini_dark_1,train
Images/Validation/zucchini_dark_1/r0_217.jpg,zucchini_dark_1,train
Images/Validation/zucchini_dark_1/r0_221.jpg,zucchini_dark_1,train
Images/Validation/zucchini_dark_1/r0_225.jpg,zucchini_dark_1,val
Images/Validation/zucchini_dark_1/r0_229.jpg,zucchini_dark_1,val
Images/Validation/zucchini_dark_1/r0_233.jpg,zucchini_dark_1,val
Images/Validation/zucchini_dark_1/r0_237.jpg,zucchini_dark_1,val
Images/Validation/zucchini_dark_1/r0_241.jpg,zucchini_dark_1,val
Images/Validation/zucchini_dark_1/r0_245.jpg,zucchini_dark_1,val
Images/Validation/zucchini_dark_1/r0_249.jpg,zucchini_dark_1,val
Images/Validation/zucchini_dark_1/r0_25.jpg,zucchini_dark_1,train
Images/Validation/zucchini_dark_1/r0_253.jpg,zucchini_dark_1,val
Images/Validation/zucchini_dark_1/r0_257.jpg,zucchini_dark_1,val
Images/Validation/zucchini_dark_1/r0_261.jpg,zucchini_dark_1,val
Images/Validation/zucchini_dark_1/r0_265.jpg,zucchini_dark_1,val
Images/Validation/zucchini_dark_1/r0_269.jpg,zucchini_dark_1,val
Images/Validation/zucchini_dark_1/r0_273.jpg,zucchini_dark_1,test
Images/Validation/zucchini_dark_1/r0_277.jpg,zucchini_dark_1,test
Images/Validation/zucchini_dark_1/r0_281.jpg,zucchini_dark_1,test
Images/Validation/zucchini_dark_1/r0_285.jpg,zucchini_dark_1,test
Images/Validation/zucchini_dark_1/r0_289.jpg,zucchini_dark_1,test
Images/Validation/zucchini_dark_1/r0_29.jpg,zucchini_dark_1,train
Images/Validation/zucchini_dark_1/r0_293.jpg,zucchini_dark_1,test
Images/Validation/zucchini_dark_1/r0_297.jpg,zucchini_dark_1,test
Images/Validation/zucchini_dark_1/r0_301.jpg,zucchini_dark_1,test
Images/Validation/zucchini_dark_1/r0_305.jpg,zucchini_dark_1,test
Images/Validation/zucchini_dark_1/r0_309.jpg,zucchini_dark_1,test
Images/Validation/zucchini_dark_1/r0_313.jpg,zucchini_dark_1,test
Images/Validation/zucchini_dark_1/r0_317.jpg,zucchini_dark_1,test
Images/Validation/zucchini_dark_1/r0_33.jpg,zucchini_dark_1,train
Images/Validation/zucchini_dark_1/r0_37.jpg,zucchini_dark_1,train
Images/Validation/zucchini_dark_1/r0_41.jpg,zucchini_dark_1,train
Images/Validation/zucchini_dark_1/r0_45.jpg,zucchini_dark_1,train
Images/Validation/zucchini_dark_1/r0_49.jpg,zucchini_dark_1,train
Images/Validation/zucchini_dark_1/r0_5.jpg,zucchini_dark_1,train
Images/Validation/zucchini_dark_1/r0_53.jpg,zucchini_dark_1,train
Images/Validation/zucchini_dark_1/r0_57.jpg,zucchini_dark_1,train
Images/Validation/zucchini_dark_1/r0_61.jpg,zucchini_dark_1,train
Images/Validation/zucchini_dark_1/r0_65.jpg,zucchini_dark_1,train
Images/Validation/zucchini_dark_1/r0_69.jpg,zucchini_dark_1,train
Images/Validation/zucchini_dark_1/r0_73.jpg,zucchini_dark_1,train
Images/Validation/zucchini_dark_1/r0_77.jpg,zucchini_dark_1,train
Images/Validation/zucchini_dark_1/r0_81.jpg,zucchini_dark_1,train
Images/Validation/zucchini_dark_1/r0_85.jpg,zucchini_dark_1,train
Images/Validation/zucchini_dark_1/r0_89.jpg,zucchini_dark_1,train
Images/Validation/zucchini_dark_1/r0_9.jpg,zucchini_dark_1,train
Images/Validation/zucchini_dark_1/r0_93.jpg,zucchini_dark_1,train
Images/Validation/zucchini_dark_1/r0_97.jpg,zucchini_dark_1,train
